intelligence,x,y,dx,dy,targetX,targetY
100,32,32,-8,-8,40,40
100,32,32,-8,-1,40,33
100,32,32,-8,0,40,32
100,32,32,-8,1,40,33
100,32,32,-8,8,40,40
100,32,32,-1,-8,33,40
100,32,32,-1,-1,33,33
100,32,32,-1,0,33,32
100,32,32,-1,1,33,33
100,32,32,-1,8,33,40
100,32,32,0,-8,32,40
100,32,32,0,-1,32,33
100,32,32,0,0,32,32
100,32,32,0,1,32,33
100,32,32,0,8,32,40
100,32,32,1,-8,33,40
100,32,32,1,-1,33,33
100,32,32,1,0,33,32
100,32,32,1,1,33,33
100,32,32,1,8,33,40
100,32,32,8,-8,40,40
100,32,32,8,-1,40,33
100,32,32,8,0,40,32
100,32,32,8,1,40,33
100,32,32,8,8,40,40
100,32,33,-8,-8,40,39
100,32,33,-8,-1,40,32
100,32,33,-8,0,40,33
100,32,33,-8,1,40,34
100,32,33,-8,8,40,41
100,32,33,-1,-8,33,39
100,32,33,-1,-1,33,32
100,32,33,-1,0,33,33
100,32,33,-1,1,33,34
100,32,33,-1,8,33,41
100,32,33,0,-8,32,39
100,32,33,0,-1,32,32
100,32,33,0,0,32,33
100,32,33,0,1,32,34
100,32,33,0,8,32,41
100,32,33,1,-8,33,39
100,32,33,1,-1,33,32
100,32,33,1,0,33,33
100,32,33,1,1,33,34
100,32,33,1,8,33,41
100,32,33,8,-8,40,39
100,32,33,8,-1,40,32
100,32,33,8,0,40,33
100,32,33,8,1,40,34
100,32,33,8,8,40,41
100,32,64,-8,-8,40,56
100,32,64,-8,-1,40,63
100,32,64,-8,0,40,64
100,32,64,-8,1,40,65
100,32,64,-8,8,40,72
100,32,64,-1,-8,33,56
100,32,64,-1,-1,33,63
100,32,64,-1,0,33,64
100,32,64,-1,1,33,65
100,32,64,-1,8,33,72
100,32,64,0,-8,32,56
100,32,64,0,-1,32,63
100,32,64,0,0,32,64
100,32,64,0,1,32,65
100,32,64,0,8,32,72
100,32,64,1,-8,33,56
100,32,64,1,-1,33,63
100,32,64,1,0,33,64
100,32,64,1,1,33,65
100,32,64,1,8,33,72
100,32,64,8,-8,40,56
100,32,64,8,-1,40,63
100,32,64,8,0,40,64
100,32,64,8,1,40,65
100,32,64,8,8,40,72
100,32,576,-8,-8,40,568
100,32,576,-8,-1,40,575
100,32,576,-8,0,40,576
100,32,576,-8,1,40,577
100,32,576,-8,8,40,584
100,32,576,-1,-8,33,568
100,32,576,-1,-1,33,575
100,32,576,-1,0,33,576
100,32,576,-1,1,33,577
100,32,576,-1,8,33,584
100,32,576,0,-8,32,568
100,32,576,0,-1,32,575
100,32,576,0,0,32,576
100,32,576,0,1,32,577
100,32,576,0,8,32,584
100,32,576,1,-8,33,568
100,32,576,1,-1,33,575
100,32,576,1,0,33,576
100,32,576,1,1,33,577
100,32,576,1,8,33,584
100,32,576,8,-8,40,568
100,32,576,8,-1,40,575
100,32,576,8,0,40,576
100,32,576,8,1,40,577
100,32,576,8,8,40,584
100,32,1088,-8,-8,40,1080
100,32,1088,-8,-1,40,1087
100,32,1088,-8,0,40,1088
100,32,1088,-8,1,40,1089
100,32,1088,-8,8,40,1096
100,32,1088,-1,-8,33,1080
100,32,1088,-1,-1,33,1087
100,32,1088,-1,0,33,1088
100,32,1088,-1,1,33,1089
100,32,1088,-1,8,33,1096
100,32,1088,0,-8,32,1080
100,32,1088,0,-1,32,1087
100,32,1088,0,0,32,1088
100,32,1088,0,1,32,1089
100,32,1088,0,8,32,1096
100,32,1088,1,-8,33,1080
100,32,1088,1,-1,33,1087
100,32,1088,1,0,33,1088
100,32,1088,1,1,33,1089
100,32,1088,1,8,33,1096
100,32,1088,8,-8,40,1080
100,32,1088,8,-1,40,1087
100,32,1088,8,0,40,1088
100,32,1088,8,1,40,1089
100,32,1088,8,8,40,1096
100,32,1119,-8,-8,40,1111
100,32,1119,-8,-1,40,1118
100,32,1119,-8,0,40,1119
100,32,1119,-8,1,40,1120
100,32,1119,-8,8,40,1113
100,32,1119,-1,-8,33,1111
100,32,1119,-1,-1,33,1118
100,32,1119,-1,0,33,1119
100,32,1119,-1,1,33,1120
100,32,1119,-1,8,33,1113
100,32,1119,0,-8,32,1111
100,32,1119,0,-1,32,1118
100,32,1119,0,0,32,1119
100,32,1119,0,1,32,1120
100,32,1119,0,8,32,1113
100,32,1119,1,-8,33,1111
100,32,1119,1,-1,33,1118
100,32,1119,1,0,33,1119
100,32,1119,1,1,33,1120
100,32,1119,1,8,33,1113
100,32,1119,8,-8,40,1111
100,32,1119,8,-1,40,1118
100,32,1119,8,0,40,1119
100,32,1119,8,1,40,1120
100,32,1119,8,8,40,1113
100,32,1120,-8,-8,40,1112
100,32,1120,-8,-1,40,1119
100,32,1120,-8,0,40,1120
100,32,1120,-8,1,40,1119
100,32,1120,-8,8,40,1112
100,32,1120,-1,-8,33,1112
100,32,1120,-1,-1,33,1119
100,32,1120,-1,0,33,1120
100,32,1120,-1,1,33,1119
100,32,1120,-1,8,33,1112
100,32,1120,0,-8,32,1112
100,32,1120,0,-1,32,1119
100,32,1120,0,0,32,1120
100,32,1120,0,1,32,1119
100,32,1120,0,8,32,1112
100,32,1120,1,-8,33,1112
100,32,1120,1,-1,33,1119
100,32,1120,1,0,33,1120
100,32,1120,1,1,33,1119
100,32,1120,1,8,33,1112
100,32,1120,8,-8,40,1112
100,32,1120,8,-1,40,1119
100,32,1120,8,0,40,1120
100,32,1120,8,1,40,1119
100,32,1120,8,8,40,1112
100,33,32,-8,-8,39,40
100,33,32,-8,-1,39,33
100,33,32,-8,0,39,32
100,33,32,-8,1,39,33
100,33,32,-8,8,39,40
100,33,32,-1,-8,32,40
100,33,32,-1,-1,32,33
100,33,32,-1,0,32,32
100,33,32,-1,1,32,33
100,33,32,-1,8,32,40
100,33,32,0,-8,33,40
100,33,32,0,-1,33,33
100,33,32,0,0,33,32
100,33,32,0,1,33,33
100,33,32,0,8,33,40
100,33,32,1,-8,34,40
100,33,32,1,-1,34,33
100,33,32,1,0,34,32
100,33,32,1,1,34,33
100,33,32,1,8,34,40
100,33,32,8,-8,41,40
100,33,32,8,-1,41,33
100,33,32,8,0,41,32
100,33,32,8,1,41,33
100,33,32,8,8,41,40
100,33,33,-8,-8,39,39
100,33,33,-8,-1,39,32
100,33,33,-8,0,39,33
100,33,33,-8,1,39,34
100,33,33,-8,8,39,41
100,33,33,-1,-8,32,39
100,33,33,-1,-1,32,32
100,33,33,-1,0,32,33
100,33,33,-1,1,32,34
100,33,33,-1,8,32,41
100,33,33,0,-8,33,39
100,33,33,0,-1,33,32
100,33,33,0,0,33,33
100,33,33,0,1,33,34
100,33,33,0,8,33,41
100,33,33,1,-8,34,39
100,33,33,1,-1,34,32
100,33,33,1,0,34,33
100,33,33,1,1,34,34
100,33,33,1,8,34,41
100,33,33,8,-8,41,39
100,33,33,8,-1,41,32
100,33,33,8,0,41,33
100,33,33,8,1,41,34
100,33,33,8,8,41,41
100,33,64,-8,-8,39,56
100,33,64,-8,-1,39,63
100,33,64,-8,0,39,64
100,33,64,-8,1,39,65
100,33,64,-8,8,39,72
100,33,64,-1,-8,32,56
100,33,64,-1,-1,32,63
100,33,64,-1,0,32,64
100,33,64,-1,1,32,65
100,33,64,-1,8,32,72
100,33,64,0,-8,33,56
100,33,64,0,-1,33,63
100,33,64,0,0,33,64
100,33,64,0,1,33,65
100,33,64,0,8,33,72
100,33,64,1,-8,34,56
100,33,64,1,-1,34,63
100,33,64,1,0,34,64
100,33,64,1,1,34,65
100,33,64,1,8,34,72
100,33,64,8,-8,41,56
100,33,64,8,-1,41,63
100,33,64,8,0,41,64
100,33,64,8,1,41,65
100,33,64,8,8,41,72
100,33,576,-8,-8,39,568
100,33,576,-8,-1,39,575
100,33,576,-8,0,39,576
100,33,576,-8,1,39,577
100,33,576,-8,8,39,584
100,33,576,-1,-8,32,568
100,33,576,-1,-1,32,575
100,33,576,-1,0,32,576
100,33,576,-1,1,32,577
100,33,576,-1,8,32,584
100,33,576,0,-8,33,568
100,33,576,0,-1,33,575
100,33,576,0,0,33,576
100,33,576,0,1,33,577
100,33,576,0,8,33,584
100,33,576,1,-8,34,568
100,33,576,1,-1,34,575
100,33,576,1,0,34,576
100,33,576,1,1,34,577
100,33,576,1,8,34,584
100,33,576,8,-8,41,568
100,33,576,8,-1,41,575
100,33,576,8,0,41,576
100,33,576,8,1,41,577
100,33,576,8,8,41,584
100,33,1088,-8,-8,39,1080
100,33,1088,-8,-1,39,1087
100,33,1088,-8,0,39,1088
100,33,1088,-8,1,39,1089
100,33,1088,-8,8,39,1096
100,33,1088,-1,-8,32,1080
100,33,1088,-1,-1,32,1087
100,33,1088,-1,0,32,1088
100,33,1088,-1,1,32,1089
100,33,1088,-1,8,32,1096
100,33,1088,0,-8,33,1080
100,33,1088,0,-1,33,1087
100,33,1088,0,0,33,1088
100,33,1088,0,1,33,1089
100,33,1088,0,8,33,1096
100,33,1088,1,-8,34,1080
100,33,1088,1,-1,34,1087
100,33,1088,1,0,34,1088
100,33,1088,1,1,34,1089
100,33,1088,1,8,34,1096
100,33,1088,8,-8,41,1080
100,33,1088,8,-1,41,1087
100,33,1088,8,0,41,1088
100,33,1088,8,1,41,1089
100,33,1088,8,8,41,1096
100,33,1119,-8,-8,39,1111
100,33,1119,-8,-1,39,1118
100,33,1119,-8,0,39,1119
100,33,1119,-8,1,39,1120
100,33,1119,-8,8,39,1113
100,33,1119,-1,-8,32,1111
100,33,1119,-1,-1,32,1118
100,33,1119,-1,0,32,1119
100,33,1119,-1,1,32,1120
100,33,1119,-1,8,32,1113
100,33,1119,0,-8,33,1111
100,33,1119,0,-1,33,1118
100,33,1119,0,0,33,1119
100,33,1119,0,1,33,1120
100,33,1119,0,8,33,1113
100,33,1119,1,-8,34,1111
100,33,1119,1,-1,34,1118
100,33,1119,1,0,34,1119
100,33,1119,1,1,34,1120
100,33,1119,1,8,34,1113
100,33,1119,8,-8,41,1111
100,33,1119,8,-1,41,1118
100,33,1119,8,0,41,1119
100,33,1119,8,1,41,1120
100,33,1119,8,8,41,1113
100,33,1120,-8,-8,39,1112
100,33,1120,-8,-1,39,1119
100,33,1120,-8,0,39,1120
100,33,1120,-8,1,39,1119
100,33,1120,-8,8,39,1112
100,33,1120,-1,-8,32,1112
100,33,1120,-1,-1,32,1119
100,33,1120,-1,0,32,1120
100,33,1120,-1,1,32,1119
100,33,1120,-1,8,32,1112
100,33,1120,0,-8,33,1112
100,33,1120,0,-1,33,1119
100,33,1120,0,0,33,1120
100,33,1120,0,1,33,1119
100,33,1120,0,8,33,1112
100,33,1120,1,-8,34,1112
100,33,1120,1,-1,34,1119
100,33,1120,1,0,34,1120
100,33,1120,1,1,34,1119
100,33,1120,1,8,34,1112
100,33,1120,8,-8,41,1112
100,33,1120,8,-1,41,1119
100,33,1120,8,0,41,1120
100,33,1120,8,1,41,1119
100,33,1120,8,8,41,1112
100,64,32,-8,-8,56,40
100,64,32,-8,-1,56,33
100,64,32,-8,0,56,32
100,64,32,-8,1,56,33
100,64,32,-8,8,56,40
100,64,32,-1,-8,63,40
100,64,32,-1,-1,63,33
100,64,32,-1,0,63,32
100,64,32,-1,1,63,33
100,64,32,-1,8,63,40
100,64,32,0,-8,64,40
100,64,32,0,-1,64,33
100,64,32,0,0,64,32
100,64,32,0,1,64,33
100,64,32,0,8,64,40
100,64,32,1,-8,65,40
100,64,32,1,-1,65,33
100,64,32,1,0,65,32
100,64,32,1,1,65,33
100,64,32,1,8,65,40
100,64,32,8,-8,72,40
100,64,32,8,-1,72,33
100,64,32,8,0,72,32
100,64,32,8,1,72,33
100,64,32,8,8,72,40
100,64,33,-8,-8,56,39
100,64,33,-8,-1,56,32
100,64,33,-8,0,56,33
100,64,33,-8,1,56,34
100,64,33,-8,8,56,41
100,64,33,-1,-8,63,39
100,64,33,-1,-1,63,32
100,64,33,-1,0,63,33
100,64,33,-1,1,63,34
100,64,33,-1,8,63,41
100,64,33,0,-8,64,39
100,64,33,0,-1,64,32
100,64,33,0,0,64,33
100,64,33,0,1,64,34
100,64,33,0,8,64,41
100,64,33,1,-8,65,39
100,64,33,1,-1,65,32
100,64,33,1,0,65,33
100,64,33,1,1,65,34
100,64,33,1,8,65,41
100,64,33,8,-8,72,39
100,64,33,8,-1,72,32
100,64,33,8,0,72,33
100,64,33,8,1,72,34
100,64,33,8,8,72,41
100,64,64,-8,-8,56,56
100,64,64,-8,-1,56,63
100,64,64,-8,0,56,64
100,64,64,-8,1,56,65
100,64,64,-8,8,56,72
100,64,64,-1,-8,63,56
100,64,64,-1,-1,63,63
100,64,64,-1,0,63,64
100,64,64,-1,1,63,65
100,64,64,-1,8,63,72
100,64,64,0,-8,64,56
100,64,64,0,-1,64,63
100,64,64,0,0,64,64
100,64,64,0,1,64,65
100,64,64,0,8,64,72
100,64,64,1,-8,65,56
100,64,64,1,-1,65,63
100,64,64,1,0,65,64
100,64,64,1,1,65,65
100,64,64,1,8,65,72
100,64,64,8,-8,72,56
100,64,64,8,-1,72,63
100,64,64,8,0,72,64
100,64,64,8,1,72,65
100,64,64,8,8,72,72
100,64,576,-8,-8,56,568
100,64,576,-8,-1,56,575
100,64,576,-8,0,56,576
100,64,576,-8,1,56,577
100,64,576,-8,8,56,584
100,64,576,-1,-8,63,568
100,64,576,-1,-1,63,575
100,64,576,-1,0,63,576
100,64,576,-1,1,63,577
100,64,576,-1,8,63,584
100,64,576,0,-8,64,568
100,64,576,0,-1,64,575
100,64,576,0,0,64,576
100,64,576,0,1,64,577
100,64,576,0,8,64,584
100,64,576,1,-8,65,568
100,64,576,1,-1,65,575
100,64,576,1,0,65,576
100,64,576,1,1,65,577
100,64,576,1,8,65,584
100,64,576,8,-8,72,568
100,64,576,8,-1,72,575
100,64,576,8,0,72,576
100,64,576,8,1,72,577
100,64,576,8,8,72,584
100,64,1088,-8,-8,56,1080
100,64,1088,-8,-1,56,1087
100,64,1088,-8,0,56,1088
100,64,1088,-8,1,56,1089
100,64,1088,-8,8,56,1096
100,64,1088,-1,-8,63,1080
100,64,1088,-1,-1,63,1087
100,64,1088,-1,0,63,1088
100,64,1088,-1,1,63,1089
100,64,1088,-1,8,63,1096
100,64,1088,0,-8,64,1080
100,64,1088,0,-1,64,1087
100,64,1088,0,0,64,1088
100,64,1088,0,1,64,1089
100,64,1088,0,8,64,1096
100,64,1088,1,-8,65,1080
100,64,1088,1,-1,65,1087
100,64,1088,1,0,65,1088
100,64,1088,1,1,65,1089
100,64,1088,1,8,65,1096
100,64,1088,8,-8,72,1080
100,64,1088,8,-1,72,1087
100,64,1088,8,0,72,1088
100,64,1088,8,1,72,1089
100,64,1088,8,8,72,1096
100,64,1119,-8,-8,56,1111
100,64,1119,-8,-1,56,1118
100,64,1119,-8,0,56,1119
100,64,1119,-8,1,56,1120
100,64,1119,-8,8,56,1113
100,64,1119,-1,-8,63,1111
100,64,1119,-1,-1,63,1118
100,64,1119,-1,0,63,1119
100,64,1119,-1,1,63,1120
100,64,1119,-1,8,63,1113
100,64,1119,0,-8,64,1111
100,64,1119,0,-1,64,1118
100,64,1119,0,0,64,1119
100,64,1119,0,1,64,1120
100,64,1119,0,8,64,1113
100,64,1119,1,-8,65,1111
100,64,1119,1,-1,65,1118
100,64,1119,1,0,65,1119
100,64,1119,1,1,65,1120
100,64,1119,1,8,65,1113
100,64,1119,8,-8,72,1111
100,64,1119,8,-1,72,1118
100,64,1119,8,0,72,1119
100,64,1119,8,1,72,1120
100,64,1119,8,8,72,1113
100,64,1120,-8,-8,56,1112
100,64,1120,-8,-1,56,1119
100,64,1120,-8,0,56,1120
100,64,1120,-8,1,56,1119
100,64,1120,-8,8,56,1112
100,64,1120,-1,-8,63,1112
100,64,1120,-1,-1,63,1119
100,64,1120,-1,0,63,1120
100,64,1120,-1,1,63,1119
100,64,1120,-1,8,63,1112
100,64,1120,0,-8,64,1112
100,64,1120,0,-1,64,1119
100,64,1120,0,0,64,1120
100,64,1120,0,1,64,1119
100,64,1120,0,8,64,1112
100,64,1120,1,-8,65,1112
100,64,1120,1,-1,65,1119
100,64,1120,1,0,65,1120
100,64,1120,1,1,65,1119
100,64,1120,1,8,65,1112
100,64,1120,8,-8,72,1112
100,64,1120,8,-1,72,1119
100,64,1120,8,0,72,1120
100,64,1120,8,1,72,1119
100,64,1120,8,8,72,1112
100,320,32,-8,-8,312,40
100,320,32,-8,-1,312,33
100,320,32,-8,0,312,32
100,320,32,-8,1,312,33
100,320,32,-8,8,312,40
100,320,32,-1,-8,319,40
100,320,32,-1,-1,319,33
100,320,32,-1,0,319,32
100,320,32,-1,1,319,33
100,320,32,-1,8,319,40
100,320,32,0,-8,320,40
100,320,32,0,-1,320,33
100,320,32,0,0,320,32
100,320,32,0,1,320,33
100,320,32,0,8,320,40
100,320,32,1,-8,321,40
100,320,32,1,-1,321,33
100,320,32,1,0,321,32
100,320,32,1,1,321,33
100,320,32,1,8,321,40
100,320,32,8,-8,328,40
100,320,32,8,-1,328,33
100,320,32,8,0,328,32
100,320,32,8,1,328,33
100,320,32,8,8,328,40
100,320,33,-8,-8,312,39
100,320,33,-8,-1,312,32
100,320,33,-8,0,312,33
100,320,33,-8,1,312,34
100,320,33,-8,8,312,41
100,320,33,-1,-8,319,39
100,320,33,-1,-1,319,32
100,320,33,-1,0,319,33
100,320,33,-1,1,319,34
100,320,33,-1,8,319,41
100,320,33,0,-8,320,39
100,320,33,0,-1,320,32
100,320,33,0,0,320,33
100,320,33,0,1,320,34
100,320,33,0,8,320,41
100,320,33,1,-8,321,39
100,320,33,1,-1,321,32
100,320,33,1,0,321,33
100,320,33,1,1,321,34
100,320,33,1,8,321,41
100,320,33,8,-8,328,39
100,320,33,8,-1,328,32
100,320,33,8,0,328,33
100,320,33,8,1,328,34
100,320,33,8,8,328,41
100,320,64,-8,-8,312,56
100,320,64,-8,-1,312,63
100,320,64,-8,0,312,64
100,320,64,-8,1,312,65
100,320,64,-8,8,312,72
100,320,64,-1,-8,319,56
100,320,64,-1,-1,319,63
100,320,64,-1,0,319,64
100,320,64,-1,1,319,65
100,320,64,-1,8,319,72
100,320,64,0,-8,320,56
100,320,64,0,-1,320,63
100,320,64,0,0,320,64
100,320,64,0,1,320,65
100,320,64,0,8,320,72
100,320,64,1,-8,321,56
100,320,64,1,-1,321,63
100,320,64,1,0,321,64
100,320,64,1,1,321,65
100,320,64,1,8,321,72
100,320,64,8,-8,328,56
100,320,64,8,-1,328,63
100,320,64,8,0,328,64
100,320,64,8,1,328,65
100,320,64,8,8,328,72
100,320,576,-8,-8,312,568
100,320,576,-8,-1,312,575
100,320,576,-8,0,312,576
100,320,576,-8,1,312,577
100,320,576,-8,8,312,584
100,320,576,-1,-8,319,568
100,320,576,-1,-1,319,575
100,320,576,-1,0,319,576
100,320,576,-1,1,319,577
100,320,576,-1,8,319,584
100,320,576,0,-8,320,568
100,320,576,0,-1,320,575
100,320,576,0,0,320,576
100,320,576,0,1,320,577
100,320,576,0,8,320,584
100,320,576,1,-8,321,568
100,320,576,1,-1,321,575
100,320,576,1,0,321,576
100,320,576,1,1,321,577
100,320,576,1,8,321,584
100,320,576,8,-8,328,568
100,320,576,8,-1,328,575
100,320,576,8,0,328,576
100,320,576,8,1,328,577
100,320,576,8,8,328,584
100,320,1088,-8,-8,312,1080
100,320,1088,-8,-1,312,1087
100,320,1088,-8,0,312,1088
100,320,1088,-8,1,312,1089
100,320,1088,-8,8,312,1096
100,320,1088,-1,-8,319,1080
100,320,1088,-1,-1,319,1087
100,320,1088,-1,0,319,1088
100,320,1088,-1,1,319,1089
100,320,1088,-1,8,319,1096
100,320,1088,0,-8,320,1080
100,320,1088,0,-1,320,1087
100,320,1088,0,0,320,1088
100,320,1088,0,1,320,1089
100,320,1088,0,8,320,1096
100,320,1088,1,-8,321,1080
100,320,1088,1,-1,321,1087
100,320,1088,1,0,321,1088
100,320,1088,1,1,321,1089
100,320,1088,1,8,321,1096
100,320,1088,8,-8,328,1080
100,320,1088,8,-1,328,1087
100,320,1088,8,0,328,1088
100,320,1088,8,1,328,1089
100,320,1088,8,8,328,1096
100,320,1119,-8,-8,312,1111
100,320,1119,-8,-1,312,1118
100,320,1119,-8,0,312,1119
100,320,1119,-8,1,312,1120
100,320,1119,-8,8,312,1113
100,320,1119,-1,-8,319,1111
100,320,1119,-1,-1,319,1118
100,320,1119,-1,0,319,1119
100,320,1119,-1,1,319,1120
100,320,1119,-1,8,319,1113
100,320,1119,0,-8,320,1111
100,320,1119,0,-1,320,1118
100,320,1119,0,0,320,1119
100,320,1119,0,1,320,1120
100,320,1119,0,8,320,1113
100,320,1119,1,-8,321,1111
100,320,1119,1,-1,321,1118
100,320,1119,1,0,321,1119
100,320,1119,1,1,321,1120
100,320,1119,1,8,321,1113
100,320,1119,8,-8,328,1111
100,320,1119,8,-1,328,1118
100,320,1119,8,0,328,1119
100,320,1119,8,1,328,1120
100,320,1119,8,8,328,1113
100,320,1120,-8,-8,312,1112
100,320,1120,-8,-1,312,1119
100,320,1120,-8,0,312,1120
100,320,1120,-8,1,312,1119
100,320,1120,-8,8,312,1112
100,320,1120,-1,-8,319,1112
100,320,1120,-1,-1,319,1119
100,320,1120,-1,0,319,1120
100,320,1120,-1,1,319,1119
100,320,1120,-1,8,319,1112
100,320,1120,0,-8,320,1112
100,320,1120,0,-1,320,1119
100,320,1120,0,0,320,1120
100,320,1120,0,1,320,1119
100,320,1120,0,8,320,1112
100,320,1120,1,-8,321,1112
100,320,1120,1,-1,321,1119
100,320,1120,1,0,321,1120
100,320,1120,1,1,321,1119
100,320,1120,1,8,321,1112
100,320,1120,8,-8,328,1112
100,320,1120,8,-1,328,1119
100,320,1120,8,0,328,1120
100,320,1120,8,1,328,1119
100,320,1120,8,8,328,1112
100,576,32,-8,-8,568,40
100,576,32,-8,-1,568,33
100,576,32,-8,0,568,32
100,576,32,-8,1,568,33
100,576,32,-8,8,568,40
100,576,32,-1,-8,575,40
100,576,32,-1,-1,575,33
100,576,32,-1,0,575,32
100,576,32,-1,1,575,33
100,576,32,-1,8,575,40
100,576,32,0,-8,576,40
100,576,32,0,-1,576,33
100,576,32,0,0,576,32
100,576,32,0,1,576,33
100,576,32,0,8,576,40
100,576,32,1,-8,577,40
100,576,32,1,-1,577,33
100,576,32,1,0,577,32
100,576,32,1,1,577,33
100,576,32,1,8,577,40
100,576,32,8,-8,584,40
100,576,32,8,-1,584,33
100,576,32,8,0,584,32
100,576,32,8,1,584,33
100,576,32,8,8,584,40
100,576,33,-8,-8,568,39
100,576,33,-8,-1,568,32
100,576,33,-8,0,568,33
100,576,33,-8,1,568,34
100,576,33,-8,8,568,41
100,576,33,-1,-8,575,39
100,576,33,-1,-1,575,32
100,576,33,-1,0,575,33
100,576,33,-1,1,575,34
100,576,33,-1,8,575,41
100,576,33,0,-8,576,39
100,576,33,0,-1,576,32
100,576,33,0,0,576,33
100,576,33,0,1,576,34
100,576,33,0,8,576,41
100,576,33,1,-8,577,39
100,576,33,1,-1,577,32
100,576,33,1,0,577,33
100,576,33,1,1,577,34
100,576,33,1,8,577,41
100,576,33,8,-8,584,39
100,576,33,8,-1,584,32
100,576,33,8,0,584,33
100,576,33,8,1,584,34
100,576,33,8,8,584,41
100,576,64,-8,-8,568,56
100,576,64,-8,-1,568,63
100,576,64,-8,0,568,64
100,576,64,-8,1,568,65
100,576,64,-8,8,568,72
100,576,64,-1,-8,575,56
100,576,64,-1,-1,575,63
100,576,64,-1,0,575,64
100,576,64,-1,1,575,65
100,576,64,-1,8,575,72
100,576,64,0,-8,576,56
100,576,64,0,-1,576,63
100,576,64,0,0,576,64
100,576,64,0,1,576,65
100,576,64,0,8,576,72
100,576,64,1,-8,577,56
100,576,64,1,-1,577,63
100,576,64,1,0,577,64
100,576,64,1,1,577,65
100,576,64,1,8,577,72
100,576,64,8,-8,584,56
100,576,64,8,-1,584,63
100,576,64,8,0,584,64
100,576,64,8,1,584,65
100,576,64,8,8,584,72
100,576,576,-8,-8,568,568
100,576,576,-8,-1,568,575
100,576,576,-8,0,568,576
100,576,576,-8,1,568,577
100,576,576,-8,8,568,584
100,576,576,-1,-8,575,568
100,576,576,-1,-1,575,575
100,576,576,-1,0,575,576
100,576,576,-1,1,575,577
100,576,576,-1,8,575,584
100,576,576,0,-8,576,568
100,576,576,0,-1,576,575
100,576,576,0,0,576,576
100,576,576,0,1,576,577
100,576,576,0,8,576,584
100,576,576,1,-8,577,568
100,576,576,1,-1,577,575
100,576,576,1,0,577,576
100,576,576,1,1,577,577
100,576,576,1,8,577,584
100,576,576,8,-8,584,568
100,576,576,8,-1,584,575
100,576,576,8,0,584,576
100,576,576,8,1,584,577
100,576,576,8,8,584,584
100,576,1088,-8,-8,568,1080
100,576,1088,-8,-1,568,1087
100,576,1088,-8,0,568,1088
100,576,1088,-8,1,568,1089
100,576,1088,-8,8,568,1096
100,576,1088,-1,-8,575,1080
100,576,1088,-1,-1,575,1087
100,576,1088,-1,0,575,1088
100,576,1088,-1,1,575,1089
100,576,1088,-1,8,575,1096
100,576,1088,0,-8,576,1080
100,576,1088,0,-1,576,1087
100,576,1088,0,0,576,1088
100,576,1088,0,1,576,1089
100,576,1088,0,8,576,1096
100,576,1088,1,-8,577,1080
100,576,1088,1,-1,577,1087
100,576,1088,1,0,577,1088
100,576,1088,1,1,577,1089
100,576,1088,1,8,577,1096
100,576,1088,8,-8,584,1080
100,576,1088,8,-1,584,1087
100,576,1088,8,0,584,1088
100,576,1088,8,1,584,1089
100,576,1088,8,8,584,1096
100,576,1119,-8,-8,568,1111
100,576,1119,-8,-1,568,1118
100,576,1119,-8,0,568,1119
100,576,1119,-8,1,568,1120
100,576,1119,-8,8,568,1113
100,576,1119,-1,-8,575,1111
100,576,1119,-1,-1,575,1118
100,576,1119,-1,0,575,1119
100,576,1119,-1,1,575,1120
100,576,1119,-1,8,575,1113
100,576,1119,0,-8,576,1111
100,576,1119,0,-1,576,1118
100,576,1119,0,0,576,1119
100,576,1119,0,1,576,1120
100,576,1119,0,8,576,1113
100,576,1119,1,-8,577,1111
100,576,1119,1,-1,577,1118
100,576,1119,1,0,577,1119
100,576,1119,1,1,577,1120
100,576,1119,1,8,577,1113
100,576,1119,8,-8,584,1111
100,576,1119,8,-1,584,1118
100,576,1119,8,0,584,1119
100,576,1119,8,1,584,1120
100,576,1119,8,8,584,1113
100,576,1120,-8,-8,568,1112
100,576,1120,-8,-1,568,1119
100,576,1120,-8,0,568,1120
100,576,1120,-8,1,568,1119
100,576,1120,-8,8,568,1112
100,576,1120,-1,-8,575,1112
100,576,1120,-1,-1,575,1119
100,576,1120,-1,0,575,1120
100,576,1120,-1,1,575,1119
100,576,1120,-1,8,575,1112
100,576,1120,0,-8,576,1112
100,576,1120,0,-1,576,1119
100,576,1120,0,0,576,1120
100,576,1120,0,1,576,1119
100,576,1120,0,8,576,1112
100,576,1120,1,-8,577,1112
100,576,1120,1,-1,577,1119
100,576,1120,1,0,577,1120
100,576,1120,1,1,577,1119
100,576,1120,1,8,577,1112
100,576,1120,8,-8,584,1112
100,576,1120,8,-1,584,1119
100,576,1120,8,0,584,1120
100,576,1120,8,1,584,1119
100,576,1120,8,8,584,1112
100,607,32,-8,-8,599,40
100,607,32,-8,-1,599,33
100,607,32,-8,0,599,32
100,607,32,-8,1,599,33
100,607,32,-8,8,599,40
100,607,32,-1,-8,606,40
100,607,32,-1,-1,606,33
100,607,32,-1,0,606,32
100,607,32,-1,1,606,33
100,607,32,-1,8,606,40
100,607,32,0,-8,607,40
100,607,32,0,-1,607,33
100,607,32,0,0,607,32
100,607,32,0,1,607,33
100,607,32,0,8,607,40
100,607,32,1,-8,608,40
100,607,32,1,-1,608,33
100,607,32,1,0,608,32
100,607,32,1,1,608,33
100,607,32,1,8,608,40
100,607,32,8,-8,601,40
100,607,32,8,-1,601,33
100,607,32,8,0,601,32
100,607,32,8,1,601,33
100,607,32,8,8,601,40
100,607,33,-8,-8,599,39
100,607,33,-8,-1,599,32
100,607,33,-8,0,599,33
100,607,33,-8,1,599,34
100,607,33,-8,8,599,41
100,607,33,-1,-8,606,39
100,607,33,-1,-1,606,32
100,607,33,-1,0,606,33
100,607,33,-1,1,606,34
100,607,33,-1,8,606,41
100,607,33,0,-8,607,39
100,607,33,0,-1,607,32
100,607,33,0,0,607,33
100,607,33,0,1,607,34
100,607,33,0,8,607,41
100,607,33,1,-8,608,39
100,607,33,1,-1,608,32
100,607,33,1,0,608,33
100,607,33,1,1,608,34
100,607,33,1,8,608,41
100,607,33,8,-8,601,39
100,607,33,8,-1,601,32
100,607,33,8,0,601,33
100,607,33,8,1,601,34
100,607,33,8,8,601,41
100,607,64,-8,-8,599,56
100,607,64,-8,-1,599,63
100,607,64,-8,0,599,64
100,607,64,-8,1,599,65
100,607,64,-8,8,599,72
100,607,64,-1,-8,606,56
100,607,64,-1,-1,606,63
100,607,64,-1,0,606,64
100,607,64,-1,1,606,65
100,607,64,-1,8,606,72
100,607,64,0,-8,607,56
100,607,64,0,-1,607,63
100,607,64,0,0,607,64
100,607,64,0,1,607,65
100,607,64,0,8,607,72
100,607,64,1,-8,608,56
100,607,64,1,-1,608,63
100,607,64,1,0,608,64
100,607,64,1,1,608,65
100,607,64,1,8,608,72
100,607,64,8,-8,601,56
100,607,64,8,-1,601,63
100,607,64,8,0,601,64
100,607,64,8,1,601,65
100,607,64,8,8,601,72
100,607,576,-8,-8,599,568
100,607,576,-8,-1,599,575
100,607,576,-8,0,599,576
100,607,576,-8,1,599,577
100,607,576,-8,8,599,584
100,607,576,-1,-8,606,568
100,607,576,-1,-1,606,575
100,607,576,-1,0,606,576
100,607,576,-1,1,606,577
100,607,576,-1,8,606,584
100,607,576,0,-8,607,568
100,607,576,0,-1,607,575
100,607,576,0,0,607,576
100,607,576,0,1,607,577
100,607,576,0,8,607,584
100,607,576,1,-8,608,568
100,607,576,1,-1,608,575
100,607,576,1,0,608,576
100,607,576,1,1,608,577
100,607,576,1,8,608,584
100,607,576,8,-8,601,568
100,607,576,8,-1,601,575
100,607,576,8,0,601,576
100,607,576,8,1,601,577
100,607,576,8,8,601,584
100,607,1088,-8,-8,599,1080
100,607,1088,-8,-1,599,1087
100,607,1088,-8,0,599,1088
100,607,1088,-8,1,599,1089
100,607,1088,-8,8,599,1096
100,607,1088,-1,-8,606,1080
100,607,1088,-1,-1,606,1087
100,607,1088,-1,0,606,1088
100,607,1088,-1,1,606,1089
100,607,1088,-1,8,606,1096
100,607,1088,0,-8,607,1080
100,607,1088,0,-1,607,1087
100,607,1088,0,0,607,1088
100,607,1088,0,1,607,1089
100,607,1088,0,8,607,1096
100,607,1088,1,-8,608,1080
100,607,1088,1,-1,608,1087
100,607,1088,1,0,608,1088
100,607,1088,1,1,608,1089
100,607,1088,1,8,608,1096
100,607,1088,8,-8,601,1080
100,607,1088,8,-1,601,1087
100,607,1088,8,0,601,1088
100,607,1088,8,1,601,1089
100,607,1088,8,8,601,1096
100,607,1119,-8,-8,599,1111
100,607,1119,-8,-1,599,1118
100,607,1119,-8,0,599,1119
100,607,1119,-8,1,599,1120
100,607,1119,-8,8,599,1113
100,607,1119,-1,-8,606,1111
100,607,1119,-1,-1,606,1118
100,607,1119,-1,0,606,1119
100,607,1119,-1,1,606,1120
100,607,1119,-1,8,606,1113
100,607,1119,0,-8,607,1111
100,607,1119,0,-1,607,1118
100,607,1119,0,0,607,1119
100,607,1119,0,1,607,1120
100,607,1119,0,8,607,1113
100,607,1119,1,-8,608,1111
100,607,1119,1,-1,608,1118
100,607,1119,1,0,608,1119
100,607,1119,1,1,608,1120
100,607,1119,1,8,608,1113
100,607,1119,8,-8,601,1111
100,607,1119,8,-1,601,1118
100,607,1119,8,0,601,1119
100,607,1119,8,1,601,1120
100,607,1119,8,8,601,1113
100,607,1120,-8,-8,599,1112
100,607,1120,-8,-1,599,1119
100,607,1120,-8,0,599,1120
100,607,1120,-8,1,599,1119
100,607,1120,-8,8,599,1112
100,607,1120,-1,-8,606,1112
100,607,1120,-1,-1,606,1119
100,607,1120,-1,0,606,1120
100,607,1120,-1,1,606,1119
100,607,1120,-1,8,606,1112
100,607,1120,0,-8,607,1112
100,607,1120,0,-1,607,1119
100,607,1120,0,0,607,1120
100,607,1120,0,1,607,1119
100,607,1120,0,8,607,1112
100,607,1120,1,-8,608,1112
100,607,1120,1,-1,608,1119
100,607,1120,1,0,608,1120
100,607,1120,1,1,608,1119
100,607,1120,1,8,608,1112
100,607,1120,8,-8,601,1112
100,607,1120,8,-1,601,1119
100,607,1120,8,0,601,1120
100,607,1120,8,1,601,1119
100,607,1120,8,8,601,1112
100,608,32,-8,-8,600,40
100,608,32,-8,-1,600,33
100,608,32,-8,0,600,32
100,608,32,-8,1,600,33
100,608,32,-8,8,600,40
100,608,32,-1,-8,607,40
100,608,32,-1,-1,607,33
100,608,32,-1,0,607,32
100,608,32,-1,1,607,33
100,608,32,-1,8,607,40
100,608,32,0,-8,608,40
100,608,32,0,-1,608,33
100,608,32,0,0,608,32
100,608,32,0,1,608,33
100,608,32,0,8,608,40
100,608,32,1,-8,607,40
100,608,32,1,-1,607,33
100,608,32,1,0,607,32
100,608,32,1,1,607,33
100,608,32,1,8,607,40
100,608,32,8,-8,600,40
100,608,32,8,-1,600,33
100,608,32,8,0,600,32
100,608,32,8,1,600,33
100,608,32,8,8,600,40
100,608,33,-8,-8,600,39
100,608,33,-8,-1,600,32
100,608,33,-8,0,600,33
100,608,33,-8,1,600,34
100,608,33,-8,8,600,41
100,608,33,-1,-8,607,39
100,608,33,-1,-1,607,32
100,608,33,-1,0,607,33
100,608,33,-1,1,607,34
100,608,33,-1,8,607,41
100,608,33,0,-8,608,39
100,608,33,0,-1,608,32
100,608,33,0,0,608,33
100,608,33,0,1,608,34
100,608,33,0,8,608,41
100,608,33,1,-8,607,39
100,608,33,1,-1,607,32
100,608,33,1,0,607,33
100,608,33,1,1,607,34
100,608,33,1,8,607,41
100,608,33,8,-8,600,39
100,608,33,8,-1,600,32
100,608,33,8,0,600,33
100,608,33,8,1,600,34
100,608,33,8,8,600,41
100,608,64,-8,-8,600,56
100,608,64,-8,-1,600,63
100,608,64,-8,0,600,64
100,608,64,-8,1,600,65
100,608,64,-8,8,600,72
100,608,64,-1,-8,607,56
100,608,64,-1,-1,607,63
100,608,64,-1,0,607,64
100,608,64,-1,1,607,65
100,608,64,-1,8,607,72
100,608,64,0,-8,608,56
100,608,64,0,-1,608,63
100,608,64,0,0,608,64
100,608,64,0,1,608,65
100,608,64,0,8,608,72
100,608,64,1,-8,607,56
100,608,64,1,-1,607,63
100,608,64,1,0,607,64
100,608,64,1,1,607,65
100,608,64,1,8,607,72
100,608,64,8,-8,600,56
100,608,64,8,-1,600,63
100,608,64,8,0,600,64
100,608,64,8,1,600,65
100,608,64,8,8,600,72
100,608,576,-8,-8,600,568
100,608,576,-8,-1,600,575
100,608,576,-8,0,600,576
100,608,576,-8,1,600,577
100,608,576,-8,8,600,584
100,608,576,-1,-8,607,568
100,608,576,-1,-1,607,575
100,608,576,-1,0,607,576
100,608,576,-1,1,607,577
100,608,576,-1,8,607,584
100,608,576,0,-8,608,568
100,608,576,0,-1,608,575
100,608,576,0,0,608,576
100,608,576,0,1,608,577
100,608,576,0,8,608,584
100,608,576,1,-8,607,568
100,608,576,1,-1,607,575
100,608,576,1,0,607,576
100,608,576,1,1,607,577
100,608,576,1,8,607,584
100,608,576,8,-8,600,568
100,608,576,8,-1,600,575
100,608,576,8,0,600,576
100,608,576,8,1,600,577
100,608,576,8,8,600,584
100,608,1088,-8,-8,600,1080
100,608,1088,-8,-1,600,1087
100,608,1088,-8,0,600,1088
100,608,1088,-8,1,600,1089
100,608,1088,-8,8,600,1096
100,608,1088,-1,-8,607,1080
100,608,1088,-1,-1,607,1087
100,608,1088,-1,0,607,1088
100,608,1088,-1,1,607,1089
100,608,1088,-1,8,607,1096
100,608,1088,0,-8,608,1080
100,608,1088,0,-1,608,1087
100,608,1088,0,0,608,1088
100,608,1088,0,1,608,1089
100,608,1088,0,8,608,1096
100,608,1088,1,-8,607,1080
100,608,1088,1,-1,607,1087
100,608,1088,1,0,607,1088
100,608,1088,1,1,607,1089
100,608,1088,1,8,607,1096
100,608,1088,8,-8,600,1080
100,608,1088,8,-1,600,1087
100,608,1088,8,0,600,1088
100,608,1088,8,1,600,1089
100,608,1088,8,8,600,1096
100,608,1119,-8,-8,600,1111
100,608,1119,-8,-1,600,1118
100,608,1119,-8,0,600,1119
100,608,1119,-8,1,600,1120
100,608,1119,-8,8,600,1113
100,608,1119,-1,-8,607,1111
100,608,1119,-1,-1,607,1118
100,608,1119,-1,0,607,1119
100,608,1119,-1,1,607,1120
100,608,1119,-1,8,607,1113
100,608,1119,0,-8,608,1111
100,608,1119,0,-1,608,1118
100,608,1119,0,0,608,1119
100,608,1119,0,1,608,1120
100,608,1119,0,8,608,1113
100,608,1119,1,-8,607,1111
100,608,1119,1,-1,607,1118
100,608,1119,1,0,607,1119
100,608,1119,1,1,607,1120
100,608,1119,1,8,607,1113
100,608,1119,8,-8,600,1111
100,608,1119,8,-1,600,1118
100,608,1119,8,0,600,1119
100,608,1119,8,1,600,1120
100,608,1119,8,8,600,1113
100,608,1120,-8,-8,600,1112
100,608,1120,-8,-1,600,1119
100,608,1120,-8,0,600,1120
100,608,1120,-8,1,600,1119
100,608,1120,-8,8,600,1112
100,608,1120,-1,-8,607,1112
100,608,1120,-1,-1,607,1119
100,608,1120,-1,0,607,1120
100,608,1120,-1,1,607,1119
100,608,1120,-1,8,607,1112
100,608,1120,0,-8,608,1112
100,608,1120,0,-1,608,1119
100,608,1120,0,0,608,1120
100,608,1120,0,1,608,1119
100,608,1120,0,8,608,1112
100,608,1120,1,-8,607,1112
100,608,1120,1,-1,607,1119
100,608,1120,1,0,607,1120
100,608,1120,1,1,607,1119
100,608,1120,1,8,607,1112
100,608,1120,8,-8,600,1112
100,608,1120,8,-1,600,1119
100,608,1120,8,0,600,1120
100,608,1120,8,1,600,1119
100,608,1120,8,8,600,1112
149,32,32,-8,-8,40,40
149,32,32,-8,-1,40,33
149,32,32,-8,0,40,32
149,32,32,-8,1,40,33
149,32,32,-8,8,40,40
149,32,32,-1,-8,33,40
149,32,32,-1,-1,33,33
149,32,32,-1,0,33,32
149,32,32,-1,1,33,33
149,32,32,-1,8,33,40
149,32,32,0,-8,32,40
149,32,32,0,-1,32,33
149,32,32,0,0,32,32
149,32,32,0,1,32,33
149,32,32,0,8,32,40
149,32,32,1,-8,33,40
149,32,32,1,-1,33,33
149,32,32,1,0,33,32
149,32,32,1,1,33,33
149,32,32,1,8,33,40
149,32,32,8,-8,40,40
149,32,32,8,-1,40,33
149,32,32,8,0,40,32
149,32,32,8,1,40,33
149,32,32,8,8,40,40
149,32,33,-8,-8,40,39
149,32,33,-8,-1,40,32
149,32,33,-8,0,40,33
149,32,33,-8,1,40,34
149,32,33,-8,8,40,41
149,32,33,-1,-8,33,39
149,32,33,-1,-1,33,32
149,32,33,-1,0,33,33
149,32,33,-1,1,33,34
149,32,33,-1,8,33,41
149,32,33,0,-8,32,39
149,32,33,0,-1,32,32
149,32,33,0,0,32,33
149,32,33,0,1,32,34
149,32,33,0,8,32,41
149,32,33,1,-8,33,39
149,32,33,1,-1,33,32
149,32,33,1,0,33,33
149,32,33,1,1,33,34
149,32,33,1,8,33,41
149,32,33,8,-8,40,39
149,32,33,8,-1,40,32
149,32,33,8,0,40,33
149,32,33,8,1,40,34
149,32,33,8,8,40,41
149,32,64,-8,-8,40,56
149,32,64,-8,-1,40,63
149,32,64,-8,0,40,64
149,32,64,-8,1,40,65
149,32,64,-8,8,40,72
149,32,64,-1,-8,33,56
149,32,64,-1,-1,33,63
149,32,64,-1,0,33,64
149,32,64,-1,1,33,65
149,32,64,-1,8,33,72
149,32,64,0,-8,32,56
149,32,64,0,-1,32,63
149,32,64,0,0,32,64
149,32,64,0,1,32,65
149,32,64,0,8,32,72
149,32,64,1,-8,33,56
149,32,64,1,-1,33,63
149,32,64,1,0,33,64
149,32,64,1,1,33,65
149,32,64,1,8,33,72
149,32,64,8,-8,40,56
149,32,64,8,-1,40,63
149,32,64,8,0,40,64
149,32,64,8,1,40,65
149,32,64,8,8,40,72
149,32,576,-8,-8,40,568
149,32,576,-8,-1,40,575
149,32,576,-8,0,40,576
149,32,576,-8,1,40,577
149,32,576,-8,8,40,584
149,32,576,-1,-8,33,568
149,32,576,-1,-1,33,575
149,32,576,-1,0,33,576
149,32,576,-1,1,33,577
149,32,576,-1,8,33,584
149,32,576,0,-8,32,568
149,32,576,0,-1,32,575
149,32,576,0,0,32,576
149,32,576,0,1,32,577
149,32,576,0,8,32,584
149,32,576,1,-8,33,568
149,32,576,1,-1,33,575
149,32,576,1,0,33,576
149,32,576,1,1,33,577
149,32,576,1,8,33,584
149,32,576,8,-8,40,568
149,32,576,8,-1,40,575
149,32,576,8,0,40,576
149,32,576,8,1,40,577
149,32,576,8,8,40,584
149,32,1088,-8,-8,40,1080
149,32,1088,-8,-1,40,1087
149,32,1088,-8,0,40,1088
149,32,1088,-8,1,40,1089
149,32,1088,-8,8,40,1096
149,32,1088,-1,-8,33,1080
149,32,1088,-1,-1,33,1087
149,32,1088,-1,0,33,1088
149,32,1088,-1,1,33,1089
149,32,1088,-1,8,33,1096
149,32,1088,0,-8,32,1080
149,32,1088,0,-1,32,1087
149,32,1088,0,0,32,1088
149,32,1088,0,1,32,1089
149,32,1088,0,8,32,1096
149,32,1088,1,-8,33,1080
149,32,1088,1,-1,33,1087
149,32,1088,1,0,33,1088
149,32,1088,1,1,33,1089
149,32,1088,1,8,33,1096
149,32,1088,8,-8,40,1080
149,32,1088,8,-1,40,1087
149,32,1088,8,0,40,1088
149,32,1088,8,1,40,1089
149,32,1088,8,8,40,1096
149,32,1119,-8,-8,40,1111
149,32,1119,-8,-1,40,1118
149,32,1119,-8,0,40,1119
149,32,1119,-8,1,40,1120
149,32,1119,-8,8,40,1113
149,32,1119,-1,-8,33,1111
149,32,1119,-1,-1,33,1118
149,32,1119,-1,0,33,1119
149,32,1119,-1,1,33,1120
149,32,1119,-1,8,33,1113
149,32,1119,0,-8,32,1111
149,32,1119,0,-1,32,1118
149,32,1119,0,0,32,1119
149,32,1119,0,1,32,1120
149,32,1119,0,8,32,1113
149,32,1119,1,-8,33,1111
149,32,1119,1,-1,33,1118
149,32,1119,1,0,33,1119
149,32,1119,1,1,33,1120
149,32,1119,1,8,33,1113
149,32,1119,8,-8,40,1111
149,32,1119,8,-1,40,1118
149,32,1119,8,0,40,1119
149,32,1119,8,1,40,1120
149,32,1119,8,8,40,1113
149,32,1120,-8,-8,40,1112
149,32,1120,-8,-1,40,1119
149,32,1120,-8,0,40,1120
149,32,1120,-8,1,40,1119
149,32,1120,-8,8,40,1112
149,32,1120,-1,-8,33,1112
149,32,1120,-1,-1,33,1119
149,32,1120,-1,0,33,1120
149,32,1120,-1,1,33,1119
149,32,1120,-1,8,33,1112
149,32,1120,0,-8,32,1112
149,32,1120,0,-1,32,1119
149,32,1120,0,0,32,1120
149,32,1120,0,1,32,1119
149,32,1120,0,8,32,1112
149,32,1120,1,-8,33,1112
149,32,1120,1,-1,33,1119
149,32,1120,1,0,33,1120
149,32,1120,1,1,33,1119
149,32,1120,1,8,33,1112
149,32,1120,8,-8,40,1112
149,32,1120,8,-1,40,1119
149,32,1120,8,0,40,1120
149,32,1120,8,1,40,1119
149,32,1120,8,8,40,1112
149,33,32,-8,-8,39,40
149,33,32,-8,-1,39,33
149,33,32,-8,0,39,32
149,33,32,-8,1,39,33
149,33,32,-8,8,39,40
149,33,32,-1,-8,32,40
149,33,32,-1,-1,32,33
149,33,32,-1,0,32,32
149,33,32,-1,1,32,33
149,33,32,-1,8,32,40
149,33,32,0,-8,33,40
149,33,32,0,-1,33,33
149,33,32,0,0,33,32
149,33,32,0,1,33,33
149,33,32,0,8,33,40
149,33,32,1,-8,34,40
149,33,32,1,-1,34,33
149,33,32,1,0,34,32
149,33,32,1,1,34,33
149,33,32,1,8,34,40
149,33,32,8,-8,41,40
149,33,32,8,-1,41,33
149,33,32,8,0,41,32
149,33,32,8,1,41,33
149,33,32,8,8,41,40
149,33,33,-8,-8,39,39
149,33,33,-8,-1,39,32
149,33,33,-8,0,39,33
149,33,33,-8,1,39,34
149,33,33,-8,8,39,41
149,33,33,-1,-8,32,39
149,33,33,-1,-1,32,32
149,33,33,-1,0,32,33
149,33,33,-1,1,32,34
149,33,33,-1,8,32,41
149,33,33,0,-8,33,39
149,33,33,0,-1,33,32
149,33,33,0,0,33,33
149,33,33,0,1,33,34
149,33,33,0,8,33,41
149,33,33,1,-8,34,39
149,33,33,1,-1,34,32
149,33,33,1,0,34,33
149,33,33,1,1,34,34
149,33,33,1,8,34,41
149,33,33,8,-8,41,39
149,33,33,8,-1,41,32
149,33,33,8,0,41,33
149,33,33,8,1,41,34
149,33,33,8,8,41,41
149,33,64,-8,-8,39,56
149,33,64,-8,-1,39,63
149,33,64,-8,0,39,64
149,33,64,-8,1,39,65
149,33,64,-8,8,39,72
149,33,64,-1,-8,32,56
149,33,64,-1,-1,32,63
149,33,64,-1,0,32,64
149,33,64,-1,1,32,65
149,33,64,-1,8,32,72
149,33,64,0,-8,33,56
149,33,64,0,-1,33,63
149,33,64,0,0,33,64
149,33,64,0,1,33,65
149,33,64,0,8,33,72
149,33,64,1,-8,34,56
149,33,64,1,-1,34,63
149,33,64,1,0,34,64
149,33,64,1,1,34,65
149,33,64,1,8,34,72
149,33,64,8,-8,41,56
149,33,64,8,-1,41,63
149,33,64,8,0,41,64
149,33,64,8,1,41,65
149,33,64,8,8,41,72
149,33,576,-8,-8,39,568
149,33,576,-8,-1,39,575
149,33,576,-8,0,39,576
149,33,576,-8,1,39,577
149,33,576,-8,8,39,584
149,33,576,-1,-8,32,568
149,33,576,-1,-1,32,575
149,33,576,-1,0,32,576
149,33,576,-1,1,32,577
149,33,576,-1,8,32,584
149,33,576,0,-8,33,568
149,33,576,0,-1,33,575
149,33,576,0,0,33,576
149,33,576,0,1,33,577
149,33,576,0,8,33,584
149,33,576,1,-8,34,568
149,33,576,1,-1,34,575
149,33,576,1,0,34,576
149,33,576,1,1,34,577
149,33,576,1,8,34,584
149,33,576,8,-8,41,568
149,33,576,8,-1,41,575
149,33,576,8,0,41,576
149,33,576,8,1,41,577
149,33,576,8,8,41,584
149,33,1088,-8,-8,39,1080
149,33,1088,-8,-1,39,1087
149,33,1088,-8,0,39,1088
149,33,1088,-8,1,39,1089
149,33,1088,-8,8,39,1096
149,33,1088,-1,-8,32,1080
149,33,1088,-1,-1,32,1087
149,33,1088,-1,0,32,1088
149,33,1088,-1,1,32,1089
149,33,1088,-1,8,32,1096
149,33,1088,0,-8,33,1080
149,33,1088,0,-1,33,1087
149,33,1088,0,0,33,1088
149,33,1088,0,1,33,1089
149,33,1088,0,8,33,1096
149,33,1088,1,-8,34,1080
149,33,1088,1,-1,34,1087
149,33,1088,1,0,34,1088
149,33,1088,1,1,34,1089
149,33,1088,1,8,34,1096
149,33,1088,8,-8,41,1080
149,33,1088,8,-1,41,1087
149,33,1088,8,0,41,1088
149,33,1088,8,1,41,1089
149,33,1088,8,8,41,1096
149,33,1119,-8,-8,39,1111
149,33,1119,-8,-1,39,1118
149,33,1119,-8,0,39,1119
149,33,1119,-8,1,39,1120
149,33,1119,-8,8,39,1113
149,33,1119,-1,-8,32,1111
149,33,1119,-1,-1,32,1118
149,33,1119,-1,0,32,1119
149,33,1119,-1,1,32,1120
149,33,1119,-1,8,32,1113
149,33,1119,0,-8,33,1111
149,33,1119,0,-1,33,1118
149,33,1119,0,0,33,1119
149,33,1119,0,1,33,1120
149,33,1119,0,8,33,1113
149,33,1119,1,-8,34,1111
149,33,1119,1,-1,34,1118
149,33,1119,1,0,34,1119
149,33,1119,1,1,34,1120
149,33,1119,1,8,34,1113
149,33,1119,8,-8,41,1111
149,33,1119,8,-1,41,1118
149,33,1119,8,0,41,1119
149,33,1119,8,1,41,1120
149,33,1119,8,8,41,1113
149,33,1120,-8,-8,39,1112
149,33,1120,-8,-1,39,1119
149,33,1120,-8,0,39,1120
149,33,1120,-8,1,39,1119
149,33,1120,-8,8,39,1112
149,33,1120,-1,-8,32,1112
149,33,1120,-1,-1,32,1119
149,33,1120,-1,0,32,1120
149,33,1120,-1,1,32,1119
149,33,1120,-1,8,32,1112
149,33,1120,0,-8,33,1112
149,33,1120,0,-1,33,1119
149,33,1120,0,0,33,1120
149,33,1120,0,1,33,1119
149,33,1120,0,8,33,1112
149,33,1120,1,-8,34,1112
149,33,1120,1,-1,34,1119
149,33,1120,1,0,34,1120
149,33,1120,1,1,34,1119
149,33,1120,1,8,34,1112
149,33,1120,8,-8,41,1112
149,33,1120,8,-1,41,1119
149,33,1120,8,0,41,1120
149,33,1120,8,1,41,1119
149,33,1120,8,8,41,1112
149,64,32,-8,-8,56,40
149,64,32,-8,-1,56,33
149,64,32,-8,0,56,32
149,64,32,-8,1,56,33
149,64,32,-8,8,56,40
149,64,32,-1,-8,63,40
149,64,32,-1,-1,63,33
149,64,32,-1,0,63,32
149,64,32,-1,1,63,33
149,64,32,-1,8,63,40
149,64,32,0,-8,64,40
149,64,32,0,-1,64,33
149,64,32,0,0,64,32
149,64,32,0,1,64,33
149,64,32,0,8,64,40
149,64,32,1,-8,65,40
149,64,32,1,-1,65,33
149,64,32,1,0,65,32
149,64,32,1,1,65,33
149,64,32,1,8,65,40
149,64,32,8,-8,72,40
149,64,32,8,-1,72,33
149,64,32,8,0,72,32
149,64,32,8,1,72,33
149,64,32,8,8,72,40
149,64,33,-8,-8,56,39
149,64,33,-8,-1,56,32
149,64,33,-8,0,56,33
149,64,33,-8,1,56,34
149,64,33,-8,8,56,41
149,64,33,-1,-8,63,39
149,64,33,-1,-1,63,32
149,64,33,-1,0,63,33
149,64,33,-1,1,63,34
149,64,33,-1,8,63,41
149,64,33,0,-8,64,39
149,64,33,0,-1,64,32
149,64,33,0,0,64,33
149,64,33,0,1,64,34
149,64,33,0,8,64,41
149,64,33,1,-8,65,39
149,64,33,1,-1,65,32
149,64,33,1,0,65,33
149,64,33,1,1,65,34
149,64,33,1,8,65,41
149,64,33,8,-8,72,39
149,64,33,8,-1,72,32
149,64,33,8,0,72,33
149,64,33,8,1,72,34
149,64,33,8,8,72,41
149,64,64,-8,-8,56,56
149,64,64,-8,-1,56,63
149,64,64,-8,0,56,64
149,64,64,-8,1,56,65
149,64,64,-8,8,56,72
149,64,64,-1,-8,63,56
149,64,64,-1,-1,63,63
149,64,64,-1,0,63,64
149,64,64,-1,1,63,65
149,64,64,-1,8,63,72
149,64,64,0,-8,64,56
149,64,64,0,-1,64,63
149,64,64,0,0,64,64
149,64,64,0,1,64,65
149,64,64,0,8,64,72
149,64,64,1,-8,65,56
149,64,64,1,-1,65,63
149,64,64,1,0,65,64
149,64,64,1,1,65,65
149,64,64,1,8,65,72
149,64,64,8,-8,72,56
149,64,64,8,-1,72,63
149,64,64,8,0,72,64
149,64,64,8,1,72,65
149,64,64,8,8,72,72
149,64,576,-8,-8,56,568
149,64,576,-8,-1,56,575
149,64,576,-8,0,56,576
149,64,576,-8,1,56,577
149,64,576,-8,8,56,584
149,64,576,-1,-8,63,568
149,64,576,-1,-1,63,575
149,64,576,-1,0,63,576
149,64,576,-1,1,63,577
149,64,576,-1,8,63,584
149,64,576,0,-8,64,568
149,64,576,0,-1,64,575
149,64,576,0,0,64,576
149,64,576,0,1,64,577
149,64,576,0,8,64,584
149,64,576,1,-8,65,568
149,64,576,1,-1,65,575
149,64,576,1,0,65,576
149,64,576,1,1,65,577
149,64,576,1,8,65,584
149,64,576,8,-8,72,568
149,64,576,8,-1,72,575
149,64,576,8,0,72,576
149,64,576,8,1,72,577
149,64,576,8,8,72,584
149,64,1088,-8,-8,56,1080
149,64,1088,-8,-1,56,1087
149,64,1088,-8,0,56,1088
149,64,1088,-8,1,56,1089
149,64,1088,-8,8,56,1096
149,64,1088,-1,-8,63,1080
149,64,1088,-1,-1,63,1087
149,64,1088,-1,0,63,1088
149,64,1088,-1,1,63,1089
149,64,1088,-1,8,63,1096
149,64,1088,0,-8,64,1080
149,64,1088,0,-1,64,1087
149,64,1088,0,0,64,1088
149,64,1088,0,1,64,1089
149,64,1088,0,8,64,1096
149,64,1088,1,-8,65,1080
149,64,1088,1,-1,65,1087
149,64,1088,1,0,65,1088
149,64,1088,1,1,65,1089
149,64,1088,1,8,65,1096
149,64,1088,8,-8,72,1080
149,64,1088,8,-1,72,1087
149,64,1088,8,0,72,1088
149,64,1088,8,1,72,1089
149,64,1088,8,8,72,1096
149,64,1119,-8,-8,56,1111
149,64,1119,-8,-1,56,1118
149,64,1119,-8,0,56,1119
149,64,1119,-8,1,56,1120
149,64,1119,-8,8,56,1113
149,64,1119,-1,-8,63,1111
149,64,1119,-1,-1,63,1118
149,64,1119,-1,0,63,1119
149,64,1119,-1,1,63,1120
149,64,1119,-1,8,63,1113
149,64,1119,0,-8,64,1111
149,64,1119,0,-1,64,1118
149,64,1119,0,0,64,1119
149,64,1119,0,1,64,1120
149,64,1119,0,8,64,1113
149,64,1119,1,-8,65,1111
149,64,1119,1,-1,65,1118
149,64,1119,1,0,65,1119
149,64,1119,1,1,65,1120
149,64,1119,1,8,65,1113
149,64,1119,8,-8,72,1111
149,64,1119,8,-1,72,1118
149,64,1119,8,0,72,1119
149,64,1119,8,1,72,1120
149,64,1119,8,8,72,1113
149,64,1120,-8,-8,56,1112
149,64,1120,-8,-1,56,1119
149,64,1120,-8,0,56,1120
149,64,1120,-8,1,56,1119
149,64,1120,-8,8,56,1112
149,64,1120,-1,-8,63,1112
149,64,1120,-1,-1,63,1119
149,64,1120,-1,0,63,1120
149,64,1120,-1,1,63,1119
149,64,1120,-1,8,63,1112
149,64,1120,0,-8,64,1112
149,64,1120,0,-1,64,1119
149,64,1120,0,0,64,1120
149,64,1120,0,1,64,1119
149,64,1120,0,8,64,1112
149,64,1120,1,-8,65,1112
149,64,1120,1,-1,65,1119
149,64,1120,1,0,65,1120
149,64,1120,1,1,65,1119
149,64,1120,1,8,65,1112
149,64,1120,8,-8,72,1112
149,64,1120,8,-1,72,1119
149,64,1120,8,0,72,1120
149,64,1120,8,1,72,1119
149,64,1120,8,8,72,1112
149,320,32,-8,-8,312,40
149,320,32,-8,-1,312,33
149,320,32,-8,0,312,32
149,320,32,-8,1,312,33
149,320,32,-8,8,312,40
149,320,32,-1,-8,319,40
149,320,32,-1,-1,319,33
149,320,32,-1,0,319,32
149,320,32,-1,1,319,33
149,320,32,-1,8,319,40
149,320,32,0,-8,320,40
149,320,32,0,-1,320,33
149,320,32,0,0,320,32
149,320,32,0,1,320,33
149,320,32,0,8,320,40
149,320,32,1,-8,321,40
149,320,32,1,-1,321,33
149,320,32,1,0,321,32
149,320,32,1,1,321,33
149,320,32,1,8,321,40
149,320,32,8,-8,328,40
149,320,32,8,-1,328,33
149,320,32,8,0,328,32
149,320,32,8,1,328,33
149,320,32,8,8,328,40
149,320,33,-8,-8,312,39
149,320,33,-8,-1,312,32
149,320,33,-8,0,312,33
149,320,33,-8,1,312,34
149,320,33,-8,8,312,41
149,320,33,-1,-8,319,39
149,320,33,-1,-1,319,32
149,320,33,-1,0,319,33
149,320,33,-1,1,319,34
149,320,33,-1,8,319,41
149,320,33,0,-8,320,39
149,320,33,0,-1,320,32
149,320,33,0,0,320,33
149,320,33,0,1,320,34
149,320,33,0,8,320,41
149,320,33,1,-8,321,39
149,320,33,1,-1,321,32
149,320,33,1,0,321,33
149,320,33,1,1,321,34
149,320,33,1,8,321,41
149,320,33,8,-8,328,39
149,320,33,8,-1,328,32
149,320,33,8,0,328,33
149,320,33,8,1,328,34
149,320,33,8,8,328,41
149,320,64,-8,-8,312,56
149,320,64,-8,-1,312,63
149,320,64,-8,0,312,64
149,320,64,-8,1,312,65
149,320,64,-8,8,312,72
149,320,64,-1,-8,319,56
149,320,64,-1,-1,319,63
149,320,64,-1,0,319,64
149,320,64,-1,1,319,65
149,320,64,-1,8,319,72
149,320,64,0,-8,320,56
149,320,64,0,-1,320,63
149,320,64,0,0,320,64
149,320,64,0,1,320,65
149,320,64,0,8,320,72
149,320,64,1,-8,321,56
149,320,64,1,-1,321,63
149,320,64,1,0,321,64
149,320,64,1,1,321,65
149,320,64,1,8,321,72
149,320,64,8,-8,328,56
149,320,64,8,-1,328,63
149,320,64,8,0,328,64
149,320,64,8,1,328,65
149,320,64,8,8,328,72
149,320,576,-8,-8,312,568
149,320,576,-8,-1,312,575
149,320,576,-8,0,312,576
149,320,576,-8,1,312,577
149,320,576,-8,8,312,584
149,320,576,-1,-8,319,568
149,320,576,-1,-1,319,575
149,320,576,-1,0,319,576
149,320,576,-1,1,319,577
149,320,576,-1,8,319,584
149,320,576,0,-8,320,568
149,320,576,0,-1,320,575
149,320,576,0,0,320,576
149,320,576,0,1,320,577
149,320,576,0,8,320,584
149,320,576,1,-8,321,568
149,320,576,1,-1,321,575
149,320,576,1,0,321,576
149,320,576,1,1,321,577
149,320,576,1,8,321,584
149,320,576,8,-8,328,568
149,320,576,8,-1,328,575
149,320,576,8,0,328,576
149,320,576,8,1,328,577
149,320,576,8,8,328,584
149,320,1088,-8,-8,312,1080
149,320,1088,-8,-1,312,1087
149,320,1088,-8,0,312,1088
149,320,1088,-8,1,312,1089
149,320,1088,-8,8,312,1096
149,320,1088,-1,-8,319,1080
149,320,1088,-1,-1,319,1087
149,320,1088,-1,0,319,1088
149,320,1088,-1,1,319,1089
149,320,1088,-1,8,319,1096
149,320,1088,0,-8,320,1080
149,320,1088,0,-1,320,1087
149,320,1088,0,0,320,1088
149,320,1088,0,1,320,1089
149,320,1088,0,8,320,1096
149,320,1088,1,-8,321,1080
149,320,1088,1,-1,321,1087
149,320,1088,1,0,321,1088
149,320,1088,1,1,321,1089
149,320,1088,1,8,321,1096
149,320,1088,8,-8,328,1080
149,320,1088,8,-1,328,1087
149,320,1088,8,0,328,1088
149,320,1088,8,1,328,1089
149,320,1088,8,8,328,1096
149,320,1119,-8,-8,312,1111
149,320,1119,-8,-1,312,1118
149,320,1119,-8,0,312,1119
149,320,1119,-8,1,312,1120
149,320,1119,-8,8,312,1113
149,320,1119,-1,-8,319,1111
149,320,1119,-1,-1,319,1118
149,320,1119,-1,0,319,1119
149,320,1119,-1,1,319,1120
149,320,1119,-1,8,319,1113
149,320,1119,0,-8,320,1111
149,320,1119,0,-1,320,1118
149,320,1119,0,0,320,1119
149,320,1119,0,1,320,1120
149,320,1119,0,8,320,1113
149,320,1119,1,-8,321,1111
149,320,1119,1,-1,321,1118
149,320,1119,1,0,321,1119
149,320,1119,1,1,321,1120
149,320,1119,1,8,321,1113
149,320,1119,8,-8,328,1111
149,320,1119,8,-1,328,1118
149,320,1119,8,0,328,1119
149,320,1119,8,1,328,1120
149,320,1119,8,8,328,1113
149,320,1120,-8,-8,312,1112
149,320,1120,-8,-1,312,1119
149,320,1120,-8,0,312,1120
149,320,1120,-8,1,312,1119
149,320,1120,-8,8,312,1112
149,320,1120,-1,-8,319,1112
149,320,1120,-1,-1,319,1119
149,320,1120,-1,0,319,1120
149,320,1120,-1,1,319,1119
149,320,1120,-1,8,319,1112
149,320,1120,0,-8,320,1112
149,320,1120,0,-1,320,1119
149,320,1120,0,0,320,1120
149,320,1120,0,1,320,1119
149,320,1120,0,8,320,1112
149,320,1120,1,-8,321,1112
149,320,1120,1,-1,321,1119
149,320,1120,1,0,321,1120
149,320,1120,1,1,321,1119
149,320,1120,1,8,321,1112
149,320,1120,8,-8,328,1112
149,320,1120,8,-1,328,1119
149,320,1120,8,0,328,1120
149,320,1120,8,1,328,1119
149,320,1120,8,8,328,1112
149,576,32,-8,-8,568,40
149,576,32,-8,-1,568,33
149,576,32,-8,0,568,32
149,576,32,-8,1,568,33
149,576,32,-8,8,568,40
149,576,32,-1,-8,575,40
149,576,32,-1,-1,575,33
149,576,32,-1,0,575,32
149,576,32,-1,1,575,33
149,576,32,-1,8,575,40
149,576,32,0,-8,576,40
149,576,32,0,-1,576,33
149,576,32,0,0,576,32
149,576,32,0,1,576,33
149,576,32,0,8,576,40
149,576,32,1,-8,577,40
149,576,32,1,-1,577,33
149,576,32,1,0,577,32
149,576,32,1,1,577,33
149,576,32,1,8,577,40
149,576,32,8,-8,584,40
149,576,32,8,-1,584,33
149,576,32,8,0,584,32
149,576,32,8,1,584,33
149,576,32,8,8,584,40
149,576,33,-8,-8,568,39
149,576,33,-8,-1,568,32
149,576,33,-8,0,568,33
149,576,33,-8,1,568,34
149,576,33,-8,8,568,41
149,576,33,-1,-8,575,39
149,576,33,-1,-1,575,32
149,576,33,-1,0,575,33
149,576,33,-1,1,575,34
149,576,33,-1,8,575,41
149,576,33,0,-8,576,39
149,576,33,0,-1,576,32
149,576,33,0,0,576,33
149,576,33,0,1,576,34
149,576,33,0,8,576,41
149,576,33,1,-8,577,39
149,576,33,1,-1,577,32
149,576,33,1,0,577,33
149,576,33,1,1,577,34
149,576,33,1,8,577,41
149,576,33,8,-8,584,39
149,576,33,8,-1,584,32
149,576,33,8,0,584,33
149,576,33,8,1,584,34
149,576,33,8,8,584,41
149,576,64,-8,-8,568,56
149,576,64,-8,-1,568,63
149,576,64,-8,0,568,64
149,576,64,-8,1,568,65
149,576,64,-8,8,568,72
149,576,64,-1,-8,575,56
149,576,64,-1,-1,575,63
149,576,64,-1,0,575,64
149,576,64,-1,1,575,65
149,576,64,-1,8,575,72
149,576,64,0,-8,576,56
149,576,64,0,-1,576,63
149,576,64,0,0,576,64
149,576,64,0,1,576,65
149,576,64,0,8,576,72
149,576,64,1,-8,577,56
149,576,64,1,-1,577,63
149,576,64,1,0,577,64
149,576,64,1,1,577,65
149,576,64,1,8,577,72
149,576,64,8,-8,584,56
149,576,64,8,-1,584,63
149,576,64,8,0,584,64
149,576,64,8,1,584,65
149,576,64,8,8,584,72
149,576,576,-8,-8,568,568
149,576,576,-8,-1,568,575
149,576,576,-8,0,568,576
149,576,576,-8,1,568,577
149,576,576,-8,8,568,584
149,576,576,-1,-8,575,568
149,576,576,-1,-1,575,575
149,576,576,-1,0,575,576
149,576,576,-1,1,575,577
149,576,576,-1,8,575,584
149,576,576,0,-8,576,568
149,576,576,0,-1,576,575
149,576,576,0,0,576,576
149,576,576,0,1,576,577
149,576,576,0,8,576,584
149,576,576,1,-8,577,568
149,576,576,1,-1,577,575
149,576,576,1,0,577,576
149,576,576,1,1,577,577
149,576,576,1,8,577,584
149,576,576,8,-8,584,568
149,576,576,8,-1,584,575
149,576,576,8,0,584,576
149,576,576,8,1,584,577
149,576,576,8,8,584,584
149,576,1088,-8,-8,568,1080
149,576,1088,-8,-1,568,1087
149,576,1088,-8,0,568,1088
149,576,1088,-8,1,568,1089
149,576,1088,-8,8,568,1096
149,576,1088,-1,-8,575,1080
149,576,1088,-1,-1,575,1087
149,576,1088,-1,0,575,1088
149,576,1088,-1,1,575,1089
149,576,1088,-1,8,575,1096
149,576,1088,0,-8,576,1080
149,576,1088,0,-1,576,1087
149,576,1088,0,0,576,1088
149,576,1088,0,1,576,1089
149,576,1088,0,8,576,1096
149,576,1088,1,-8,577,1080
149,576,1088,1,-1,577,1087
149,576,1088,1,0,577,1088
149,576,1088,1,1,577,1089
149,576,1088,1,8,577,1096
149,576,1088,8,-8,584,1080
149,576,1088,8,-1,584,1087
149,576,1088,8,0,584,1088
149,576,1088,8,1,584,1089
149,576,1088,8,8,584,1096
149,576,1119,-8,-8,568,1111
149,576,1119,-8,-1,568,1118
149,576,1119,-8,0,568,1119
149,576,1119,-8,1,568,1120
149,576,1119,-8,8,568,1113
149,576,1119,-1,-8,575,1111
149,576,1119,-1,-1,575,1118
149,576,1119,-1,0,575,1119
149,576,1119,-1,1,575,1120
149,576,1119,-1,8,575,1113
149,576,1119,0,-8,576,1111
149,576,1119,0,-1,576,1118
149,576,1119,0,0,576,1119
149,576,1119,0,1,576,1120
149,576,1119,0,8,576,1113
149,576,1119,1,-8,577,1111
149,576,1119,1,-1,577,1118
149,576,1119,1,0,577,1119
149,576,1119,1,1,577,1120
149,576,1119,1,8,577,1113
149,576,1119,8,-8,584,1111
149,576,1119,8,-1,584,1118
149,576,1119,8,0,584,1119
149,576,1119,8,1,584,1120
149,576,1119,8,8,584,1113
149,576,1120,-8,-8,568,1112
149,576,1120,-8,-1,568,1119
149,576,1120,-8,0,568,1120
149,576,1120,-8,1,568,1119
149,576,1120,-8,8,568,1112
149,576,1120,-1,-8,575,1112
149,576,1120,-1,-1,575,1119
149,576,1120,-1,0,575,1120
149,576,1120,-1,1,575,1119
149,576,1120,-1,8,575,1112
149,576,1120,0,-8,576,1112
149,576,1120,0,-1,576,1119
149,576,1120,0,0,576,1120
149,576,1120,0,1,576,1119
149,576,1120,0,8,576,1112
149,576,1120,1,-8,577,1112
149,576,1120,1,-1,577,1119
149,576,1120,1,0,577,1120
149,576,1120,1,1,577,1119
149,576,1120,1,8,577,1112
149,576,1120,8,-8,584,1112
149,576,1120,8,-1,584,1119
149,576,1120,8,0,584,1120
149,576,1120,8,1,584,1119
149,576,1120,8,8,584,1112
149,607,32,-8,-8,599,40
149,607,32,-8,-1,599,33
149,607,32,-8,0,599,32
149,607,32,-8,1,599,33
149,607,32,-8,8,599,40
149,607,32,-1,-8,606,40
149,607,32,-1,-1,606,33
149,607,32,-1,0,606,32
149,607,32,-1,1,606,33
149,607,32,-1,8,606,40
149,607,32,0,-8,607,40
149,607,32,0,-1,607,33
149,607,32,0,0,607,32
149,607,32,0,1,607,33
149,607,32,0,8,607,40
149,607,32,1,-8,608,40
149,607,32,1,-1,608,33
149,607,32,1,0,608,32
149,607,32,1,1,608,33
149,607,32,1,8,608,40
149,607,32,8,-8,601,40
149,607,32,8,-1,601,33
149,607,32,8,0,601,32
149,607,32,8,1,601,33
149,607,32,8,8,601,40
149,607,33,-8,-8,599,39
149,607,33,-8,-1,599,32
149,607,33,-8,0,599,33
149,607,33,-8,1,599,34
149,607,33,-8,8,599,41
149,607,33,-1,-8,606,39
149,607,33,-1,-1,606,32
149,607,33,-1,0,606,33
149,607,33,-1,1,606,34
149,607,33,-1,8,606,41
149,607,33,0,-8,607,39
149,607,33,0,-1,607,32
149,607,33,0,0,607,33
149,607,33,0,1,607,34
149,607,33,0,8,607,41
149,607,33,1,-8,608,39
149,607,33,1,-1,608,32
149,607,33,1,0,608,33
149,607,33,1,1,608,34
149,607,33,1,8,608,41
149,607,33,8,-8,601,39
149,607,33,8,-1,601,32
149,607,33,8,0,601,33
149,607,33,8,1,601,34
149,607,33,8,8,601,41
149,607,64,-8,-8,599,56
149,607,64,-8,-1,599,63
149,607,64,-8,0,599,64
149,607,64,-8,1,599,65
149,607,64,-8,8,599,72
149,607,64,-1,-8,606,56
149,607,64,-1,-1,606,63
149,607,64,-1,0,606,64
149,607,64,-1,1,606,65
149,607,64,-1,8,606,72
149,607,64,0,-8,607,56
149,607,64,0,-1,607,63
149,607,64,0,0,607,64
149,607,64,0,1,607,65
149,607,64,0,8,607,72
149,607,64,1,-8,608,56
149,607,64,1,-1,608,63
149,607,64,1,0,608,64
149,607,64,1,1,608,65
149,607,64,1,8,608,72
149,607,64,8,-8,601,56
149,607,64,8,-1,601,63
149,607,64,8,0,601,64
149,607,64,8,1,601,65
149,607,64,8,8,601,72
149,607,576,-8,-8,599,568
149,607,576,-8,-1,599,575
149,607,576,-8,0,599,576
149,607,576,-8,1,599,577
149,607,576,-8,8,599,584
149,607,576,-1,-8,606,568
149,607,576,-1,-1,606,575
149,607,576,-1,0,606,576
149,607,576,-1,1,606,577
149,607,576,-1,8,606,584
149,607,576,0,-8,607,568
149,607,576,0,-1,607,575
149,607,576,0,0,607,576
149,607,576,0,1,607,577
149,607,576,0,8,607,584
149,607,576,1,-8,608,568
149,607,576,1,-1,608,575
149,607,576,1,0,608,576
149,607,576,1,1,608,577
149,607,576,1,8,608,584
149,607,576,8,-8,601,568
149,607,576,8,-1,601,575
149,607,576,8,0,601,576
149,607,576,8,1,601,577
149,607,576,8,8,601,584
149,607,1088,-8,-8,599,1080
149,607,1088,-8,-1,599,1087
149,607,1088,-8,0,599,1088
149,607,1088,-8,1,599,1089
149,607,1088,-8,8,599,1096
149,607,1088,-1,-8,606,1080
149,607,1088,-1,-1,606,1087
149,607,1088,-1,0,606,1088
149,607,1088,-1,1,606,1089
149,607,1088,-1,8,606,1096
149,607,1088,0,-8,607,1080
149,607,1088,0,-1,607,1087
149,607,1088,0,0,607,1088
149,607,1088,0,1,607,1089
149,607,1088,0,8,607,1096
149,607,1088,1,-8,608,1080
149,607,1088,1,-1,608,1087
149,607,1088,1,0,608,1088
149,607,1088,1,1,608,1089
149,607,1088,1,8,608,1096
149,607,1088,8,-8,601,1080
149,607,1088,8,-1,601,1087
149,607,1088,8,0,601,1088
149,607,1088,8,1,601,1089
149,607,1088,8,8,601,1096
149,607,1119,-8,-8,599,1111
149,607,1119,-8,-1,599,1118
149,607,1119,-8,0,599,1119
149,607,1119,-8,1,599,1120
149,607,1119,-8,8,599,1113
149,607,1119,-1,-8,606,1111
149,607,1119,-1,-1,606,1118
149,607,1119,-1,0,606,1119
149,607,1119,-1,1,606,1120
149,607,1119,-1,8,606,1113
149,607,1119,0,-8,607,1111
149,607,1119,0,-1,607,1118
149,607,1119,0,0,607,1119
149,607,1119,0,1,607,1120
149,607,1119,0,8,607,1113
149,607,1119,1,-8,608,1111
149,607,1119,1,-1,608,1118
149,607,1119,1,0,608,1119
149,607,1119,1,1,608,1120
149,607,1119,1,8,608,1113
149,607,1119,8,-8,601,1111
149,607,1119,8,-1,601,1118
149,607,1119,8,0,601,1119
149,607,1119,8,1,601,1120
149,607,1119,8,8,601,1113
149,607,1120,-8,-8,599,1112
149,607,1120,-8,-1,599,1119
149,607,1120,-8,0,599,1120
149,607,1120,-8,1,599,1119
149,607,1120,-8,8,599,1112
149,607,1120,-1,-8,606,1112
149,607,1120,-1,-1,606,1119
149,607,1120,-1,0,606,1120
149,607,1120,-1,1,606,1119
149,607,1120,-1,8,606,1112
149,607,1120,0,-8,607,1112
149,607,1120,0,-1,607,1119
149,607,1120,0,0,607,1120
149,607,1120,0,1,607,1119
149,607,1120,0,8,607,1112
149,607,1120,1,-8,608,1112
149,607,1120,1,-1,608,1119
149,607,1120,1,0,608,1120
149,607,1120,1,1,608,1119
149,607,1120,1,8,608,1112
149,607,1120,8,-8,601,1112
149,607,1120,8,-1,601,1119
149,607,1120,8,0,601,1120
149,607,1120,8,1,601,1119
149,607,1120,8,8,601,1112
149,608,32,-8,-8,600,40
149,608,32,-8,-1,600,33
149,608,32,-8,0,600,32
149,608,32,-8,1,600,33
149,608,32,-8,8,600,40
149,608,32,-1,-8,607,40
149,608,32,-1,-1,607,33
149,608,32,-1,0,607,32
149,608,32,-1,1,607,33
149,608,32,-1,8,607,40
149,608,32,0,-8,608,40
149,608,32,0,-1,608,33
149,608,32,0,0,608,32
149,608,32,0,1,608,33
149,608,32,0,8,608,40
149,608,32,1,-8,607,40
149,608,32,1,-1,607,33
149,608,32,1,0,607,32
149,608,32,1,1,607,33
149,608,32,1,8,607,40
149,608,32,8,-8,600,40
149,608,32,8,-1,600,33
149,608,32,8,0,600,32
149,608,32,8,1,600,33
149,608,32,8,8,600,40
149,608,33,-8,-8,600,39
149,608,33,-8,-1,600,32
149,608,33,-8,0,600,33
149,608,33,-8,1,600,34
149,608,33,-8,8,600,41
149,608,33,-1,-8,607,39
149,608,33,-1,-1,607,32
149,608,33,-1,0,607,33
149,608,33,-1,1,607,34
149,608,33,-1,8,607,41
149,608,33,0,-8,608,39
149,608,33,0,-1,608,32
149,608,33,0,0,608,33
149,608,33,0,1,608,34
149,608,33,0,8,608,41
149,608,33,1,-8,607,39
149,608,33,1,-1,607,32
149,608,33,1,0,607,33
149,608,33,1,1,607,34
149,608,33,1,8,607,41
149,608,33,8,-8,600,39
149,608,33,8,-1,600,32
149,608,33,8,0,600,33
149,608,33,8,1,600,34
149,608,33,8,8,600,41
149,608,64,-8,-8,600,56
149,608,64,-8,-1,600,63
149,608,64,-8,0,600,64
149,608,64,-8,1,600,65
149,608,64,-8,8,600,72
149,608,64,-1,-8,607,56
149,608,64,-1,-1,607,63
149,608,64,-1,0,607,64
149,608,64,-1,1,607,65
149,608,64,-1,8,607,72
149,608,64,0,-8,608,56
149,608,64,0,-1,608,63
149,608,64,0,0,608,64
149,608,64,0,1,608,65
149,608,64,0,8,608,72
149,608,64,1,-8,607,56
149,608,64,1,-1,607,63
149,608,64,1,0,607,64
149,608,64,1,1,607,65
149,608,64,1,8,607,72
149,608,64,8,-8,600,56
149,608,64,8,-1,600,63
149,608,64,8,0,600,64
149,608,64,8,1,600,65
149,608,64,8,8,600,72
149,608,576,-8,-8,600,568
149,608,576,-8,-1,600,575
149,608,576,-8,0,600,576
149,608,576,-8,1,600,577
149,608,576,-8,8,600,584
149,608,576,-1,-8,607,568
149,608,576,-1,-1,607,575
149,608,576,-1,0,607,576
149,608,576,-1,1,607,577
149,608,576,-1,8,607,584
149,608,576,0,-8,608,568
149,608,576,0,-1,608,575
149,608,576,0,0,608,576
149,608,576,0,1,608,577
149,608,576,0,8,608,584
149,608,576,1,-8,607,568
149,608,576,1,-1,607,575
149,608,576,1,0,607,576
149,608,576,1,1,607,577
149,608,576,1,8,607,584
149,608,576,8,-8,600,568
149,608,576,8,-1,600,575
149,608,576,8,0,600,576
149,608,576,8,1,600,577
149,608,576,8,8,600,584
149,608,1088,-8,-8,600,1080
149,608,1088,-8,-1,600,1087
149,608,1088,-8,0,600,1088
149,608,1088,-8,1,600,1089
149,608,1088,-8,8,600,1096
149,608,1088,-1,-8,607,1080
149,608,1088,-1,-1,607,1087
149,608,1088,-1,0,607,1088
149,608,1088,-1,1,607,1089
149,608,1088,-1,8,607,1096
149,608,1088,0,-8,608,1080
149,608,1088,0,-1,608,1087
149,608,1088,0,0,608,1088
149,608,1088,0,1,608,1089
149,608,1088,0,8,608,1096
149,608,1088,1,-8,607,1080
149,608,1088,1,-1,607,1087
149,608,1088,1,0,607,1088
149,608,1088,1,1,607,1089
149,608,1088,1,8,607,1096
149,608,1088,8,-8,600,1080
149,608,1088,8,-1,600,1087
149,608,1088,8,0,600,1088
149,608,1088,8,1,600,1089
149,608,1088,8,8,600,1096
149,608,1119,-8,-8,600,1111
149,608,1119,-8,-1,600,1118
149,608,1119,-8,0,600,1119
149,608,1119,-8,1,600,1120
149,608,1119,-8,8,600,1113
149,608,1119,-1,-8,607,1111
149,608,1119,-1,-1,607,1118
149,608,1119,-1,0,607,1119
149,608,1119,-1,1,607,1120
149,608,1119,-1,8,607,1113
149,608,1119,0,-8,608,1111
149,608,1119,0,-1,608,1118
149,608,1119,0,0,608,1119
149,608,1119,0,1,608,1120
149,608,1119,0,8,608,1113
149,608,1119,1,-8,607,1111
149,608,1119,1,-1,607,1118
149,608,1119,1,0,607,1119
149,608,1119,1,1,607,1120
149,608,1119,1,8,607,1113
149,608,1119,8,-8,600,1111
149,608,1119,8,-1,600,1118
149,608,1119,8,0,600,1119
149,608,1119,8,1,600,1120
149,608,1119,8,8,600,1113
149,608,1120,-8,-8,600,1112
149,608,1120,-8,-1,600,1119
149,608,1120,-8,0,600,1120
149,608,1120,-8,1,600,1119
149,608,1120,-8,8,600,1112
149,608,1120,-1,-8,607,1112
149,608,1120,-1,-1,607,1119
149,608,1120,-1,0,607,1120
149,608,1120,-1,1,607,1119
149,608,1120,-1,8,607,1112
149,608,1120,0,-8,608,1112
149,608,1120,0,-1,608,1119
149,608,1120,0,0,608,1120
149,608,1120,0,1,608,1119
149,608,1120,0,8,608,1112
149,608,1120,1,-8,607,1112
149,608,1120,1,-1,607,1119
149,608,1120,1,0,607,1120
149,608,1120,1,1,607,1119
149,608,1120,1,8,607,1112
149,608,1120,8,-8,600,1112
149,608,1120,8,-1,600,1119
149,608,1120,8,0,600,1120
149,608,1120,8,1,600,1119
149,608,1120,8,8,600,1112
150,32,32,-8,-8,48,48
150,32,32,-8,-1,48,34
150,32,32,-8,0,48,32
150,32,32,-8,1,48,34
150,32,32,-8,8,48,48
150,32,32,-1,-8,34,48
150,32,32,-1,-1,34,34
150,32,32,-1,0,34,32
150,32,32,-1,1,34,34
150,32,32,-1,8,34,48
150,32,32,0,-8,32,48
150,32,32,0,-1,32,34
150,32,32,0,0,32,32
150,32,32,0,1,32,34
150,32,32,0,8,32,48
150,32,32,1,-8,34,48
150,32,32,1,-1,34,34
150,32,32,1,0,34,32
150,32,32,1,1,34,34
150,32,32,1,8,34,48
150,32,32,8,-8,48,48
150,32,32,8,-1,48,34
150,32,32,8,0,48,32
150,32,32,8,1,48,34
150,32,32,8,8,48,48
150,32,33,-8,-8,48,47
150,32,33,-8,-1,48,33
150,32,33,-8,0,48,33
150,32,33,-8,1,48,35
150,32,33,-8,8,48,49
150,32,33,-1,-8,34,47
150,32,33,-1,-1,34,33
150,32,33,-1,0,34,33
150,32,33,-1,1,34,35
150,32,33,-1,8,34,49
150,32,33,0,-8,32,47
150,32,33,0,-1,32,33
150,32,33,0,0,32,33
150,32,33,0,1,32,35
150,32,33,0,8,32,49
150,32,33,1,-8,34,47
150,32,33,1,-1,34,33
150,32,33,1,0,34,33
150,32,33,1,1,34,35
150,32,33,1,8,34,49
150,32,33,8,-8,48,47
150,32,33,8,-1,48,33
150,32,33,8,0,48,33
150,32,33,8,1,48,35
150,32,33,8,8,48,49
150,32,64,-8,-8,48,48
150,32,64,-8,-1,48,62
150,32,64,-8,0,48,64
150,32,64,-8,1,48,66
150,32,64,-8,8,48,80
150,32,64,-1,-8,34,48
150,32,64,-1,-1,34,62
150,32,64,-1,0,34,64
150,32,64,-1,1,34,66
150,32,64,-1,8,34,80
150,32,64,0,-8,32,48
150,32,64,0,-1,32,62
150,32,64,0,0,32,64
150,32,64,0,1,32,66
150,32,64,0,8,32,80
150,32,64,1,-8,34,48
150,32,64,1,-1,34,62
150,32,64,1,0,34,64
150,32,64,1,1,34,66
150,32,64,1,8,34,80
150,32,64,8,-8,48,48
150,32,64,8,-1,48,62
150,32,64,8,0,48,64
150,32,64,8,1,48,66
150,32,64,8,8,48,80
150,32,576,-8,-8,48,560
150,32,576,-8,-1,48,574
150,32,576,-8,0,48,576
150,32,576,-8,1,48,578
150,32,576,-8,8,48,592
150,32,576,-1,-8,34,560
150,32,576,-1,-1,34,574
150,32,576,-1,0,34,576
150,32,576,-1,1,34,578
150,32,576,-1,8,34,592
150,32,576,0,-8,32,560
150,32,576,0,-1,32,574
150,32,576,0,0,32,576
150,32,576,0,1,32,578
150,32,576,0,8,32,592
150,32,576,1,-8,34,560
150,32,576,1,-1,34,574
150,32,576,1,0,34,576
150,32,576,1,1,34,578
150,32,576,1,8,34,592
150,32,576,8,-8,48,560
150,32,576,8,-1,48,574
150,32,576,8,0,48,576
150,32,576,8,1,48,578
150,32,576,8,8,48,592
150,32,1088,-8,-8,48,1072
150,32,1088,-8,-1,48,1086
150,32,1088,-8,0,48,1088
150,32,1088,-8,1,48,1090
150,32,1088,-8,8,48,1104
150,32,1088,-1,-8,34,1072
150,32,1088,-1,-1,34,1086
150,32,1088,-1,0,34,1088
150,32,1088,-1,1,34,1090
150,32,1088,-1,8,34,1104
150,32,1088,0,-8,32,1072
150,32,1088,0,-1,32,1086
150,32,1088,0,0,32,1088
150,32,1088,0,1,32,1090
150,32,1088,0,8,32,1104
150,32,1088,1,-8,34,1072
150,32,1088,1,-1,34,1086
150,32,1088,1,0,34,1088
150,32,1088,1,1,34,1090
150,32,1088,1,8,34,1104
150,32,1088,8,-8,48,1072
150,32,1088,8,-1,48,1086
150,32,1088,8,0,48,1088
150,32,1088,8,1,48,1090
150,32,1088,8,8,48,1104
150,32,1119,-8,-8,48,1103
150,32,1119,-8,-1,48,1117
150,32,1119,-8,0,48,1119
150,32,1119,-8,1,48,1119
150,32,1119,-8,8,48,1105
150,32,1119,-1,-8,34,1103
150,32,1119,-1,-1,34,1117
150,32,1119,-1,0,34,1119
150,32,1119,-1,1,34,1119
150,32,1119,-1,8,34,1105
150,32,1119,0,-8,32,1103
150,32,1119,0,-1,32,1117
150,32,1119,0,0,32,1119
150,32,1119,0,1,32,1119
150,32,1119,0,8,32,1105
150,32,1119,1,-8,34,1103
150,32,1119,1,-1,34,1117
150,32,1119,1,0,34,1119
150,32,1119,1,1,34,1119
150,32,1119,1,8,34,1105
150,32,1119,8,-8,48,1103
150,32,1119,8,-1,48,1117
150,32,1119,8,0,48,1119
150,32,1119,8,1,48,1119
150,32,1119,8,8,48,1105
150,32,1120,-8,-8,48,1104
150,32,1120,-8,-1,48,1118
150,32,1120,-8,0,48,1120
150,32,1120,-8,1,48,1118
150,32,1120,-8,8,48,1104
150,32,1120,-1,-8,34,1104
150,32,1120,-1,-1,34,1118
150,32,1120,-1,0,34,1120
150,32,1120,-1,1,34,1118
150,32,1120,-1,8,34,1104
150,32,1120,0,-8,32,1104
150,32,1120,0,-1,32,1118
150,32,1120,0,0,32,1120
150,32,1120,0,1,32,1118
150,32,1120,0,8,32,1104
150,32,1120,1,-8,34,1104
150,32,1120,1,-1,34,1118
150,32,1120,1,0,34,1120
150,32,1120,1,1,34,1118
150,32,1120,1,8,34,1104
150,32,1120,8,-8,48,1104
150,32,1120,8,-1,48,1118
150,32,1120,8,0,48,1120
150,32,1120,8,1,48,1118
150,32,1120,8,8,48,1104
150,33,32,-8,-8,47,48
150,33,32,-8,-1,47,34
150,33,32,-8,0,47,32
150,33,32,-8,1,47,34
150,33,32,-8,8,47,48
150,33,32,-1,-8,33,48
150,33,32,-1,-1,33,34
150,33,32,-1,0,33,32
150,33,32,-1,1,33,34
150,33,32,-1,8,33,48
150,33,32,0,-8,33,48
150,33,32,0,-1,33,34
150,33,32,0,0,33,32
150,33,32,0,1,33,34
150,33,32,0,8,33,48
150,33,32,1,-8,35,48
150,33,32,1,-1,35,34
150,33,32,1,0,35,32
150,33,32,1,1,35,34
150,33,32,1,8,35,48
150,33,32,8,-8,49,48
150,33,32,8,-1,49,34
150,33,32,8,0,49,32
150,33,32,8,1,49,34
150,33,32,8,8,49,48
150,33,33,-8,-8,47,47
150,33,33,-8,-1,47,33
150,33,33,-8,0,47,33
150,33,33,-8,1,47,35
150,33,33,-8,8,47,49
150,33,33,-1,-8,33,47
150,33,33,-1,-1,33,33
150,33,33,-1,0,33,33
150,33,33,-1,1,33,35
150,33,33,-1,8,33,49
150,33,33,0,-8,33,47
150,33,33,0,-1,33,33
150,33,33,0,0,33,33
150,33,33,0,1,33,35
150,33,33,0,8,33,49
150,33,33,1,-8,35,47
150,33,33,1,-1,35,33
150,33,33,1,0,35,33
150,33,33,1,1,35,35
150,33,33,1,8,35,49
150,33,33,8,-8,49,47
150,33,33,8,-1,49,33
150,33,33,8,0,49,33
150,33,33,8,1,49,35
150,33,33,8,8,49,49
150,33,64,-8,-8,47,48
150,33,64,-8,-1,47,62
150,33,64,-8,0,47,64
150,33,64,-8,1,47,66
150,33,64,-8,8,47,80
150,33,64,-1,-8,33,48
150,33,64,-1,-1,33,62
150,33,64,-1,0,33,64
150,33,64,-1,1,33,66
150,33,64,-1,8,33,80
150,33,64,0,-8,33,48
150,33,64,0,-1,33,62
150,33,64,0,0,33,64
150,33,64,0,1,33,66
150,33,64,0,8,33,80
150,33,64,1,-8,35,48
150,33,64,1,-1,35,62
150,33,64,1,0,35,64
150,33,64,1,1,35,66
150,33,64,1,8,35,80
150,33,64,8,-8,49,48
150,33,64,8,-1,49,62
150,33,64,8,0,49,64
150,33,64,8,1,49,66
150,33,64,8,8,49,80
150,33,576,-8,-8,47,560
150,33,576,-8,-1,47,574
150,33,576,-8,0,47,576
150,33,576,-8,1,47,578
150,33,576,-8,8,47,592
150,33,576,-1,-8,33,560
150,33,576,-1,-1,33,574
150,33,576,-1,0,33,576
150,33,576,-1,1,33,578
150,33,576,-1,8,33,592
150,33,576,0,-8,33,560
150,33,576,0,-1,33,574
150,33,576,0,0,33,576
150,33,576,0,1,33,578
150,33,576,0,8,33,592
150,33,576,1,-8,35,560
150,33,576,1,-1,35,574
150,33,576,1,0,35,576
150,33,576,1,1,35,578
150,33,576,1,8,35,592
150,33,576,8,-8,49,560
150,33,576,8,-1,49,574
150,33,576,8,0,49,576
150,33,576,8,1,49,578
150,33,576,8,8,49,592
150,33,1088,-8,-8,47,1072
150,33,1088,-8,-1,47,1086
150,33,1088,-8,0,47,1088
150,33,1088,-8,1,47,1090
150,33,1088,-8,8,47,1104
150,33,1088,-1,-8,33,1072
150,33,1088,-1,-1,33,1086
150,33,1088,-1,0,33,1088
150,33,1088,-1,1,33,1090
150,33,1088,-1,8,33,1104
150,33,1088,0,-8,33,1072
150,33,1088,0,-1,33,1086
150,33,1088,0,0,33,1088
150,33,1088,0,1,33,1090
150,33,1088,0,8,33,1104
150,33,1088,1,-8,35,1072
150,33,1088,1,-1,35,1086
150,33,1088,1,0,35,1088
150,33,1088,1,1,35,1090
150,33,1088,1,8,35,1104
150,33,1088,8,-8,49,1072
150,33,1088,8,-1,49,1086
150,33,1088,8,0,49,1088
150,33,1088,8,1,49,1090
150,33,1088,8,8,49,1104
150,33,1119,-8,-8,47,1103
150,33,1119,-8,-1,47,1117
150,33,1119,-8,0,47,1119
150,33,1119,-8,1,47,1119
150,33,1119,-8,8,47,1105
150,33,1119,-1,-8,33,1103
150,33,1119,-1,-1,33,1117
150,33,1119,-1,0,33,1119
150,33,1119,-1,1,33,1119
150,33,1119,-1,8,33,1105
150,33,1119,0,-8,33,1103
150,33,1119,0,-1,33,1117
150,33,1119,0,0,33,1119
150,33,1119,0,1,33,1119
150,33,1119,0,8,33,1105
150,33,1119,1,-8,35,1103
150,33,1119,1,-1,35,1117
150,33,1119,1,0,35,1119
150,33,1119,1,1,35,1119
150,33,1119,1,8,35,1105
150,33,1119,8,-8,49,1103
150,33,1119,8,-1,49,1117
150,33,1119,8,0,49,1119
150,33,1119,8,1,49,1119
150,33,1119,8,8,49,1105
150,33,1120,-8,-8,47,1104
150,33,1120,-8,-1,47,1118
150,33,1120,-8,0,47,1120
150,33,1120,-8,1,47,1118
150,33,1120,-8,8,47,1104
150,33,1120,-1,-8,33,1104
150,33,1120,-1,-1,33,1118
150,33,1120,-1,0,33,1120
150,33,1120,-1,1,33,1118
150,33,1120,-1,8,33,1104
150,33,1120,0,-8,33,1104
150,33,1120,0,-1,33,1118
150,33,1120,0,0,33,1120
150,33,1120,0,1,33,1118
150,33,1120,0,8,33,1104
150,33,1120,1,-8,35,1104
150,33,1120,1,-1,35,1118
150,33,1120,1,0,35,1120
150,33,1120,1,1,35,1118
150,33,1120,1,8,35,1104
150,33,1120,8,-8,49,1104
150,33,1120,8,-1,49,1118
150,33,1120,8,0,49,1120
150,33,1120,8,1,49,1118
150,33,1120,8,8,49,1104
150,64,32,-8,-8,48,48
150,64,32,-8,-1,48,34
150,64,32,-8,0,48,32
150,64,32,-8,1,48,34
150,64,32,-8,8,48,48
150,64,32,-1,-8,62,48
150,64,32,-1,-1,62,34
150,64,32,-1,0,62,32
150,64,32,-1,1,62,34
150,64,32,-1,8,62,48
150,64,32,0,-8,64,48
150,64,32,0,-1,64,34
150,64,32,0,0,64,32
150,64,32,0,1,64,34
150,64,32,0,8,64,48
150,64,32,1,-8,66,48
150,64,32,1,-1,66,34
150,64,32,1,0,66,32
150,64,32,1,1,66,34
150,64,32,1,8,66,48
150,64,32,8,-8,80,48
150,64,32,8,-1,80,34
150,64,32,8,0,80,32
150,64,32,8,1,80,34
150,64,32,8,8,80,48
150,64,33,-8,-8,48,47
150,64,33,-8,-1,48,33
150,64,33,-8,0,48,33
150,64,33,-8,1,48,35
150,64,33,-8,8,48,49
150,64,33,-1,-8,62,47
150,64,33,-1,-1,62,33
150,64,33,-1,0,62,33
150,64,33,-1,1,62,35
150,64,33,-1,8,62,49
150,64,33,0,-8,64,47
150,64,33,0,-1,64,33
150,64,33,0,0,64,33
150,64,33,0,1,64,35
150,64,33,0,8,64,49
150,64,33,1,-8,66,47
150,64,33,1,-1,66,33
150,64,33,1,0,66,33
150,64,33,1,1,66,35
150,64,33,1,8,66,49
150,64,33,8,-8,80,47
150,64,33,8,-1,80,33
150,64,33,8,0,80,33
150,64,33,8,1,80,35
150,64,33,8,8,80,49
150,64,64,-8,-8,48,48
150,64,64,-8,-1,48,62
150,64,64,-8,0,48,64
150,64,64,-8,1,48,66
150,64,64,-8,8,48,80
150,64,64,-1,-8,62,48
150,64,64,-1,-1,62,62
150,64,64,-1,0,62,64
150,64,64,-1,1,62,66
150,64,64,-1,8,62,80
150,64,64,0,-8,64,48
150,64,64,0,-1,64,62
150,64,64,0,0,64,64
150,64,64,0,1,64,66
150,64,64,0,8,64,80
150,64,64,1,-8,66,48
150,64,64,1,-1,66,62
150,64,64,1,0,66,64
150,64,64,1,1,66,66
150,64,64,1,8,66,80
150,64,64,8,-8,80,48
150,64,64,8,-1,80,62
150,64,64,8,0,80,64
150,64,64,8,1,80,66
150,64,64,8,8,80,80
150,64,576,-8,-8,48,560
150,64,576,-8,-1,48,574
150,64,576,-8,0,48,576
150,64,576,-8,1,48,578
150,64,576,-8,8,48,592
150,64,576,-1,-8,62,560
150,64,576,-1,-1,62,574
150,64,576,-1,0,62,576
150,64,576,-1,1,62,578
150,64,576,-1,8,62,592
150,64,576,0,-8,64,560
150,64,576,0,-1,64,574
150,64,576,0,0,64,576
150,64,576,0,1,64,578
150,64,576,0,8,64,592
150,64,576,1,-8,66,560
150,64,576,1,-1,66,574
150,64,576,1,0,66,576
150,64,576,1,1,66,578
150,64,576,1,8,66,592
150,64,576,8,-8,80,560
150,64,576,8,-1,80,574
150,64,576,8,0,80,576
150,64,576,8,1,80,578
150,64,576,8,8,80,592
150,64,1088,-8,-8,48,1072
150,64,1088,-8,-1,48,1086
150,64,1088,-8,0,48,1088
150,64,1088,-8,1,48,1090
150,64,1088,-8,8,48,1104
150,64,1088,-1,-8,62,1072
150,64,1088,-1,-1,62,1086
150,64,1088,-1,0,62,1088
150,64,1088,-1,1,62,1090
150,64,1088,-1,8,62,1104
150,64,1088,0,-8,64,1072
150,64,1088,0,-1,64,1086
150,64,1088,0,0,64,1088
150,64,1088,0,1,64,1090
150,64,1088,0,8,64,1104
150,64,1088,1,-8,66,1072
150,64,1088,1,-1,66,1086
150,64,1088,1,0,66,1088
150,64,1088,1,1,66,1090
150,64,1088,1,8,66,1104
150,64,1088,8,-8,80,1072
150,64,1088,8,-1,80,1086
150,64,1088,8,0,80,1088
150,64,1088,8,1,80,1090
150,64,1088,8,8,80,1104
150,64,1119,-8,-8,48,1103
150,64,1119,-8,-1,48,1117
150,64,1119,-8,0,48,1119
150,64,1119,-8,1,48,1119
150,64,1119,-8,8,48,1105
150,64,1119,-1,-8,62,1103
150,64,1119,-1,-1,62,1117
150,64,1119,-1,0,62,1119
150,64,1119,-1,1,62,1119
150,64,1119,-1,8,62,1105
150,64,1119,0,-8,64,1103
150,64,1119,0,-1,64,1117
150,64,1119,0,0,64,1119
150,64,1119,0,1,64,1119
150,64,1119,0,8,64,1105
150,64,1119,1,-8,66,1103
150,64,1119,1,-1,66,1117
150,64,1119,1,0,66,1119
150,64,1119,1,1,66,1119
150,64,1119,1,8,66,1105
150,64,1119,8,-8,80,1103
150,64,1119,8,-1,80,1117
150,64,1119,8,0,80,1119
150,64,1119,8,1,80,1119
150,64,1119,8,8,80,1105
150,64,1120,-8,-8,48,1104
150,64,1120,-8,-1,48,1118
150,64,1120,-8,0,48,1120
150,64,1120,-8,1,48,1118
150,64,1120,-8,8,48,1104
150,64,1120,-1,-8,62,1104
150,64,1120,-1,-1,62,1118
150,64,1120,-1,0,62,1120
150,64,1120,-1,1,62,1118
150,64,1120,-1,8,62,1104
150,64,1120,0,-8,64,1104
150,64,1120,0,-1,64,1118
150,64,1120,0,0,64,1120
150,64,1120,0,1,64,1118
150,64,1120,0,8,64,1104
150,64,1120,1,-8,66,1104
150,64,1120,1,-1,66,1118
150,64,1120,1,0,66,1120
150,64,1120,1,1,66,1118
150,64,1120,1,8,66,1104
150,64,1120,8,-8,80,1104
150,64,1120,8,-1,80,1118
150,64,1120,8,0,80,1120
150,64,1120,8,1,80,1118
150,64,1120,8,8,80,1104
150,320,32,-8,-8,304,48
150,320,32,-8,-1,304,34
150,320,32,-8,0,304,32
150,320,32,-8,1,304,34
150,320,32,-8,8,304,48
150,320,32,-1,-8,318,48
150,320,32,-1,-1,318,34
150,320,32,-1,0,318,32
150,320,32,-1,1,318,34
150,320,32,-1,8,318,48
150,320,32,0,-8,320,48
150,320,32,0,-1,320,34
150,320,32,0,0,320,32
150,320,32,0,1,320,34
150,320,32,0,8,320,48
150,320,32,1,-8,322,48
150,320,32,1,-1,322,34
150,320,32,1,0,322,32
150,320,32,1,1,322,34
150,320,32,1,8,322,48
150,320,32,8,-8,336,48
150,320,32,8,-1,336,34
150,320,32,8,0,336,32
150,320,32,8,1,336,34
150,320,32,8,8,336,48
150,320,33,-8,-8,304,47
150,320,33,-8,-1,304,33
150,320,33,-8,0,304,33
150,320,33,-8,1,304,35
150,320,33,-8,8,304,49
150,320,33,-1,-8,318,47
150,320,33,-1,-1,318,33
150,320,33,-1,0,318,33
150,320,33,-1,1,318,35
150,320,33,-1,8,318,49
150,320,33,0,-8,320,47
150,320,33,0,-1,320,33
150,320,33,0,0,320,33
150,320,33,0,1,320,35
150,320,33,0,8,320,49
150,320,33,1,-8,322,47
150,320,33,1,-1,322,33
150,320,33,1,0,322,33
150,320,33,1,1,322,35
150,320,33,1,8,322,49
150,320,33,8,-8,336,47
150,320,33,8,-1,336,33
150,320,33,8,0,336,33
150,320,33,8,1,336,35
150,320,33,8,8,336,49
150,320,64,-8,-8,304,48
150,320,64,-8,-1,304,62
150,320,64,-8,0,304,64
150,320,64,-8,1,304,66
150,320,64,-8,8,304,80
150,320,64,-1,-8,318,48
150,320,64,-1,-1,318,62
150,320,64,-1,0,318,64
150,320,64,-1,1,318,66
150,320,64,-1,8,318,80
150,320,64,0,-8,320,48
150,320,64,0,-1,320,62
150,320,64,0,0,320,64
150,320,64,0,1,320,66
150,320,64,0,8,320,80
150,320,64,1,-8,322,48
150,320,64,1,-1,322,62
150,320,64,1,0,322,64
150,320,64,1,1,322,66
150,320,64,1,8,322,80
150,320,64,8,-8,336,48
150,320,64,8,-1,336,62
150,320,64,8,0,336,64
150,320,64,8,1,336,66
150,320,64,8,8,336,80
150,320,576,-8,-8,304,560
150,320,576,-8,-1,304,574
150,320,576,-8,0,304,576
150,320,576,-8,1,304,578
150,320,576,-8,8,304,592
150,320,576,-1,-8,318,560
150,320,576,-1,-1,318,574
150,320,576,-1,0,318,576
150,320,576,-1,1,318,578
150,320,576,-1,8,318,592
150,320,576,0,-8,320,560
150,320,576,0,-1,320,574
150,320,576,0,0,320,576
150,320,576,0,1,320,578
150,320,576,0,8,320,592
150,320,576,1,-8,322,560
150,320,576,1,-1,322,574
150,320,576,1,0,322,576
150,320,576,1,1,322,578
150,320,576,1,8,322,592
150,320,576,8,-8,336,560
150,320,576,8,-1,336,574
150,320,576,8,0,336,576
150,320,576,8,1,336,578
150,320,576,8,8,336,592
150,320,1088,-8,-8,304,1072
150,320,1088,-8,-1,304,1086
150,320,1088,-8,0,304,1088
150,320,1088,-8,1,304,1090
150,320,1088,-8,8,304,1104
150,320,1088,-1,-8,318,1072
150,320,1088,-1,-1,318,1086
150,320,1088,-1,0,318,1088
150,320,1088,-1,1,318,1090
150,320,1088,-1,8,318,1104
150,320,1088,0,-8,320,1072
150,320,1088,0,-1,320,1086
150,320,1088,0,0,320,1088
150,320,1088,0,1,320,1090
150,320,1088,0,8,320,1104
150,320,1088,1,-8,322,1072
150,320,1088,1,-1,322,1086
150,320,1088,1,0,322,1088
150,320,1088,1,1,322,1090
150,320,1088,1,8,322,1104
150,320,1088,8,-8,336,1072
150,320,1088,8,-1,336,1086
150,320,1088,8,0,336,1088
150,320,1088,8,1,336,1090
150,320,1088,8,8,336,1104
150,320,1119,-8,-8,304,1103
150,320,1119,-8,-1,304,1117
150,320,1119,-8,0,304,1119
150,320,1119,-8,1,304,1119
150,320,1119,-8,8,304,1105
150,320,1119,-1,-8,318,1103
150,320,1119,-1,-1,318,1117
150,320,1119,-1,0,318,1119
150,320,1119,-1,1,318,1119
150,320,1119,-1,8,318,1105
150,320,1119,0,-8,320,1103
150,320,1119,0,-1,320,1117
150,320,1119,0,0,320,1119
150,320,1119,0,1,320,1119
150,320,1119,0,8,320,1105
150,320,1119,1,-8,322,1103
150,320,1119,1,-1,322,1117
150,320,1119,1,0,322,1119
150,320,1119,1,1,322,1119
150,320,1119,1,8,322,1105
150,320,1119,8,-8,336,1103
150,320,1119,8,-1,336,1117
150,320,1119,8,0,336,1119
150,320,1119,8,1,336,1119
150,320,1119,8,8,336,1105
150,320,1120,-8,-8,304,1104
150,320,1120,-8,-1,304,1118
150,320,1120,-8,0,304,1120
150,320,1120,-8,1,304,1118
150,320,1120,-8,8,304,1104
150,320,1120,-1,-8,318,1104
150,320,1120,-1,-1,318,1118
150,320,1120,-1,0,318,1120
150,320,1120,-1,1,318,1118
150,320,1120,-1,8,318,1104
150,320,1120,0,-8,320,1104
150,320,1120,0,-1,320,1118
150,320,1120,0,0,320,1120
150,320,1120,0,1,320,1118
150,320,1120,0,8,320,1104
150,320,1120,1,-8,322,1104
150,320,1120,1,-1,322,1118
150,320,1120,1,0,322,1120
150,320,1120,1,1,322,1118
150,320,1120,1,8,322,1104
150,320,1120,8,-8,336,1104
150,320,1120,8,-1,336,1118
150,320,1120,8,0,336,1120
150,320,1120,8,1,336,1118
150,320,1120,8,8,336,1104
150,576,32,-8,-8,560,48
150,576,32,-8,-1,560,34
150,576,32,-8,0,560,32
150,576,32,-8,1,560,34
150,576,32,-8,8,560,48
150,576,32,-1,-8,574,48
150,576,32,-1,-1,574,34
150,576,32,-1,0,574,32
150,576,32,-1,1,574,34
150,576,32,-1,8,574,48
150,576,32,0,-8,576,48
150,576,32,0,-1,576,34
150,576,32,0,0,576,32
150,576,32,0,1,576,34
150,576,32,0,8,576,48
150,576,32,1,-8,578,48
150,576,32,1,-1,578,34
150,576,32,1,0,578,32
150,576,32,1,1,578,34
150,576,32,1,8,578,48
150,576,32,8,-8,592,48
150,576,32,8,-1,592,34
150,576,32,8,0,592,32
150,576,32,8,1,592,34
150,576,32,8,8,592,48
150,576,33,-8,-8,560,47
150,576,33,-8,-1,560,33
150,576,33,-8,0,560,33
150,576,33,-8,1,560,35
150,576,33,-8,8,560,49
150,576,33,-1,-8,574,47
150,576,33,-1,-1,574,33
150,576,33,-1,0,574,33
150,576,33,-1,1,574,35
150,576,33,-1,8,574,49
150,576,33,0,-8,576,47
150,576,33,0,-1,576,33
150,576,33,0,0,576,33
150,576,33,0,1,576,35
150,576,33,0,8,576,49
150,576,33,1,-8,578,47
150,576,33,1,-1,578,33
150,576,33,1,0,578,33
150,576,33,1,1,578,35
150,576,33,1,8,578,49
150,576,33,8,-8,592,47
150,576,33,8,-1,592,33
150,576,33,8,0,592,33
150,576,33,8,1,592,35
150,576,33,8,8,592,49
150,576,64,-8,-8,560,48
150,576,64,-8,-1,560,62
150,576,64,-8,0,560,64
150,576,64,-8,1,560,66
150,576,64,-8,8,560,80
150,576,64,-1,-8,574,48
150,576,64,-1,-1,574,62
150,576,64,-1,0,574,64
150,576,64,-1,1,574,66
150,576,64,-1,8,574,80
150,576,64,0,-8,576,48
150,576,64,0,-1,576,62
150,576,64,0,0,576,64
150,576,64,0,1,576,66
150,576,64,0,8,576,80
150,576,64,1,-8,578,48
150,576,64,1,-1,578,62
150,576,64,1,0,578,64
150,576,64,1,1,578,66
150,576,64,1,8,578,80
150,576,64,8,-8,592,48
150,576,64,8,-1,592,62
150,576,64,8,0,592,64
150,576,64,8,1,592,66
150,576,64,8,8,592,80
150,576,576,-8,-8,560,560
150,576,576,-8,-1,560,574
150,576,576,-8,0,560,576
150,576,576,-8,1,560,578
150,576,576,-8,8,560,592
150,576,576,-1,-8,574,560
150,576,576,-1,-1,574,574
150,576,576,-1,0,574,576
150,576,576,-1,1,574,578
150,576,576,-1,8,574,592
150,576,576,0,-8,576,560
150,576,576,0,-1,576,574
150,576,576,0,0,576,576
150,576,576,0,1,576,578
150,576,576,0,8,576,592
150,576,576,1,-8,578,560
150,576,576,1,-1,578,574
150,576,576,1,0,578,576
150,576,576,1,1,578,578
150,576,576,1,8,578,592
150,576,576,8,-8,592,560
150,576,576,8,-1,592,574
150,576,576,8,0,592,576
150,576,576,8,1,592,578
150,576,576,8,8,592,592
150,576,1088,-8,-8,560,1072
150,576,1088,-8,-1,560,1086
150,576,1088,-8,0,560,1088
150,576,1088,-8,1,560,1090
150,576,1088,-8,8,560,1104
150,576,1088,-1,-8,574,1072
150,576,1088,-1,-1,574,1086
150,576,1088,-1,0,574,1088
150,576,1088,-1,1,574,1090
150,576,1088,-1,8,574,1104
150,576,1088,0,-8,576,1072
150,576,1088,0,-1,576,1086
150,576,1088,0,0,576,1088
150,576,1088,0,1,576,1090
150,576,1088,0,8,576,1104
150,576,1088,1,-8,578,1072
150,576,1088,1,-1,578,1086
150,576,1088,1,0,578,1088
150,576,1088,1,1,578,1090
150,576,1088,1,8,578,1104
150,576,1088,8,-8,592,1072
150,576,1088,8,-1,592,1086
150,576,1088,8,0,592,1088
150,576,1088,8,1,592,1090
150,576,1088,8,8,592,1104
150,576,1119,-8,-8,560,1103
150,576,1119,-8,-1,560,1117
150,576,1119,-8,0,560,1119
150,576,1119,-8,1,560,1119
150,576,1119,-8,8,560,1105
150,576,1119,-1,-8,574,1103
150,576,1119,-1,-1,574,1117
150,576,1119,-1,0,574,1119
150,576,1119,-1,1,574,1119
150,576,1119,-1,8,574,1105
150,576,1119,0,-8,576,1103
150,576,1119,0,-1,576,1117
150,576,1119,0,0,576,1119
150,576,1119,0,1,576,1119
150,576,1119,0,8,576,1105
150,576,1119,1,-8,578,1103
150,576,1119,1,-1,578,1117
150,576,1119,1,0,578,1119
150,576,1119,1,1,578,1119
150,576,1119,1,8,578,1105
150,576,1119,8,-8,592,1103
150,576,1119,8,-1,592,1117
150,576,1119,8,0,592,1119
150,576,1119,8,1,592,1119
150,576,1119,8,8,592,1105
150,576,1120,-8,-8,560,1104
150,576,1120,-8,-1,560,1118
150,576,1120,-8,0,560,1120
150,576,1120,-8,1,560,1118
150,576,1120,-8,8,560,1104
150,576,1120,-1,-8,574,1104
150,576,1120,-1,-1,574,1118
150,576,1120,-1,0,574,1120
150,576,1120,-1,1,574,1118
150,576,1120,-1,8,574,1104
150,576,1120,0,-8,576,1104
150,576,1120,0,-1,576,1118
150,576,1120,0,0,576,1120
150,576,1120,0,1,576,1118
150,576,1120,0,8,576,1104
150,576,1120,1,-8,578,1104
150,576,1120,1,-1,578,1118
150,576,1120,1,0,578,1120
150,576,1120,1,1,578,1118
150,576,1120,1,8,578,1104
150,576,1120,8,-8,592,1104
150,576,1120,8,-1,592,1118
150,576,1120,8,0,592,1120
150,576,1120,8,1,592,1118
150,576,1120,8,8,592,1104
150,607,32,-8,-8,591,48
150,607,32,-8,-1,591,34
150,607,32,-8,0,591,32
150,607,32,-8,1,591,34
150,607,32,-8,8,591,48
150,607,32,-1,-8,605,48
150,607,32,-1,-1,605,34
150,607,32,-1,0,605,32
150,607,32,-1,1,605,34
150,607,32,-1,8,605,48
150,607,32,0,-8,607,48
150,607,32,0,-1,607,34
150,607,32,0,0,607,32
150,607,32,0,1,607,34
150,607,32,0,8,607,48
150,607,32,1,-8,607,48
150,607,32,1,-1,607,34
150,607,32,1,0,607,32
150,607,32,1,1,607,34
150,607,32,1,8,607,48
150,607,32,8,-8,593,48
150,607,32,8,-1,593,34
150,607,32,8,0,593,32
150,607,32,8,1,593,34
150,607,32,8,8,593,48
150,607,33,-8,-8,591,47
150,607,33,-8,-1,591,33
150,607,33,-8,0,591,33
150,607,33,-8,1,591,35
150,607,33,-8,8,591,49
150,607,33,-1,-8,605,47
150,607,33,-1,-1,605,33
150,607,33,-1,0,605,33
150,607,33,-1,1,605,35
150,607,33,-1,8,605,49
150,607,33,0,-8,607,47
150,607,33,0,-1,607,33
150,607,33,0,0,607,33
150,607,33,0,1,607,35
150,607,33,0,8,607,49
150,607,33,1,-8,607,47
150,607,33,1,-1,607,33
150,607,33,1,0,607,33
150,607,33,1,1,607,35
150,607,33,1,8,607,49
150,607,33,8,-8,593,47
150,607,33,8,-1,593,33
150,607,33,8,0,593,33
150,607,33,8,1,593,35
150,607,33,8,8,593,49
150,607,64,-8,-8,591,48
150,607,64,-8,-1,591,62
150,607,64,-8,0,591,64
150,607,64,-8,1,591,66
150,607,64,-8,8,591,80
150,607,64,-1,-8,605,48
150,607,64,-1,-1,605,62
150,607,64,-1,0,605,64
150,607,64,-1,1,605,66
150,607,64,-1,8,605,80
150,607,64,0,-8,607,48
150,607,64,0,-1,607,62
150,607,64,0,0,607,64
150,607,64,0,1,607,66
150,607,64,0,8,607,80
150,607,64,1,-8,607,48
150,607,64,1,-1,607,62
150,607,64,1,0,607,64
150,607,64,1,1,607,66
150,607,64,1,8,607,80
150,607,64,8,-8,593,48
150,607,64,8,-1,593,62
150,607,64,8,0,593,64
150,607,64,8,1,593,66
150,607,64,8,8,593,80
150,607,576,-8,-8,591,560
150,607,576,-8,-1,591,574
150,607,576,-8,0,591,576
150,607,576,-8,1,591,578
150,607,576,-8,8,591,592
150,607,576,-1,-8,605,560
150,607,576,-1,-1,605,574
150,607,576,-1,0,605,576
150,607,576,-1,1,605,578
150,607,576,-1,8,605,592
150,607,576,0,-8,607,560
150,607,576,0,-1,607,574
150,607,576,0,0,607,576
150,607,576,0,1,607,578
150,607,576,0,8,607,592
150,607,576,1,-8,607,560
150,607,576,1,-1,607,574
150,607,576,1,0,607,576
150,607,576,1,1,607,578
150,607,576,1,8,607,592
150,607,576,8,-8,593,560
150,607,576,8,-1,593,574
150,607,576,8,0,593,576
150,607,576,8,1,593,578
150,607,576,8,8,593,592
150,607,1088,-8,-8,591,1072
150,607,1088,-8,-1,591,1086
150,607,1088,-8,0,591,1088
150,607,1088,-8,1,591,1090
150,607,1088,-8,8,591,1104
150,607,1088,-1,-8,605,1072
150,607,1088,-1,-1,605,1086
150,607,1088,-1,0,605,1088
150,607,1088,-1,1,605,1090
150,607,1088,-1,8,605,1104
150,607,1088,0,-8,607,1072
150,607,1088,0,-1,607,1086
150,607,1088,0,0,607,1088
150,607,1088,0,1,607,1090
150,607,1088,0,8,607,1104
150,607,1088,1,-8,607,1072
150,607,1088,1,-1,607,1086
150,607,1088,1,0,607,1088
150,607,1088,1,1,607,1090
150,607,1088,1,8,607,1104
150,607,1088,8,-8,593,1072
150,607,1088,8,-1,593,1086
150,607,1088,8,0,593,1088
150,607,1088,8,1,593,1090
150,607,1088,8,8,593,1104
150,607,1119,-8,-8,591,1103
150,607,1119,-8,-1,591,1117
150,607,1119,-8,0,591,1119
150,607,1119,-8,1,591,1119
150,607,1119,-8,8,591,1105
150,607,1119,-1,-8,605,1103
150,607,1119,-1,-1,605,1117
150,607,1119,-1,0,605,1119
150,607,1119,-1,1,605,1119
150,607,1119,-1,8,605,1105
150,607,1119,0,-8,607,1103
150,607,1119,0,-1,607,1117
150,607,1119,0,0,607,1119
150,607,1119,0,1,607,1119
150,607,1119,0,8,607,1105
150,607,1119,1,-8,607,1103
150,607,1119,1,-1,607,1117
150,607,1119,1,0,607,1119
150,607,1119,1,1,607,1119
150,607,1119,1,8,607,1105
150,607,1119,8,-8,593,1103
150,607,1119,8,-1,593,1117
150,607,1119,8,0,593,1119
150,607,1119,8,1,593,1119
150,607,1119,8,8,593,1105
150,607,1120,-8,-8,591,1104
150,607,1120,-8,-1,591,1118
150,607,1120,-8,0,591,1120
150,607,1120,-8,1,591,1118
150,607,1120,-8,8,591,1104
150,607,1120,-1,-8,605,1104
150,607,1120,-1,-1,605,1118
150,607,1120,-1,0,605,1120
150,607,1120,-1,1,605,1118
150,607,1120,-1,8,605,1104
150,607,1120,0,-8,607,1104
150,607,1120,0,-1,607,1118
150,607,1120,0,0,607,1120
150,607,1120,0,1,607,1118
150,607,1120,0,8,607,1104
150,607,1120,1,-8,607,1104
150,607,1120,1,-1,607,1118
150,607,1120,1,0,607,1120
150,607,1120,1,1,607,1118
150,607,1120,1,8,607,1104
150,607,1120,8,-8,593,1104
150,607,1120,8,-1,593,1118
150,607,1120,8,0,593,1120
150,607,1120,8,1,593,1118
150,607,1120,8,8,593,1104
150,608,32,-8,-8,592,48
150,608,32,-8,-1,592,34
150,608,32,-8,0,592,32
150,608,32,-8,1,592,34
150,608,32,-8,8,592,48
150,608,32,-1,-8,606,48
150,608,32,-1,-1,606,34
150,608,32,-1,0,606,32
150,608,32,-1,1,606,34
150,608,32,-1,8,606,48
150,608,32,0,-8,608,48
150,608,32,0,-1,608,34
150,608,32,0,0,608,32
150,608,32,0,1,608,34
150,608,32,0,8,608,48
150,608,32,1,-8,606,48
150,608,32,1,-1,606,34
150,608,32,1,0,606,32
150,608,32,1,1,606,34
150,608,32,1,8,606,48
150,608,32,8,-8,592,48
150,608,32,8,-1,592,34
150,608,32,8,0,592,32
150,608,32,8,1,592,34
150,608,32,8,8,592,48
150,608,33,-8,-8,592,47
150,608,33,-8,-1,592,33
150,608,33,-8,0,592,33
150,608,33,-8,1,592,35
150,608,33,-8,8,592,49
150,608,33,-1,-8,606,47
150,608,33,-1,-1,606,33
150,608,33,-1,0,606,33
150,608,33,-1,1,606,35
150,608,33,-1,8,606,49
150,608,33,0,-8,608,47
150,608,33,0,-1,608,33
150,608,33,0,0,608,33
150,608,33,0,1,608,35
150,608,33,0,8,608,49
150,608,33,1,-8,606,47
150,608,33,1,-1,606,33
150,608,33,1,0,606,33
150,608,33,1,1,606,35
150,608,33,1,8,606,49
150,608,33,8,-8,592,47
150,608,33,8,-1,592,33
150,608,33,8,0,592,33
150,608,33,8,1,592,35
150,608,33,8,8,592,49
150,608,64,-8,-8,592,48
150,608,64,-8,-1,592,62
150,608,64,-8,0,592,64
150,608,64,-8,1,592,66
150,608,64,-8,8,592,80
150,608,64,-1,-8,606,48
150,608,64,-1,-1,606,62
150,608,64,-1,0,606,64
150,608,64,-1,1,606,66
150,608,64,-1,8,606,80
150,608,64,0,-8,608,48
150,608,64,0,-1,608,62
150,608,64,0,0,608,64
150,608,64,0,1,608,66
150,608,64,0,8,608,80
150,608,64,1,-8,606,48
150,608,64,1,-1,606,62
150,608,64,1,0,606,64
150,608,64,1,1,606,66
150,608,64,1,8,606,80
150,608,64,8,-8,592,48
150,608,64,8,-1,592,62
150,608,64,8,0,592,64
150,608,64,8,1,592,66
150,608,64,8,8,592,80
150,608,576,-8,-8,592,560
150,608,576,-8,-1,592,574
150,608,576,-8,0,592,576
150,608,576,-8,1,592,578
150,608,576,-8,8,592,592
150,608,576,-1,-8,606,560
150,608,576,-1,-1,606,574
150,608,576,-1,0,606,576
150,608,576,-1,1,606,578
150,608,576,-1,8,606,592
150,608,576,0,-8,608,560
150,608,576,0,-1,608,574
150,608,576,0,0,608,576
150,608,576,0,1,608,578
150,608,576,0,8,608,592
150,608,576,1,-8,606,560
150,608,576,1,-1,606,574
150,608,576,1,0,606,576
150,608,576,1,1,606,578
150,608,576,1,8,606,592
150,608,576,8,-8,592,560
150,608,576,8,-1,592,574
150,608,576,8,0,592,576
150,608,576,8,1,592,578
150,608,576,8,8,592,592
150,608,1088,-8,-8,592,1072
150,608,1088,-8,-1,592,1086
150,608,1088,-8,0,592,1088
150,608,1088,-8,1,592,1090
150,608,1088,-8,8,592,1104
150,608,1088,-1,-8,606,1072
150,608,1088,-1,-1,606,1086
150,608,1088,-1,0,606,1088
150,608,1088,-1,1,606,1090
150,608,1088,-1,8,606,1104
150,608,1088,0,-8,608,1072
150,608,1088,0,-1,608,1086
150,608,1088,0,0,608,1088
150,608,1088,0,1,608,1090
150,608,1088,0,8,608,1104
150,608,1088,1,-8,606,1072
150,608,1088,1,-1,606,1086
150,608,1088,1,0,606,1088
150,608,1088,1,1,606,1090
150,608,1088,1,8,606,1104
150,608,1088,8,-8,592,1072
150,608,1088,8,-1,592,1086
150,608,1088,8,0,592,1088
150,608,1088,8,1,592,1090
150,608,1088,8,8,592,1104
150,608,1119,-8,-8,592,1103
150,608,1119,-8,-1,592,1117
150,608,1119,-8,0,592,1119
150,608,1119,-8,1,592,1119
150,608,1119,-8,8,592,1105
150,608,1119,-1,-8,606,1103
150,608,1119,-1,-1,606,1117
150,608,1119,-1,0,606,1119
150,608,1119,-1,1,606,1119
150,608,1119,-1,8,606,1105
150,608,1119,0,-8,608,1103
150,608,1119,0,-1,608,1117
150,608,1119,0,0,608,1119
150,608,1119,0,1,608,1119
150,608,1119,0,8,608,1105
150,608,1119,1,-8,606,1103
150,608,1119,1,-1,606,1117
150,608,1119,1,0,606,1119
150,608,1119,1,1,606,1119
150,608,1119,1,8,606,1105
150,608,1119,8,-8,592,1103
150,608,1119,8,-1,592,1117
150,608,1119,8,0,592,1119
150,608,1119,8,1,592,1119
150,608,1119,8,8,592,1105
150,608,1120,-8,-8,592,1104
150,608,1120,-8,-1,592,1118
150,608,1120,-8,0,592,1120
150,608,1120,-8,1,592,1118
150,608,1120,-8,8,592,1104
150,608,1120,-1,-8,606,1104
150,608,1120,-1,-1,606,1118
150,608,1120,-1,0,606,1120
150,608,1120,-1,1,606,1118
150,608,1120,-1,8,606,1104
150,608,1120,0,-8,608,1104
150,608,1120,0,-1,608,1118
150,608,1120,0,0,608,1120
150,608,1120,0,1,608,1118
150,608,1120,0,8,608,1104
150,608,1120,1,-8,606,1104
150,608,1120,1,-1,606,1118
150,608,1120,1,0,606,1120
150,608,1120,1,1,606,1118
150,608,1120,1,8,606,1104
150,608,1120,8,-8,592,1104
150,608,1120,8,-1,592,1118
150,608,1120,8,0,592,1120
150,608,1120,8,1,592,1118
150,608,1120,8,8,592,1104
199,32,32,-8,-8,48,48
199,32,32,-8,-1,48,34
199,32,32,-8,0,48,32
199,32,32,-8,1,48,34
199,32,32,-8,8,48,48
199,32,32,-1,-8,34,48
199,32,32,-1,-1,34,34
199,32,32,-1,0,34,32
199,32,32,-1,1,34,34
199,32,32,-1,8,34,48
199,32,32,0,-8,32,48
199,32,32,0,-1,32,34
199,32,32,0,0,32,32
199,32,32,0,1,32,34
199,32,32,0,8,32,48
199,32,32,1,-8,34,48
199,32,32,1,-1,34,34
199,32,32,1,0,34,32
199,32,32,1,1,34,34
199,32,32,1,8,34,48
199,32,32,8,-8,48,48
199,32,32,8,-1,48,34
199,32,32,8,0,48,32
199,32,32,8,1,48,34
199,32,32,8,8,48,48
199,32,33,-8,-8,48,47
199,32,33,-8,-1,48,33
199,32,33,-8,0,48,33
199,32,33,-8,1,48,35
199,32,33,-8,8,48,49
199,32,33,-1,-8,34,47
199,32,33,-1,-1,34,33
199,32,33,-1,0,34,33
199,32,33,-1,1,34,35
199,32,33,-1,8,34,49
199,32,33,0,-8,32,47
199,32,33,0,-1,32,33
199,32,33,0,0,32,33
199,32,33,0,1,32,35
199,32,33,0,8,32,49
199,32,33,1,-8,34,47
199,32,33,1,-1,34,33
199,32,33,1,0,34,33
199,32,33,1,1,34,35
199,32,33,1,8,34,49
199,32,33,8,-8,48,47
199,32,33,8,-1,48,33
199,32,33,8,0,48,33
199,32,33,8,1,48,35
199,32,33,8,8,48,49
199,32,64,-8,-8,48,48
199,32,64,-8,-1,48,62
199,32,64,-8,0,48,64
199,32,64,-8,1,48,66
199,32,64,-8,8,48,80
199,32,64,-1,-8,34,48
199,32,64,-1,-1,34,62
199,32,64,-1,0,34,64
199,32,64,-1,1,34,66
199,32,64,-1,8,34,80
199,32,64,0,-8,32,48
199,32,64,0,-1,32,62
199,32,64,0,0,32,64
199,32,64,0,1,32,66
199,32,64,0,8,32,80
199,32,64,1,-8,34,48
199,32,64,1,-1,34,62
199,32,64,1,0,34,64
199,32,64,1,1,34,66
199,32,64,1,8,34,80
199,32,64,8,-8,48,48
199,32,64,8,-1,48,62
199,32,64,8,0,48,64
199,32,64,8,1,48,66
199,32,64,8,8,48,80
199,32,576,-8,-8,48,560
199,32,576,-8,-1,48,574
199,32,576,-8,0,48,576
199,32,576,-8,1,48,578
199,32,576,-8,8,48,592
199,32,576,-1,-8,34,560
199,32,576,-1,-1,34,574
199,32,576,-1,0,34,576
199,32,576,-1,1,34,578
199,32,576,-1,8,34,592
199,32,576,0,-8,32,560
199,32,576,0,-1,32,574
199,32,576,0,0,32,576
199,32,576,0,1,32,578
199,32,576,0,8,32,592
199,32,576,1,-8,34,560
199,32,576,1,-1,34,574
199,32,576,1,0,34,576
199,32,576,1,1,34,578
199,32,576,1,8,34,592
199,32,576,8,-8,48,560
199,32,576,8,-1,48,574
199,32,576,8,0,48,576
199,32,576,8,1,48,578
199,32,576,8,8,48,592
199,32,1088,-8,-8,48,1072
199,32,1088,-8,-1,48,1086
199,32,1088,-8,0,48,1088
199,32,1088,-8,1,48,1090
199,32,1088,-8,8,48,1104
199,32,1088,-1,-8,34,1072
199,32,1088,-1,-1,34,1086
199,32,1088,-1,0,34,1088
199,32,1088,-1,1,34,1090
199,32,1088,-1,8,34,1104
199,32,1088,0,-8,32,1072
199,32,1088,0,-1,32,1086
199,32,1088,0,0,32,1088
199,32,1088,0,1,32,1090
199,32,1088,0,8,32,1104
199,32,1088,1,-8,34,1072
199,32,1088,1,-1,34,1086
199,32,1088,1,0,34,1088
199,32,1088,1,1,34,1090
199,32,1088,1,8,34,1104
199,32,1088,8,-8,48,1072
199,32,1088,8,-1,48,1086
199,32,1088,8,0,48,1088
199,32,1088,8,1,48,1090
199,32,1088,8,8,48,1104
199,32,1119,-8,-8,48,1103
199,32,1119,-8,-1,48,1117
199,32,1119,-8,0,48,1119
199,32,1119,-8,1,48,1119
199,32,1119,-8,8,48,1105
199,32,1119,-1,-8,34,1103
199,32,1119,-1,-1,34,1117
199,32,1119,-1,0,34,1119
199,32,1119,-1,1,34,1119
199,32,1119,-1,8,34,1105
199,32,1119,0,-8,32,1103
199,32,1119,0,-1,32,1117
199,32,1119,0,0,32,1119
199,32,1119,0,1,32,1119
199,32,1119,0,8,32,1105
199,32,1119,1,-8,34,1103
199,32,1119,1,-1,34,1117
199,32,1119,1,0,34,1119
199,32,1119,1,1,34,1119
199,32,1119,1,8,34,1105
199,32,1119,8,-8,48,1103
199,32,1119,8,-1,48,1117
199,32,1119,8,0,48,1119
199,32,1119,8,1,48,1119
199,32,1119,8,8,48,1105
199,32,1120,-8,-8,48,1104
199,32,1120,-8,-1,48,1118
199,32,1120,-8,0,48,1120
199,32,1120,-8,1,48,1118
199,32,1120,-8,8,48,1104
199,32,1120,-1,-8,34,1104
199,32,1120,-1,-1,34,1118
199,32,1120,-1,0,34,1120
199,32,1120,-1,1,34,1118
199,32,1120,-1,8,34,1104
199,32,1120,0,-8,32,1104
199,32,1120,0,-1,32,1118
199,32,1120,0,0,32,1120
199,32,1120,0,1,32,1118
199,32,1120,0,8,32,1104
199,32,1120,1,-8,34,1104
199,32,1120,1,-1,34,1118
199,32,1120,1,0,34,1120
199,32,1120,1,1,34,1118
199,32,1120,1,8,34,1104
199,32,1120,8,-8,48,1104
199,32,1120,8,-1,48,1118
199,32,1120,8,0,48,1120
199,32,1120,8,1,48,1118
199,32,1120,8,8,48,1104
199,33,32,-8,-8,47,48
199,33,32,-8,-1,47,34
199,33,32,-8,0,47,32
199,33,32,-8,1,47,34
199,33,32,-8,8,47,48
199,33,32,-1,-8,33,48
199,33,32,-1,-1,33,34
199,33,32,-1,0,33,32
199,33,32,-1,1,33,34
199,33,32,-1,8,33,48
199,33,32,0,-8,33,48
199,33,32,0,-1,33,34
199,33,32,0,0,33,32
199,33,32,0,1,33,34
199,33,32,0,8,33,48
199,33,32,1,-8,35,48
199,33,32,1,-1,35,34
199,33,32,1,0,35,32
199,33,32,1,1,35,34
199,33,32,1,8,35,48
199,33,32,8,-8,49,48
199,33,32,8,-1,49,34
199,33,32,8,0,49,32
199,33,32,8,1,49,34
199,33,32,8,8,49,48
199,33,33,-8,-8,47,47
199,33,33,-8,-1,47,33
199,33,33,-8,0,47,33
199,33,33,-8,1,47,35
199,33,33,-8,8,47,49
199,33,33,-1,-8,33,47
199,33,33,-1,-1,33,33
199,33,33,-1,0,33,33
199,33,33,-1,1,33,35
199,33,33,-1,8,33,49
199,33,33,0,-8,33,47
199,33,33,0,-1,33,33
199,33,33,0,0,33,33
199,33,33,0,1,33,35
199,33,33,0,8,33,49
199,33,33,1,-8,35,47
199,33,33,1,-1,35,33
199,33,33,1,0,35,33
199,33,33,1,1,35,35
199,33,33,1,8,35,49
199,33,33,8,-8,49,47
199,33,33,8,-1,49,33
199,33,33,8,0,49,33
199,33,33,8,1,49,35
199,33,33,8,8,49,49
199,33,64,-8,-8,47,48
199,33,64,-8,-1,47,62
199,33,64,-8,0,47,64
199,33,64,-8,1,47,66
199,33,64,-8,8,47,80
199,33,64,-1,-8,33,48
199,33,64,-1,-1,33,62
199,33,64,-1,0,33,64
199,33,64,-1,1,33,66
199,33,64,-1,8,33,80
199,33,64,0,-8,33,48
199,33,64,0,-1,33,62
199,33,64,0,0,33,64
199,33,64,0,1,33,66
199,33,64,0,8,33,80
199,33,64,1,-8,35,48
199,33,64,1,-1,35,62
199,33,64,1,0,35,64
199,33,64,1,1,35,66
199,33,64,1,8,35,80
199,33,64,8,-8,49,48
199,33,64,8,-1,49,62
199,33,64,8,0,49,64
199,33,64,8,1,49,66
199,33,64,8,8,49,80
199,33,576,-8,-8,47,560
199,33,576,-8,-1,47,574
199,33,576,-8,0,47,576
199,33,576,-8,1,47,578
199,33,576,-8,8,47,592
199,33,576,-1,-8,33,560
199,33,576,-1,-1,33,574
199,33,576,-1,0,33,576
199,33,576,-1,1,33,578
199,33,576,-1,8,33,592
199,33,576,0,-8,33,560
199,33,576,0,-1,33,574
199,33,576,0,0,33,576
199,33,576,0,1,33,578
199,33,576,0,8,33,592
199,33,576,1,-8,35,560
199,33,576,1,-1,35,574
199,33,576,1,0,35,576
199,33,576,1,1,35,578
199,33,576,1,8,35,592
199,33,576,8,-8,49,560
199,33,576,8,-1,49,574
199,33,576,8,0,49,576
199,33,576,8,1,49,578
199,33,576,8,8,49,592
199,33,1088,-8,-8,47,1072
199,33,1088,-8,-1,47,1086
199,33,1088,-8,0,47,1088
199,33,1088,-8,1,47,1090
199,33,1088,-8,8,47,1104
199,33,1088,-1,-8,33,1072
199,33,1088,-1,-1,33,1086
199,33,1088,-1,0,33,1088
199,33,1088,-1,1,33,1090
199,33,1088,-1,8,33,1104
199,33,1088,0,-8,33,1072
199,33,1088,0,-1,33,1086
199,33,1088,0,0,33,1088
199,33,1088,0,1,33,1090
199,33,1088,0,8,33,1104
199,33,1088,1,-8,35,1072
199,33,1088,1,-1,35,1086
199,33,1088,1,0,35,1088
199,33,1088,1,1,35,1090
199,33,1088,1,8,35,1104
199,33,1088,8,-8,49,1072
199,33,1088,8,-1,49,1086
199,33,1088,8,0,49,1088
199,33,1088,8,1,49,1090
199,33,1088,8,8,49,1104
199,33,1119,-8,-8,47,1103
199,33,1119,-8,-1,47,1117
199,33,1119,-8,0,47,1119
199,33,1119,-8,1,47,1119
199,33,1119,-8,8,47,1105
199,33,1119,-1,-8,33,1103
199,33,1119,-1,-1,33,1117
199,33,1119,-1,0,33,1119
199,33,1119,-1,1,33,1119
199,33,1119,-1,8,33,1105
199,33,1119,0,-8,33,1103
199,33,1119,0,-1,33,1117
199,33,1119,0,0,33,1119
199,33,1119,0,1,33,1119
199,33,1119,0,8,33,1105
199,33,1119,1,-8,35,1103
199,33,1119,1,-1,35,1117
199,33,1119,1,0,35,1119
199,33,1119,1,1,35,1119
199,33,1119,1,8,35,1105
199,33,1119,8,-8,49,1103
199,33,1119,8,-1,49,1117
199,33,1119,8,0,49,1119
199,33,1119,8,1,49,1119
199,33,1119,8,8,49,1105
199,33,1120,-8,-8,47,1104
199,33,1120,-8,-1,47,1118
199,33,1120,-8,0,47,1120
199,33,1120,-8,1,47,1118
199,33,1120,-8,8,47,1104
199,33,1120,-1,-8,33,1104
199,33,1120,-1,-1,33,1118
199,33,1120,-1,0,33,1120
199,33,1120,-1,1,33,1118
199,33,1120,-1,8,33,1104
199,33,1120,0,-8,33,1104
199,33,1120,0,-1,33,1118
199,33,1120,0,0,33,1120
199,33,1120,0,1,33,1118
199,33,1120,0,8,33,1104
199,33,1120,1,-8,35,1104
199,33,1120,1,-1,35,1118
199,33,1120,1,0,35,1120
199,33,1120,1,1,35,1118
199,33,1120,1,8,35,1104
199,33,1120,8,-8,49,1104
199,33,1120,8,-1,49,1118
199,33,1120,8,0,49,1120
199,33,1120,8,1,49,1118
199,33,1120,8,8,49,1104
199,64,32,-8,-8,48,48
199,64,32,-8,-1,48,34
199,64,32,-8,0,48,32
199,64,32,-8,1,48,34
199,64,32,-8,8,48,48
199,64,32,-1,-8,62,48
199,64,32,-1,-1,62,34
199,64,32,-1,0,62,32
199,64,32,-1,1,62,34
199,64,32,-1,8,62,48
199,64,32,0,-8,64,48
199,64,32,0,-1,64,34
199,64,32,0,0,64,32
199,64,32,0,1,64,34
199,64,32,0,8,64,48
199,64,32,1,-8,66,48
199,64,32,1,-1,66,34
199,64,32,1,0,66,32
199,64,32,1,1,66,34
199,64,32,1,8,66,48
199,64,32,8,-8,80,48
199,64,32,8,-1,80,34
199,64,32,8,0,80,32
199,64,32,8,1,80,34
199,64,32,8,8,80,48
199,64,33,-8,-8,48,47
199,64,33,-8,-1,48,33
199,64,33,-8,0,48,33
199,64,33,-8,1,48,35
199,64,33,-8,8,48,49
199,64,33,-1,-8,62,47
199,64,33,-1,-1,62,33
199,64,33,-1,0,62,33
199,64,33,-1,1,62,35
199,64,33,-1,8,62,49
199,64,33,0,-8,64,47
199,64,33,0,-1,64,33
199,64,33,0,0,64,33
199,64,33,0,1,64,35
199,64,33,0,8,64,49
199,64,33,1,-8,66,47
199,64,33,1,-1,66,33
199,64,33,1,0,66,33
199,64,33,1,1,66,35
199,64,33,1,8,66,49
199,64,33,8,-8,80,47
199,64,33,8,-1,80,33
199,64,33,8,0,80,33
199,64,33,8,1,80,35
199,64,33,8,8,80,49
199,64,64,-8,-8,48,48
199,64,64,-8,-1,48,62
199,64,64,-8,0,48,64
199,64,64,-8,1,48,66
199,64,64,-8,8,48,80
199,64,64,-1,-8,62,48
199,64,64,-1,-1,62,62
199,64,64,-1,0,62,64
199,64,64,-1,1,62,66
199,64,64,-1,8,62,80
199,64,64,0,-8,64,48
199,64,64,0,-1,64,62
199,64,64,0,0,64,64
199,64,64,0,1,64,66
199,64,64,0,8,64,80
199,64,64,1,-8,66,48
199,64,64,1,-1,66,62
199,64,64,1,0,66,64
199,64,64,1,1,66,66
199,64,64,1,8,66,80
199,64,64,8,-8,80,48
199,64,64,8,-1,80,62
199,64,64,8,0,80,64
199,64,64,8,1,80,66
199,64,64,8,8,80,80
199,64,576,-8,-8,48,560
199,64,576,-8,-1,48,574
199,64,576,-8,0,48,576
199,64,576,-8,1,48,578
199,64,576,-8,8,48,592
199,64,576,-1,-8,62,560
199,64,576,-1,-1,62,574
199,64,576,-1,0,62,576
199,64,576,-1,1,62,578
199,64,576,-1,8,62,592
199,64,576,0,-8,64,560
199,64,576,0,-1,64,574
199,64,576,0,0,64,576
199,64,576,0,1,64,578
199,64,576,0,8,64,592
199,64,576,1,-8,66,560
199,64,576,1,-1,66,574
199,64,576,1,0,66,576
199,64,576,1,1,66,578
199,64,576,1,8,66,592
199,64,576,8,-8,80,560
199,64,576,8,-1,80,574
199,64,576,8,0,80,576
199,64,576,8,1,80,578
199,64,576,8,8,80,592
199,64,1088,-8,-8,48,1072
199,64,1088,-8,-1,48,1086
199,64,1088,-8,0,48,1088
199,64,1088,-8,1,48,1090
199,64,1088,-8,8,48,1104
199,64,1088,-1,-8,62,1072
199,64,1088,-1,-1,62,1086
199,64,1088,-1,0,62,1088
199,64,1088,-1,1,62,1090
199,64,1088,-1,8,62,1104
199,64,1088,0,-8,64,1072
199,64,1088,0,-1,64,1086
199,64,1088,0,0,64,1088
199,64,1088,0,1,64,1090
199,64,1088,0,8,64,1104
199,64,1088,1,-8,66,1072
199,64,1088,1,-1,66,1086
199,64,1088,1,0,66,1088
199,64,1088,1,1,66,1090
199,64,1088,1,8,66,1104
199,64,1088,8,-8,80,1072
199,64,1088,8,-1,80,1086
199,64,1088,8,0,80,1088
199,64,1088,8,1,80,1090
199,64,1088,8,8,80,1104
199,64,1119,-8,-8,48,1103
199,64,1119,-8,-1,48,1117
199,64,1119,-8,0,48,1119
199,64,1119,-8,1,48,1119
199,64,1119,-8,8,48,1105
199,64,1119,-1,-8,62,1103
199,64,1119,-1,-1,62,1117
199,64,1119,-1,0,62,1119
199,64,1119,-1,1,62,1119
199,64,1119,-1,8,62,1105
199,64,1119,0,-8,64,1103
199,64,1119,0,-1,64,1117
199,64,1119,0,0,64,1119
199,64,1119,0,1,64,1119
199,64,1119,0,8,64,1105
199,64,1119,1,-8,66,1103
199,64,1119,1,-1,66,1117
199,64,1119,1,0,66,1119
199,64,1119,1,1,66,1119
199,64,1119,1,8,66,1105
199,64,1119,8,-8,80,1103
199,64,1119,8,-1,80,1117
199,64,1119,8,0,80,1119
199,64,1119,8,1,80,1119
199,64,1119,8,8,80,1105
199,64,1120,-8,-8,48,1104
199,64,1120,-8,-1,48,1118
199,64,1120,-8,0,48,1120
199,64,1120,-8,1,48,1118
199,64,1120,-8,8,48,1104
199,64,1120,-1,-8,62,1104
199,64,1120,-1,-1,62,1118
199,64,1120,-1,0,62,1120
199,64,1120,-1,1,62,1118
199,64,1120,-1,8,62,1104
199,64,1120,0,-8,64,1104
199,64,1120,0,-1,64,1118
199,64,1120,0,0,64,1120
199,64,1120,0,1,64,1118
199,64,1120,0,8,64,1104
199,64,1120,1,-8,66,1104
199,64,1120,1,-1,66,1118
199,64,1120,1,0,66,1120
199,64,1120,1,1,66,1118
199,64,1120,1,8,66,1104
199,64,1120,8,-8,80,1104
199,64,1120,8,-1,80,1118
199,64,1120,8,0,80,1120
199,64,1120,8,1,80,1118
199,64,1120,8,8,80,1104
199,320,32,-8,-8,304,48
199,320,32,-8,-1,304,34
199,320,32,-8,0,304,32
199,320,32,-8,1,304,34
199,320,32,-8,8,304,48
199,320,32,-1,-8,318,48
199,320,32,-1,-1,318,34
199,320,32,-1,0,318,32
199,320,32,-1,1,318,34
199,320,32,-1,8,318,48
199,320,32,0,-8,320,48
199,320,32,0,-1,320,34
199,320,32,0,0,320,32
199,320,32,0,1,320,34
199,320,32,0,8,320,48
199,320,32,1,-8,322,48
199,320,32,1,-1,322,34
199,320,32,1,0,322,32
199,320,32,1,1,322,34
199,320,32,1,8,322,48
199,320,32,8,-8,336,48
199,320,32,8,-1,336,34
199,320,32,8,0,336,32
199,320,32,8,1,336,34
199,320,32,8,8,336,48
199,320,33,-8,-8,304,47
199,320,33,-8,-1,304,33
199,320,33,-8,0,304,33
199,320,33,-8,1,304,35
199,320,33,-8,8,304,49
199,320,33,-1,-8,318,47
199,320,33,-1,-1,318,33
199,320,33,-1,0,318,33
199,320,33,-1,1,318,35
199,320,33,-1,8,318,49
199,320,33,0,-8,320,47
199,320,33,0,-1,320,33
199,320,33,0,0,320,33
199,320,33,0,1,320,35
199,320,33,0,8,320,49
199,320,33,1,-8,322,47
199,320,33,1,-1,322,33
199,320,33,1,0,322,33
199,320,33,1,1,322,35
199,320,33,1,8,322,49
199,320,33,8,-8,336,47
199,320,33,8,-1,336,33
199,320,33,8,0,336,33
199,320,33,8,1,336,35
199,320,33,8,8,336,49
199,320,64,-8,-8,304,48
199,320,64,-8,-1,304,62
199,320,64,-8,0,304,64
199,320,64,-8,1,304,66
199,320,64,-8,8,304,80
199,320,64,-1,-8,318,48
199,320,64,-1,-1,318,62
199,320,64,-1,0,318,64
199,320,64,-1,1,318,66
199,320,64,-1,8,318,80
199,320,64,0,-8,320,48
199,320,64,0,-1,320,62
199,320,64,0,0,320,64
199,320,64,0,1,320,66
199,320,64,0,8,320,80
199,320,64,1,-8,322,48
199,320,64,1,-1,322,62
199,320,64,1,0,322,64
199,320,64,1,1,322,66
199,320,64,1,8,322,80
199,320,64,8,-8,336,48
199,320,64,8,-1,336,62
199,320,64,8,0,336,64
199,320,64,8,1,336,66
199,320,64,8,8,336,80
199,320,576,-8,-8,304,560
199,320,576,-8,-1,304,574
199,320,576,-8,0,304,576
199,320,576,-8,1,304,578
199,320,576,-8,8,304,592
199,320,576,-1,-8,318,560
199,320,576,-1,-1,318,574
199,320,576,-1,0,318,576
199,320,576,-1,1,318,578
199,320,576,-1,8,318,592
199,320,576,0,-8,320,560
199,320,576,0,-1,320,574
199,320,576,0,0,320,576
199,320,576,0,1,320,578
199,320,576,0,8,320,592
199,320,576,1,-8,322,560
199,320,576,1,-1,322,574
199,320,576,1,0,322,576
199,320,576,1,1,322,578
199,320,576,1,8,322,592
199,320,576,8,-8,336,560
199,320,576,8,-1,336,574
199,320,576,8,0,336,576
199,320,576,8,1,336,578
199,320,576,8,8,336,592
199,320,1088,-8,-8,304,1072
199,320,1088,-8,-1,304,1086
199,320,1088,-8,0,304,1088
199,320,1088,-8,1,304,1090
199,320,1088,-8,8,304,1104
199,320,1088,-1,-8,318,1072
199,320,1088,-1,-1,318,1086
199,320,1088,-1,0,318,1088
199,320,1088,-1,1,318,1090
199,320,1088,-1,8,318,1104
199,320,1088,0,-8,320,1072
199,320,1088,0,-1,320,1086
199,320,1088,0,0,320,1088
199,320,1088,0,1,320,1090
199,320,1088,0,8,320,1104
199,320,1088,1,-8,322,1072
199,320,1088,1,-1,322,1086
199,320,1088,1,0,322,1088
199,320,1088,1,1,322,1090
199,320,1088,1,8,322,1104
199,320,1088,8,-8,336,1072
199,320,1088,8,-1,336,1086
199,320,1088,8,0,336,1088
199,320,1088,8,1,336,1090
199,320,1088,8,8,336,1104
199,320,1119,-8,-8,304,1103
199,320,1119,-8,-1,304,1117
199,320,1119,-8,0,304,1119
199,320,1119,-8,1,304,1119
199,320,1119,-8,8,304,1105
199,320,1119,-1,-8,318,1103
199,320,1119,-1,-1,318,1117
199,320,1119,-1,0,318,1119
199,320,1119,-1,1,318,1119
199,320,1119,-1,8,318,1105
199,320,1119,0,-8,320,1103
199,320,1119,0,-1,320,1117
199,320,1119,0,0,320,1119
199,320,1119,0,1,320,1119
199,320,1119,0,8,320,1105
199,320,1119,1,-8,322,1103
199,320,1119,1,-1,322,1117
199,320,1119,1,0,322,1119
199,320,1119,1,1,322,1119
199,320,1119,1,8,322,1105
199,320,1119,8,-8,336,1103
199,320,1119,8,-1,336,1117
199,320,1119,8,0,336,1119
199,320,1119,8,1,336,1119
199,320,1119,8,8,336,1105
199,320,1120,-8,-8,304,1104
199,320,1120,-8,-1,304,1118
199,320,1120,-8,0,304,1120
199,320,1120,-8,1,304,1118
199,320,1120,-8,8,304,1104
199,320,1120,-1,-8,318,1104
199,320,1120,-1,-1,318,1118
199,320,1120,-1,0,318,1120
199,320,1120,-1,1,318,1118
199,320,1120,-1,8,318,1104
199,320,1120,0,-8,320,1104
199,320,1120,0,-1,320,1118
199,320,1120,0,0,320,1120
199,320,1120,0,1,320,1118
199,320,1120,0,8,320,1104
199,320,1120,1,-8,322,1104
199,320,1120,1,-1,322,1118
199,320,1120,1,0,322,1120
199,320,1120,1,1,322,1118
199,320,1120,1,8,322,1104
199,320,1120,8,-8,336,1104
199,320,1120,8,-1,336,1118
199,320,1120,8,0,336,1120
199,320,1120,8,1,336,1118
199,320,1120,8,8,336,1104
199,576,32,-8,-8,560,48
199,576,32,-8,-1,560,34
199,576,32,-8,0,560,32
199,576,32,-8,1,560,34
199,576,32,-8,8,560,48
199,576,32,-1,-8,574,48
199,576,32,-1,-1,574,34
199,576,32,-1,0,574,32
199,576,32,-1,1,574,34
199,576,32,-1,8,574,48
199,576,32,0,-8,576,48
199,576,32,0,-1,576,34
199,576,32,0,0,576,32
199,576,32,0,1,576,34
199,576,32,0,8,576,48
199,576,32,1,-8,578,48
199,576,32,1,-1,578,34
199,576,32,1,0,578,32
199,576,32,1,1,578,34
199,576,32,1,8,578,48
199,576,32,8,-8,592,48
199,576,32,8,-1,592,34
199,576,32,8,0,592,32
199,576,32,8,1,592,34
199,576,32,8,8,592,48
199,576,33,-8,-8,560,47
199,576,33,-8,-1,560,33
199,576,33,-8,0,560,33
199,576,33,-8,1,560,35
199,576,33,-8,8,560,49
199,576,33,-1,-8,574,47
199,576,33,-1,-1,574,33
199,576,33,-1,0,574,33
199,576,33,-1,1,574,35
199,576,33,-1,8,574,49
199,576,33,0,-8,576,47
199,576,33,0,-1,576,33
199,576,33,0,0,576,33
199,576,33,0,1,576,35
199,576,33,0,8,576,49
199,576,33,1,-8,578,47
199,576,33,1,-1,578,33
199,576,33,1,0,578,33
199,576,33,1,1,578,35
199,576,33,1,8,578,49
199,576,33,8,-8,592,47
199,576,33,8,-1,592,33
199,576,33,8,0,592,33
199,576,33,8,1,592,35
199,576,33,8,8,592,49
199,576,64,-8,-8,560,48
199,576,64,-8,-1,560,62
199,576,64,-8,0,560,64
199,576,64,-8,1,560,66
199,576,64,-8,8,560,80
199,576,64,-1,-8,574,48
199,576,64,-1,-1,574,62
199,576,64,-1,0,574,64
199,576,64,-1,1,574,66
199,576,64,-1,8,574,80
199,576,64,0,-8,576,48
199,576,64,0,-1,576,62
199,576,64,0,0,576,64
199,576,64,0,1,576,66
199,576,64,0,8,576,80
199,576,64,1,-8,578,48
199,576,64,1,-1,578,62
199,576,64,1,0,578,64
199,576,64,1,1,578,66
199,576,64,1,8,578,80
199,576,64,8,-8,592,48
199,576,64,8,-1,592,62
199,576,64,8,0,592,64
199,576,64,8,1,592,66
199,576,64,8,8,592,80
199,576,576,-8,-8,560,560
199,576,576,-8,-1,560,574
199,576,576,-8,0,560,576
199,576,576,-8,1,560,578
199,576,576,-8,8,560,592
199,576,576,-1,-8,574,560
199,576,576,-1,-1,574,574
199,576,576,-1,0,574,576
199,576,576,-1,1,574,578
199,576,576,-1,8,574,592
199,576,576,0,-8,576,560
199,576,576,0,-1,576,574
199,576,576,0,0,576,576
199,576,576,0,1,576,578
199,576,576,0,8,576,592
199,576,576,1,-8,578,560
199,576,576,1,-1,578,574
199,576,576,1,0,578,576
199,576,576,1,1,578,578
199,576,576,1,8,578,592
199,576,576,8,-8,592,560
199,576,576,8,-1,592,574
199,576,576,8,0,592,576
199,576,576,8,1,592,578
199,576,576,8,8,592,592
199,576,1088,-8,-8,560,1072
199,576,1088,-8,-1,560,1086
199,576,1088,-8,0,560,1088
199,576,1088,-8,1,560,1090
199,576,1088,-8,8,560,1104
199,576,1088,-1,-8,574,1072
199,576,1088,-1,-1,574,1086
199,576,1088,-1,0,574,1088
199,576,1088,-1,1,574,1090
199,576,1088,-1,8,574,1104
199,576,1088,0,-8,576,1072
199,576,1088,0,-1,576,1086
199,576,1088,0,0,576,1088
199,576,1088,0,1,576,1090
199,576,1088,0,8,576,1104
199,576,1088,1,-8,578,1072
199,576,1088,1,-1,578,1086
199,576,1088,1,0,578,1088
199,576,1088,1,1,578,1090
199,576,1088,1,8,578,1104
199,576,1088,8,-8,592,1072
199,576,1088,8,-1,592,1086
199,576,1088,8,0,592,1088
199,576,1088,8,1,592,1090
199,576,1088,8,8,592,1104
199,576,1119,-8,-8,560,1103
199,576,1119,-8,-1,560,1117
199,576,1119,-8,0,560,1119
199,576,1119,-8,1,560,1119
199,576,1119,-8,8,560,1105
199,576,1119,-1,-8,574,1103
199,576,1119,-1,-1,574,1117
199,576,1119,-1,0,574,1119
199,576,1119,-1,1,574,1119
199,576,1119,-1,8,574,1105
199,576,1119,0,-8,576,1103
199,576,1119,0,-1,576,1117
199,576,1119,0,0,576,1119
199,576,1119,0,1,576,1119
199,576,1119,0,8,576,1105
199,576,1119,1,-8,578,1103
199,576,1119,1,-1,578,1117
199,576,1119,1,0,578,1119
199,576,1119,1,1,578,1119
199,576,1119,1,8,578,1105
199,576,1119,8,-8,592,1103
199,576,1119,8,-1,592,1117
199,576,1119,8,0,592,1119
199,576,1119,8,1,592,1119
199,576,1119,8,8,592,1105
199,576,1120,-8,-8,560,1104
199,576,1120,-8,-1,560,1118
199,576,1120,-8,0,560,1120
199,576,1120,-8,1,560,1118
199,576,1120,-8,8,560,1104
199,576,1120,-1,-8,574,1104
199,576,1120,-1,-1,574,1118
199,576,1120,-1,0,574,1120
199,576,1120,-1,1,574,1118
199,576,1120,-1,8,574,1104
199,576,1120,0,-8,576,1104
199,576,1120,0,-1,576,1118
199,576,1120,0,0,576,1120
199,576,1120,0,1,576,1118
199,576,1120,0,8,576,1104
199,576,1120,1,-8,578,1104
199,576,1120,1,-1,578,1118
199,576,1120,1,0,578,1120
199,576,1120,1,1,578,1118
199,576,1120,1,8,578,1104
199,576,1120,8,-8,592,1104
199,576,1120,8,-1,592,1118
199,576,1120,8,0,592,1120
199,576,1120,8,1,592,1118
199,576,1120,8,8,592,1104
199,607,32,-8,-8,591,48
199,607,32,-8,-1,591,34
199,607,32,-8,0,591,32
199,607,32,-8,1,591,34
199,607,32,-8,8,591,48
199,607,32,-1,-8,605,48
199,607,32,-1,-1,605,34
199,607,32,-1,0,605,32
199,607,32,-1,1,605,34
199,607,32,-1,8,605,48
199,607,32,0,-8,607,48
199,607,32,0,-1,607,34
199,607,32,0,0,607,32
199,607,32,0,1,607,34
199,607,32,0,8,607,48
199,607,32,1,-8,607,48
199,607,32,1,-1,607,34
199,607,32,1,0,607,32
199,607,32,1,1,607,34
199,607,32,1,8,607,48
199,607,32,8,-8,593,48
199,607,32,8,-1,593,34
199,607,32,8,0,593,32
199,607,32,8,1,593,34
199,607,32,8,8,593,48
199,607,33,-8,-8,591,47
199,607,33,-8,-1,591,33
199,607,33,-8,0,591,33
199,607,33,-8,1,591,35
199,607,33,-8,8,591,49
199,607,33,-1,-8,605,47
199,607,33,-1,-1,605,33
199,607,33,-1,0,605,33
199,607,33,-1,1,605,35
199,607,33,-1,8,605,49
199,607,33,0,-8,607,47
199,607,33,0,-1,607,33
199,607,33,0,0,607,33
199,607,33,0,1,607,35
199,607,33,0,8,607,49
199,607,33,1,-8,607,47
199,607,33,1,-1,607,33
199,607,33,1,0,607,33
199,607,33,1,1,607,35
199,607,33,1,8,607,49
199,607,33,8,-8,593,47
199,607,33,8,-1,593,33
199,607,33,8,0,593,33
199,607,33,8,1,593,35
199,607,33,8,8,593,49
199,607,64,-8,-8,591,48
199,607,64,-8,-1,591,62
199,607,64,-8,0,591,64
199,607,64,-8,1,591,66
199,607,64,-8,8,591,80
199,607,64,-1,-8,605,48
199,607,64,-1,-1,605,62
199,607,64,-1,0,605,64
199,607,64,-1,1,605,66
199,607,64,-1,8,605,80
199,607,64,0,-8,607,48
199,607,64,0,-1,607,62
199,607,64,0,0,607,64
199,607,64,0,1,607,66
199,607,64,0,8,607,80
199,607,64,1,-8,607,48
199,607,64,1,-1,607,62
199,607,64,1,0,607,64
199,607,64,1,1,607,66
199,607,64,1,8,607,80
199,607,64,8,-8,593,48
199,607,64,8,-1,593,62
199,607,64,8,0,593,64
199,607,64,8,1,593,66
199,607,64,8,8,593,80
199,607,576,-8,-8,591,560
199,607,576,-8,-1,591,574
199,607,576,-8,0,591,576
199,607,576,-8,1,591,578
199,607,576,-8,8,591,592
199,607,576,-1,-8,605,560
199,607,576,-1,-1,605,574
199,607,576,-1,0,605,576
199,607,576,-1,1,605,578
199,607,576,-1,8,605,592
199,607,576,0,-8,607,560
199,607,576,0,-1,607,574
199,607,576,0,0,607,576
199,607,576,0,1,607,578
199,607,576,0,8,607,592
199,607,576,1,-8,607,560
199,607,576,1,-1,607,574
199,607,576,1,0,607,576
199,607,576,1,1,607,578
199,607,576,1,8,607,592
199,607,576,8,-8,593,560
199,607,576,8,-1,593,574
199,607,576,8,0,593,576
199,607,576,8,1,593,578
199,607,576,8,8,593,592
199,607,1088,-8,-8,591,1072
199,607,1088,-8,-1,591,1086
199,607,1088,-8,0,591,1088
199,607,1088,-8,1,591,1090
199,607,1088,-8,8,591,1104
199,607,1088,-1,-8,605,1072
199,607,1088,-1,-1,605,1086
199,607,1088,-1,0,605,1088
199,607,1088,-1,1,605,1090
199,607,1088,-1,8,605,1104
199,607,1088,0,-8,607,1072
199,607,1088,0,-1,607,1086
199,607,1088,0,0,607,1088
199,607,1088,0,1,607,1090
199,607,1088,0,8,607,1104
199,607,1088,1,-8,607,1072
199,607,1088,1,-1,607,1086
199,607,1088,1,0,607,1088
199,607,1088,1,1,607,1090
199,607,1088,1,8,607,1104
199,607,1088,8,-8,593,1072
199,607,1088,8,-1,593,1086
199,607,1088,8,0,593,1088
199,607,1088,8,1,593,1090
199,607,1088,8,8,593,1104
199,607,1119,-8,-8,591,1103
199,607,1119,-8,-1,591,1117
199,607,1119,-8,0,591,1119
199,607,1119,-8,1,591,1119
199,607,1119,-8,8,591,1105
199,607,1119,-1,-8,605,1103
199,607,1119,-1,-1,605,1117
199,607,1119,-1,0,605,1119
199,607,1119,-1,1,605,1119
199,607,1119,-1,8,605,1105
199,607,1119,0,-8,607,1103
199,607,1119,0,-1,607,1117
199,607,1119,0,0,607,1119
199,607,1119,0,1,607,1119
199,607,1119,0,8,607,1105
199,607,1119,1,-8,607,1103
199,607,1119,1,-1,607,1117
199,607,1119,1,0,607,1119
199,607,1119,1,1,607,1119
199,607,1119,1,8,607,1105
199,607,1119,8,-8,593,1103
199,607,1119,8,-1,593,1117
199,607,1119,8,0,593,1119
199,607,1119,8,1,593,1119
199,607,1119,8,8,593,1105
199,607,1120,-8,-8,591,1104
199,607,1120,-8,-1,591,1118
199,607,1120,-8,0,591,1120
199,607,1120,-8,1,591,1118
199,607,1120,-8,8,591,1104
199,607,1120,-1,-8,605,1104
199,607,1120,-1,-1,605,1118
199,607,1120,-1,0,605,1120
199,607,1120,-1,1,605,1118
199,607,1120,-1,8,605,1104
199,607,1120,0,-8,607,1104
199,607,1120,0,-1,607,1118
199,607,1120,0,0,607,1120
199,607,1120,0,1,607,1118
199,607,1120,0,8,607,1104
199,607,1120,1,-8,607,1104
199,607,1120,1,-1,607,1118
199,607,1120,1,0,607,1120
199,607,1120,1,1,607,1118
199,607,1120,1,8,607,1104
199,607,1120,8,-8,593,1104
199,607,1120,8,-1,593,1118
199,607,1120,8,0,593,1120
199,607,1120,8,1,593,1118
199,607,1120,8,8,593,1104
199,608,32,-8,-8,592,48
199,608,32,-8,-1,592,34
199,608,32,-8,0,592,32
199,608,32,-8,1,592,34
199,608,32,-8,8,592,48
199,608,32,-1,-8,606,48
199,608,32,-1,-1,606,34
199,608,32,-1,0,606,32
199,608,32,-1,1,606,34
199,608,32,-1,8,606,48
199,608,32,0,-8,608,48
199,608,32,0,-1,608,34
199,608,32,0,0,608,32
199,608,32,0,1,608,34
199,608,32,0,8,608,48
199,608,32,1,-8,606,48
199,608,32,1,-1,606,34
199,608,32,1,0,606,32
199,608,32,1,1,606,34
199,608,32,1,8,606,48
199,608,32,8,-8,592,48
199,608,32,8,-1,592,34
199,608,32,8,0,592,32
199,608,32,8,1,592,34
199,608,32,8,8,592,48
199,608,33,-8,-8,592,47
199,608,33,-8,-1,592,33
199,608,33,-8,0,592,33
199,608,33,-8,1,592,35
199,608,33,-8,8,592,49
199,608,33,-1,-8,606,47
199,608,33,-1,-1,606,33
199,608,33,-1,0,606,33
199,608,33,-1,1,606,35
199,608,33,-1,8,606,49
199,608,33,0,-8,608,47
199,608,33,0,-1,608,33
199,608,33,0,0,608,33
199,608,33,0,1,608,35
199,608,33,0,8,608,49
199,608,33,1,-8,606,47
199,608,33,1,-1,606,33
199,608,33,1,0,606,33
199,608,33,1,1,606,35
199,608,33,1,8,606,49
199,608,33,8,-8,592,47
199,608,33,8,-1,592,33
199,608,33,8,0,592,33
199,608,33,8,1,592,35
199,608,33,8,8,592,49
199,608,64,-8,-8,592,48
199,608,64,-8,-1,592,62
199,608,64,-8,0,592,64
199,608,64,-8,1,592,66
199,608,64,-8,8,592,80
199,608,64,-1,-8,606,48
199,608,64,-1,-1,606,62
199,608,64,-1,0,606,64
199,608,64,-1,1,606,66
199,608,64,-1,8,606,80
199,608,64,0,-8,608,48
199,608,64,0,-1,608,62
199,608,64,0,0,608,64
199,608,64,0,1,608,66
199,608,64,0,8,608,80
199,608,64,1,-8,606,48
199,608,64,1,-1,606,62
199,608,64,1,0,606,64
199,608,64,1,1,606,66
199,608,64,1,8,606,80
199,608,64,8,-8,592,48
199,608,64,8,-1,592,62
199,608,64,8,0,592,64
199,608,64,8,1,592,66
199,608,64,8,8,592,80
199,608,576,-8,-8,592,560
199,608,576,-8,-1,592,574
199,608,576,-8,0,592,576
199,608,576,-8,1,592,578
199,608,576,-8,8,592,592
199,608,576,-1,-8,606,560
199,608,576,-1,-1,606,574
199,608,576,-1,0,606,576
199,608,576,-1,1,606,578
199,608,576,-1,8,606,592
199,608,576,0,-8,608,560
199,608,576,0,-1,608,574
199,608,576,0,0,608,576
199,608,576,0,1,608,578
199,608,576,0,8,608,592
199,608,576,1,-8,606,560
199,608,576,1,-1,606,574
199,608,576,1,0,606,576
199,608,576,1,1,606,578
199,608,576,1,8,606,592
199,608,576,8,-8,592,560
199,608,576,8,-1,592,574
199,608,576,8,0,592,576
199,608,576,8,1,592,578
199,608,576,8,8,592,592
199,608,1088,-8,-8,592,1072
199,608,1088,-8,-1,592,1086
199,608,1088,-8,0,592,1088
199,608,1088,-8,1,592,1090
199,608,1088,-8,8,592,1104
199,608,1088,-1,-8,606,1072
199,608,1088,-1,-1,606,1086
199,608,1088,-1,0,606,1088
199,608,1088,-1,1,606,1090
199,608,1088,-1,8,606,1104
199,608,1088,0,-8,608,1072
199,608,1088,0,-1,608,1086
199,608,1088,0,0,608,1088
199,608,1088,0,1,608,1090
199,608,1088,0,8,608,1104
199,608,1088,1,-8,606,1072
199,608,1088,1,-1,606,1086
199,608,1088,1,0,606,1088
199,608,1088,1,1,606,1090
199,608,1088,1,8,606,1104
199,608,1088,8,-8,592,1072
199,608,1088,8,-1,592,1086
199,608,1088,8,0,592,1088
199,608,1088,8,1,592,1090
199,608,1088,8,8,592,1104
199,608,1119,-8,-8,592,1103
199,608,1119,-8,-1,592,1117
199,608,1119,-8,0,592,1119
199,608,1119,-8,1,592,1119
199,608,1119,-8,8,592,1105
199,608,1119,-1,-8,606,1103
199,608,1119,-1,-1,606,1117
199,608,1119,-1,0,606,1119
199,608,1119,-1,1,606,1119
199,608,1119,-1,8,606,1105
199,608,1119,0,-8,608,1103
199,608,1119,0,-1,608,1117
199,608,1119,0,0,608,1119
199,608,1119,0,1,608,1119
199,608,1119,0,8,608,1105
199,608,1119,1,-8,606,1103
199,608,1119,1,-1,606,1117
199,608,1119,1,0,606,1119
199,608,1119,1,1,606,1119
199,608,1119,1,8,606,1105
199,608,1119,8,-8,592,1103
199,608,1119,8,-1,592,1117
199,608,1119,8,0,592,1119
199,608,1119,8,1,592,1119
199,608,1119,8,8,592,1105
199,608,1120,-8,-8,592,1104
199,608,1120,-8,-1,592,1118
199,608,1120,-8,0,592,1120
199,608,1120,-8,1,592,1118
199,608,1120,-8,8,592,1104
199,608,1120,-1,-8,606,1104
199,608,1120,-1,-1,606,1118
199,608,1120,-1,0,606,1120
199,608,1120,-1,1,606,1118
199,608,1120,-1,8,606,1104
199,608,1120,0,-8,608,1104
199,608,1120,0,-1,608,1118
199,608,1120,0,0,608,1120
199,608,1120,0,1,608,1118
199,608,1120,0,8,608,1104
199,608,1120,1,-8,606,1104
199,608,1120,1,-1,606,1118
199,608,1120,1,0,606,1120
199,608,1120,1,1,606,1118
199,608,1120,1,8,606,1104
199,608,1120,8,-8,592,1104
199,608,1120,8,-1,592,1118
199,608,1120,8,0,592,1120
199,608,1120,8,1,592,1118
199,608,1120,8,8,592,1104
200,32,32,-8,-8,64,64
200,32,32,-8,-1,64,36
200,32,32,-8,0,64,32
200,32,32,-8,1,64,36
200,32,32,-8,8,64,64
200,32,32,-1,-8,36,64
200,32,32,-1,-1,36,36
200,32,32,-1,0,36,32
200,32,32,-1,1,36,36
200,32,32,-1,8,36,64
200,32,32,0,-8,32,64
200,32,32,0,-1,32,36
200,32,32,0,0,32,32
200,32,32,0,1,32,36
200,32,32,0,8,32,64
200,32,32,1,-8,36,64
200,32,32,1,-1,36,36
200,32,32,1,0,36,32
200,32,32,1,1,36,36
200,32,32,1,8,36,64
200,32,32,8,-8,64,64
200,32,32,8,-1,64,36
200,32,32,8,0,64,32
200,32,32,8,1,64,36
200,32,32,8,8,64,64
200,32,33,-8,-8,64,63
200,32,33,-8,-1,64,35
200,32,33,-8,0,64,33
200,32,33,-8,1,64,37
200,32,33,-8,8,64,65
200,32,33,-1,-8,36,63
200,32,33,-1,-1,36,35
200,32,33,-1,0,36,33
200,32,33,-1,1,36,37
200,32,33,-1,8,36,65
200,32,33,0,-8,32,63
200,32,33,0,-1,32,35
200,32,33,0,0,32,33
200,32,33,0,1,32,37
200,32,33,0,8,32,65
200,32,33,1,-8,36,63
200,32,33,1,-1,36,35
200,32,33,1,0,36,33
200,32,33,1,1,36,37
200,32,33,1,8,36,65
200,32,33,8,-8,64,63
200,32,33,8,-1,64,35
200,32,33,8,0,64,33
200,32,33,8,1,64,37
200,32,33,8,8,64,65
200,32,64,-8,-8,64,32
200,32,64,-8,-1,64,60
200,32,64,-8,0,64,64
200,32,64,-8,1,64,68
200,32,64,-8,8,64,96
200,32,64,-1,-8,36,32
200,32,64,-1,-1,36,60
200,32,64,-1,0,36,64
200,32,64,-1,1,36,68
200,32,64,-1,8,36,96
200,32,64,0,-8,32,32
200,32,64,0,-1,32,60
200,32,64,0,0,32,64
200,32,64,0,1,32,68
200,32,64,0,8,32,96
200,32,64,1,-8,36,32
200,32,64,1,-1,36,60
200,32,64,1,0,36,64
200,32,64,1,1,36,68
200,32,64,1,8,36,96
200,32,64,8,-8,64,32
200,32,64,8,-1,64,60
200,32,64,8,0,64,64
200,32,64,8,1,64,68
200,32,64,8,8,64,96
200,32,576,-8,-8,64,544
200,32,576,-8,-1,64,572
200,32,576,-8,0,64,576
200,32,576,-8,1,64,580
200,32,576,-8,8,64,608
200,32,576,-1,-8,36,544
200,32,576,-1,-1,36,572
200,32,576,-1,0,36,576
200,32,576,-1,1,36,580
200,32,576,-1,8,36,608
200,32,576,0,-8,32,544
200,32,576,0,-1,32,572
200,32,576,0,0,32,576
200,32,576,0,1,32,580
200,32,576,0,8,32,608
200,32,576,1,-8,36,544
200,32,576,1,-1,36,572
200,32,576,1,0,36,576
200,32,576,1,1,36,580
200,32,576,1,8,36,608
200,32,576,8,-8,64,544
200,32,576,8,-1,64,572
200,32,576,8,0,64,576
200,32,576,8,1,64,580
200,32,576,8,8,64,608
200,32,1088,-8,-8,64,1056
200,32,1088,-8,-1,64,1084
200,32,1088,-8,0,64,1088
200,32,1088,-8,1,64,1092
200,32,1088,-8,8,64,1120
200,32,1088,-1,-8,36,1056
200,32,1088,-1,-1,36,1084
200,32,1088,-1,0,36,1088
200,32,1088,-1,1,36,1092
200,32,1088,-1,8,36,1120
200,32,1088,0,-8,32,1056
200,32,1088,0,-1,32,1084
200,32,1088,0,0,32,1088
200,32,1088,0,1,32,1092
200,32,1088,0,8,32,1120
200,32,1088,1,-8,36,1056
200,32,1088,1,-1,36,1084
200,32,1088,1,0,36,1088
200,32,1088,1,1,36,1092
200,32,1088,1,8,36,1120
200,32,1088,8,-8,64,1056
200,32,1088,8,-1,64,1084
200,32,1088,8,0,64,1088
200,32,1088,8,1,64,1092
200,32,1088,8,8,64,1120
200,32,1119,-8,-8,64,1087
200,32,1119,-8,-1,64,1115
200,32,1119,-8,0,64,1119
200,32,1119,-8,1,64,1117
200,32,1119,-8,8,64,1089
200,32,1119,-1,-8,36,1087
200,32,1119,-1,-1,36,1115
200,32,1119,-1,0,36,1119
200,32,1119,-1,1,36,1117
200,32,1119,-1,8,36,1089
200,32,1119,0,-8,32,1087
200,32,1119,0,-1,32,1115
200,32,1119,0,0,32,1119
200,32,1119,0,1,32,1117
200,32,1119,0,8,32,1089
200,32,1119,1,-8,36,1087
200,32,1119,1,-1,36,1115
200,32,1119,1,0,36,1119
200,32,1119,1,1,36,1117
200,32,1119,1,8,36,1089
200,32,1119,8,-8,64,1087
200,32,1119,8,-1,64,1115
200,32,1119,8,0,64,1119
200,32,1119,8,1,64,1117
200,32,1119,8,8,64,1089
200,32,1120,-8,-8,64,1088
200,32,1120,-8,-1,64,1116
200,32,1120,-8,0,64,1120
200,32,1120,-8,1,64,1116
200,32,1120,-8,8,64,1088
200,32,1120,-1,-8,36,1088
200,32,1120,-1,-1,36,1116
200,32,1120,-1,0,36,1120
200,32,1120,-1,1,36,1116
200,32,1120,-1,8,36,1088
200,32,1120,0,-8,32,1088
200,32,1120,0,-1,32,1116
200,32,1120,0,0,32,1120
200,32,1120,0,1,32,1116
200,32,1120,0,8,32,1088
200,32,1120,1,-8,36,1088
200,32,1120,1,-1,36,1116
200,32,1120,1,0,36,1120
200,32,1120,1,1,36,1116
200,32,1120,1,8,36,1088
200,32,1120,8,-8,64,1088
200,32,1120,8,-1,64,1116
200,32,1120,8,0,64,1120
200,32,1120,8,1,64,1116
200,32,1120,8,8,64,1088
200,33,32,-8,-8,63,64
200,33,32,-8,-1,63,36
200,33,32,-8,0,63,32
200,33,32,-8,1,63,36
200,33,32,-8,8,63,64
200,33,32,-1,-8,35,64
200,33,32,-1,-1,35,36
200,33,32,-1,0,35,32
200,33,32,-1,1,35,36
200,33,32,-1,8,35,64
200,33,32,0,-8,33,64
200,33,32,0,-1,33,36
200,33,32,0,0,33,32
200,33,32,0,1,33,36
200,33,32,0,8,33,64
200,33,32,1,-8,37,64
200,33,32,1,-1,37,36
200,33,32,1,0,37,32
200,33,32,1,1,37,36
200,33,32,1,8,37,64
200,33,32,8,-8,65,64
200,33,32,8,-1,65,36
200,33,32,8,0,65,32
200,33,32,8,1,65,36
200,33,32,8,8,65,64
200,33,33,-8,-8,63,63
200,33,33,-8,-1,63,35
200,33,33,-8,0,63,33
200,33,33,-8,1,63,37
200,33,33,-8,8,63,65
200,33,33,-1,-8,35,63
200,33,33,-1,-1,35,35
200,33,33,-1,0,35,33
200,33,33,-1,1,35,37
200,33,33,-1,8,35,65
200,33,33,0,-8,33,63
200,33,33,0,-1,33,35
200,33,33,0,0,33,33
200,33,33,0,1,33,37
200,33,33,0,8,33,65
200,33,33,1,-8,37,63
200,33,33,1,-1,37,35
200,33,33,1,0,37,33
200,33,33,1,1,37,37
200,33,33,1,8,37,65
200,33,33,8,-8,65,63
200,33,33,8,-1,65,35
200,33,33,8,0,65,33
200,33,33,8,1,65,37
200,33,33,8,8,65,65
200,33,64,-8,-8,63,32
200,33,64,-8,-1,63,60
200,33,64,-8,0,63,64
200,33,64,-8,1,63,68
200,33,64,-8,8,63,96
200,33,64,-1,-8,35,32
200,33,64,-1,-1,35,60
200,33,64,-1,0,35,64
200,33,64,-1,1,35,68
200,33,64,-1,8,35,96
200,33,64,0,-8,33,32
200,33,64,0,-1,33,60
200,33,64,0,0,33,64
200,33,64,0,1,33,68
200,33,64,0,8,33,96
200,33,64,1,-8,37,32
200,33,64,1,-1,37,60
200,33,64,1,0,37,64
200,33,64,1,1,37,68
200,33,64,1,8,37,96
200,33,64,8,-8,65,32
200,33,64,8,-1,65,60
200,33,64,8,0,65,64
200,33,64,8,1,65,68
200,33,64,8,8,65,96
200,33,576,-8,-8,63,544
200,33,576,-8,-1,63,572
200,33,576,-8,0,63,576
200,33,576,-8,1,63,580
200,33,576,-8,8,63,608
200,33,576,-1,-8,35,544
200,33,576,-1,-1,35,572
200,33,576,-1,0,35,576
200,33,576,-1,1,35,580
200,33,576,-1,8,35,608
200,33,576,0,-8,33,544
200,33,576,0,-1,33,572
200,33,576,0,0,33,576
200,33,576,0,1,33,580
200,33,576,0,8,33,608
200,33,576,1,-8,37,544
200,33,576,1,-1,37,572
200,33,576,1,0,37,576
200,33,576,1,1,37,580
200,33,576,1,8,37,608
200,33,576,8,-8,65,544
200,33,576,8,-1,65,572
200,33,576,8,0,65,576
200,33,576,8,1,65,580
200,33,576,8,8,65,608
200,33,1088,-8,-8,63,1056
200,33,1088,-8,-1,63,1084
200,33,1088,-8,0,63,1088
200,33,1088,-8,1,63,1092
200,33,1088,-8,8,63,1120
200,33,1088,-1,-8,35,1056
200,33,1088,-1,-1,35,1084
200,33,1088,-1,0,35,1088
200,33,1088,-1,1,35,1092
200,33,1088,-1,8,35,1120
200,33,1088,0,-8,33,1056
200,33,1088,0,-1,33,1084
200,33,1088,0,0,33,1088
200,33,1088,0,1,33,1092
200,33,1088,0,8,33,1120
200,33,1088,1,-8,37,1056
200,33,1088,1,-1,37,1084
200,33,1088,1,0,37,1088
200,33,1088,1,1,37,1092
200,33,1088,1,8,37,1120
200,33,1088,8,-8,65,1056
200,33,1088,8,-1,65,1084
200,33,1088,8,0,65,1088
200,33,1088,8,1,65,1092
200,33,1088,8,8,65,1120
200,33,1119,-8,-8,63,1087
200,33,1119,-8,-1,63,1115
200,33,1119,-8,0,63,1119
200,33,1119,-8,1,63,1117
200,33,1119,-8,8,63,1089
200,33,1119,-1,-8,35,1087
200,33,1119,-1,-1,35,1115
200,33,1119,-1,0,35,1119
200,33,1119,-1,1,35,1117
200,33,1119,-1,8,35,1089
200,33,1119,0,-8,33,1087
200,33,1119,0,-1,33,1115
200,33,1119,0,0,33,1119
200,33,1119,0,1,33,1117
200,33,1119,0,8,33,1089
200,33,1119,1,-8,37,1087
200,33,1119,1,-1,37,1115
200,33,1119,1,0,37,1119
200,33,1119,1,1,37,1117
200,33,1119,1,8,37,1089
200,33,1119,8,-8,65,1087
200,33,1119,8,-1,65,1115
200,33,1119,8,0,65,1119
200,33,1119,8,1,65,1117
200,33,1119,8,8,65,1089
200,33,1120,-8,-8,63,1088
200,33,1120,-8,-1,63,1116
200,33,1120,-8,0,63,1120
200,33,1120,-8,1,63,1116
200,33,1120,-8,8,63,1088
200,33,1120,-1,-8,35,1088
200,33,1120,-1,-1,35,1116
200,33,1120,-1,0,35,1120
200,33,1120,-1,1,35,1116
200,33,1120,-1,8,35,1088
200,33,1120,0,-8,33,1088
200,33,1120,0,-1,33,1116
200,33,1120,0,0,33,1120
200,33,1120,0,1,33,1116
200,33,1120,0,8,33,1088
200,33,1120,1,-8,37,1088
200,33,1120,1,-1,37,1116
200,33,1120,1,0,37,1120
200,33,1120,1,1,37,1116
200,33,1120,1,8,37,1088
200,33,1120,8,-8,65,1088
200,33,1120,8,-1,65,1116
200,33,1120,8,0,65,1120
200,33,1120,8,1,65,1116
200,33,1120,8,8,65,1088
200,64,32,-8,-8,32,64
200,64,32,-8,-1,32,36
200,64,32,-8,0,32,32
200,64,32,-8,1,32,36
200,64,32,-8,8,32,64
200,64,32,-1,-8,60,64
200,64,32,-1,-1,60,36
200,64,32,-1,0,60,32
200,64,32,-1,1,60,36
200,64,32,-1,8,60,64
200,64,32,0,-8,64,64
200,64,32,0,-1,64,36
200,64,32,0,0,64,32
200,64,32,0,1,64,36
200,64,32,0,8,64,64
200,64,32,1,-8,68,64
200,64,32,1,-1,68,36
200,64,32,1,0,68,32
200,64,32,1,1,68,36
200,64,32,1,8,68,64
200,64,32,8,-8,96,64
200,64,32,8,-1,96,36
200,64,32,8,0,96,32
200,64,32,8,1,96,36
200,64,32,8,8,96,64
200,64,33,-8,-8,32,63
200,64,33,-8,-1,32,35
200,64,33,-8,0,32,33
200,64,33,-8,1,32,37
200,64,33,-8,8,32,65
200,64,33,-1,-8,60,63
200,64,33,-1,-1,60,35
200,64,33,-1,0,60,33
200,64,33,-1,1,60,37
200,64,33,-1,8,60,65
200,64,33,0,-8,64,63
200,64,33,0,-1,64,35
200,64,33,0,0,64,33
200,64,33,0,1,64,37
200,64,33,0,8,64,65
200,64,33,1,-8,68,63
200,64,33,1,-1,68,35
200,64,33,1,0,68,33
200,64,33,1,1,68,37
200,64,33,1,8,68,65
200,64,33,8,-8,96,63
200,64,33,8,-1,96,35
200,64,33,8,0,96,33
200,64,33,8,1,96,37
200,64,33,8,8,96,65
200,64,64,-8,-8,32,32
200,64,64,-8,-1,32,60
200,64,64,-8,0,32,64
200,64,64,-8,1,32,68
200,64,64,-8,8,32,96
200,64,64,-1,-8,60,32
200,64,64,-1,-1,60,60
200,64,64,-1,0,60,64
200,64,64,-1,1,60,68
200,64,64,-1,8,60,96
200,64,64,0,-8,64,32
200,64,64,0,-1,64,60
200,64,64,0,0,64,64
200,64,64,0,1,64,68
200,64,64,0,8,64,96
200,64,64,1,-8,68,32
200,64,64,1,-1,68,60
200,64,64,1,0,68,64
200,64,64,1,1,68,68
200,64,64,1,8,68,96
200,64,64,8,-8,96,32
200,64,64,8,-1,96,60
200,64,64,8,0,96,64
200,64,64,8,1,96,68
200,64,64,8,8,96,96
200,64,576,-8,-8,32,544
200,64,576,-8,-1,32,572
200,64,576,-8,0,32,576
200,64,576,-8,1,32,580
200,64,576,-8,8,32,608
200,64,576,-1,-8,60,544
200,64,576,-1,-1,60,572
200,64,576,-1,0,60,576
200,64,576,-1,1,60,580
200,64,576,-1,8,60,608
200,64,576,0,-8,64,544
200,64,576,0,-1,64,572
200,64,576,0,0,64,576
200,64,576,0,1,64,580
200,64,576,0,8,64,608
200,64,576,1,-8,68,544
200,64,576,1,-1,68,572
200,64,576,1,0,68,576
200,64,576,1,1,68,580
200,64,576,1,8,68,608
200,64,576,8,-8,96,544
200,64,576,8,-1,96,572
200,64,576,8,0,96,576
200,64,576,8,1,96,580
200,64,576,8,8,96,608
200,64,1088,-8,-8,32,1056
200,64,1088,-8,-1,32,1084
200,64,1088,-8,0,32,1088
200,64,1088,-8,1,32,1092
200,64,1088,-8,8,32,1120
200,64,1088,-1,-8,60,1056
200,64,1088,-1,-1,60,1084
200,64,1088,-1,0,60,1088
200,64,1088,-1,1,60,1092
200,64,1088,-1,8,60,1120
200,64,1088,0,-8,64,1056
200,64,1088,0,-1,64,1084
200,64,1088,0,0,64,1088
200,64,1088,0,1,64,1092
200,64,1088,0,8,64,1120
200,64,1088,1,-8,68,1056
200,64,1088,1,-1,68,1084
200,64,1088,1,0,68,1088
200,64,1088,1,1,68,1092
200,64,1088,1,8,68,1120
200,64,1088,8,-8,96,1056
200,64,1088,8,-1,96,1084
200,64,1088,8,0,96,1088
200,64,1088,8,1,96,1092
200,64,1088,8,8,96,1120
200,64,1119,-8,-8,32,1087
200,64,1119,-8,-1,32,1115
200,64,1119,-8,0,32,1119
200,64,1119,-8,1,32,1117
200,64,1119,-8,8,32,1089
200,64,1119,-1,-8,60,1087
200,64,1119,-1,-1,60,1115
200,64,1119,-1,0,60,1119
200,64,1119,-1,1,60,1117
200,64,1119,-1,8,60,1089
200,64,1119,0,-8,64,1087
200,64,1119,0,-1,64,1115
200,64,1119,0,0,64,1119
200,64,1119,0,1,64,1117
200,64,1119,0,8,64,1089
200,64,1119,1,-8,68,1087
200,64,1119,1,-1,68,1115
200,64,1119,1,0,68,1119
200,64,1119,1,1,68,1117
200,64,1119,1,8,68,1089
200,64,1119,8,-8,96,1087
200,64,1119,8,-1,96,1115
200,64,1119,8,0,96,1119
200,64,1119,8,1,96,1117
200,64,1119,8,8,96,1089
200,64,1120,-8,-8,32,1088
200,64,1120,-8,-1,32,1116
200,64,1120,-8,0,32,1120
200,64,1120,-8,1,32,1116
200,64,1120,-8,8,32,1088
200,64,1120,-1,-8,60,1088
200,64,1120,-1,-1,60,1116
200,64,1120,-1,0,60,1120
200,64,1120,-1,1,60,1116
200,64,1120,-1,8,60,1088
200,64,1120,0,-8,64,1088
200,64,1120,0,-1,64,1116
200,64,1120,0,0,64,1120
200,64,1120,0,1,64,1116
200,64,1120,0,8,64,1088
200,64,1120,1,-8,68,1088
200,64,1120,1,-1,68,1116
200,64,1120,1,0,68,1120
200,64,1120,1,1,68,1116
200,64,1120,1,8,68,1088
200,64,1120,8,-8,96,1088
200,64,1120,8,-1,96,1116
200,64,1120,8,0,96,1120
200,64,1120,8,1,96,1116
200,64,1120,8,8,96,1088
200,320,32,-8,-8,288,64
200,320,32,-8,-1,288,36
200,320,32,-8,0,288,32
200,320,32,-8,1,288,36
200,320,32,-8,8,288,64
200,320,32,-1,-8,316,64
200,320,32,-1,-1,316,36
200,320,32,-1,0,316,32
200,320,32,-1,1,316,36
200,320,32,-1,8,316,64
200,320,32,0,-8,320,64
200,320,32,0,-1,320,36
200,320,32,0,0,320,32
200,320,32,0,1,320,36
200,320,32,0,8,320,64
200,320,32,1,-8,324,64
200,320,32,1,-1,324,36
200,320,32,1,0,324,32
200,320,32,1,1,324,36
200,320,32,1,8,324,64
200,320,32,8,-8,352,64
200,320,32,8,-1,352,36
200,320,32,8,0,352,32
200,320,32,8,1,352,36
200,320,32,8,8,352,64
200,320,33,-8,-8,288,63
200,320,33,-8,-1,288,35
200,320,33,-8,0,288,33
200,320,33,-8,1,288,37
200,320,33,-8,8,288,65
200,320,33,-1,-8,316,63
200,320,33,-1,-1,316,35
200,320,33,-1,0,316,33
200,320,33,-1,1,316,37
200,320,33,-1,8,316,65
200,320,33,0,-8,320,63
200,320,33,0,-1,320,35
200,320,33,0,0,320,33
200,320,33,0,1,320,37
200,320,33,0,8,320,65
200,320,33,1,-8,324,63
200,320,33,1,-1,324,35
200,320,33,1,0,324,33
200,320,33,1,1,324,37
200,320,33,1,8,324,65
200,320,33,8,-8,352,63
200,320,33,8,-1,352,35
200,320,33,8,0,352,33
200,320,33,8,1,352,37
200,320,33,8,8,352,65
200,320,64,-8,-8,288,32
200,320,64,-8,-1,288,60
200,320,64,-8,0,288,64
200,320,64,-8,1,288,68
200,320,64,-8,8,288,96
200,320,64,-1,-8,316,32
200,320,64,-1,-1,316,60
200,320,64,-1,0,316,64
200,320,64,-1,1,316,68
200,320,64,-1,8,316,96
200,320,64,0,-8,320,32
200,320,64,0,-1,320,60
200,320,64,0,0,320,64
200,320,64,0,1,320,68
200,320,64,0,8,320,96
200,320,64,1,-8,324,32
200,320,64,1,-1,324,60
200,320,64,1,0,324,64
200,320,64,1,1,324,68
200,320,64,1,8,324,96
200,320,64,8,-8,352,32
200,320,64,8,-1,352,60
200,320,64,8,0,352,64
200,320,64,8,1,352,68
200,320,64,8,8,352,96
200,320,576,-8,-8,288,544
200,320,576,-8,-1,288,572
200,320,576,-8,0,288,576
200,320,576,-8,1,288,580
200,320,576,-8,8,288,608
200,320,576,-1,-8,316,544
200,320,576,-1,-1,316,572
200,320,576,-1,0,316,576
200,320,576,-1,1,316,580
200,320,576,-1,8,316,608
200,320,576,0,-8,320,544
200,320,576,0,-1,320,572
200,320,576,0,0,320,576
200,320,576,0,1,320,580
200,320,576,0,8,320,608
200,320,576,1,-8,324,544
200,320,576,1,-1,324,572
200,320,576,1,0,324,576
200,320,576,1,1,324,580
200,320,576,1,8,324,608
200,320,576,8,-8,352,544
200,320,576,8,-1,352,572
200,320,576,8,0,352,576
200,320,576,8,1,352,580
200,320,576,8,8,352,608
200,320,1088,-8,-8,288,1056
200,320,1088,-8,-1,288,1084
200,320,1088,-8,0,288,1088
200,320,1088,-8,1,288,1092
200,320,1088,-8,8,288,1120
200,320,1088,-1,-8,316,1056
200,320,1088,-1,-1,316,1084
200,320,1088,-1,0,316,1088
200,320,1088,-1,1,316,1092
200,320,1088,-1,8,316,1120
200,320,1088,0,-8,320,1056
200,320,1088,0,-1,320,1084
200,320,1088,0,0,320,1088
200,320,1088,0,1,320,1092
200,320,1088,0,8,320,1120
200,320,1088,1,-8,324,1056
200,320,1088,1,-1,324,1084
200,320,1088,1,0,324,1088
200,320,1088,1,1,324,1092
200,320,1088,1,8,324,1120
200,320,1088,8,-8,352,1056
200,320,1088,8,-1,352,1084
200,320,1088,8,0,352,1088
200,320,1088,8,1,352,1092
200,320,1088,8,8,352,1120
200,320,1119,-8,-8,288,1087
200,320,1119,-8,-1,288,1115
200,320,1119,-8,0,288,1119
200,320,1119,-8,1,288,1117
200,320,1119,-8,8,288,1089
200,320,1119,-1,-8,316,1087
200,320,1119,-1,-1,316,1115
200,320,1119,-1,0,316,1119
200,320,1119,-1,1,316,1117
200,320,1119,-1,8,316,1089
200,320,1119,0,-8,320,1087
200,320,1119,0,-1,320,1115
200,320,1119,0,0,320,1119
200,320,1119,0,1,320,1117
200,320,1119,0,8,320,1089
200,320,1119,1,-8,324,1087
200,320,1119,1,-1,324,1115
200,320,1119,1,0,324,1119
200,320,1119,1,1,324,1117
200,320,1119,1,8,324,1089
200,320,1119,8,-8,352,1087
200,320,1119,8,-1,352,1115
200,320,1119,8,0,352,1119
200,320,1119,8,1,352,1117
200,320,1119,8,8,352,1089
200,320,1120,-8,-8,288,1088
200,320,1120,-8,-1,288,1116
200,320,1120,-8,0,288,1120
200,320,1120,-8,1,288,1116
200,320,1120,-8,8,288,1088
200,320,1120,-1,-8,316,1088
200,320,1120,-1,-1,316,1116
200,320,1120,-1,0,316,1120
200,320,1120,-1,1,316,1116
200,320,1120,-1,8,316,1088
200,320,1120,0,-8,320,1088
200,320,1120,0,-1,320,1116
200,320,1120,0,0,320,1120
200,320,1120,0,1,320,1116
200,320,1120,0,8,320,1088
200,320,1120,1,-8,324,1088
200,320,1120,1,-1,324,1116
200,320,1120,1,0,324,1120
200,320,1120,1,1,324,1116
200,320,1120,1,8,324,1088
200,320,1120,8,-8,352,1088
200,320,1120,8,-1,352,1116
200,320,1120,8,0,352,1120
200,320,1120,8,1,352,1116
200,320,1120,8,8,352,1088
200,576,32,-8,-8,544,64
200,576,32,-8,-1,544,36
200,576,32,-8,0,544,32
200,576,32,-8,1,544,36
200,576,32,-8,8,544,64
200,576,32,-1,-8,572,64
200,576,32,-1,-1,572,36
200,576,32,-1,0,572,32
200,576,32,-1,1,572,36
200,576,32,-1,8,572,64
200,576,32,0,-8,576,64
200,576,32,0,-1,576,36
200,576,32,0,0,576,32
200,576,32,0,1,576,36
200,576,32,0,8,576,64
200,576,32,1,-8,580,64
200,576,32,1,-1,580,36
200,576,32,1,0,580,32
200,576,32,1,1,580,36
200,576,32,1,8,580,64
200,576,32,8,-8,608,64
200,576,32,8,-1,608,36
200,576,32,8,0,608,32
200,576,32,8,1,608,36
200,576,32,8,8,608,64
200,576,33,-8,-8,544,63
200,576,33,-8,-1,544,35
200,576,33,-8,0,544,33
200,576,33,-8,1,544,37
200,576,33,-8,8,544,65
200,576,33,-1,-8,572,63
200,576,33,-1,-1,572,35
200,576,33,-1,0,572,33
200,576,33,-1,1,572,37
200,576,33,-1,8,572,65
200,576,33,0,-8,576,63
200,576,33,0,-1,576,35
200,576,33,0,0,576,33
200,576,33,0,1,576,37
200,576,33,0,8,576,65
200,576,33,1,-8,580,63
200,576,33,1,-1,580,35
200,576,33,1,0,580,33
200,576,33,1,1,580,37
200,576,33,1,8,580,65
200,576,33,8,-8,608,63
200,576,33,8,-1,608,35
200,576,33,8,0,608,33
200,576,33,8,1,608,37
200,576,33,8,8,608,65
200,576,64,-8,-8,544,32
200,576,64,-8,-1,544,60
200,576,64,-8,0,544,64
200,576,64,-8,1,544,68
200,576,64,-8,8,544,96
200,576,64,-1,-8,572,32
200,576,64,-1,-1,572,60
200,576,64,-1,0,572,64
200,576,64,-1,1,572,68
200,576,64,-1,8,572,96
200,576,64,0,-8,576,32
200,576,64,0,-1,576,60
200,576,64,0,0,576,64
200,576,64,0,1,576,68
200,576,64,0,8,576,96
200,576,64,1,-8,580,32
200,576,64,1,-1,580,60
200,576,64,1,0,580,64
200,576,64,1,1,580,68
200,576,64,1,8,580,96
200,576,64,8,-8,608,32
200,576,64,8,-1,608,60
200,576,64,8,0,608,64
200,576,64,8,1,608,68
200,576,64,8,8,608,96
200,576,576,-8,-8,544,544
200,576,576,-8,-1,544,572
200,576,576,-8,0,544,576
200,576,576,-8,1,544,580
200,576,576,-8,8,544,608
200,576,576,-1,-8,572,544
200,576,576,-1,-1,572,572
200,576,576,-1,0,572,576
200,576,576,-1,1,572,580
200,576,576,-1,8,572,608
200,576,576,0,-8,576,544
200,576,576,0,-1,576,572
200,576,576,0,0,576,576
200,576,576,0,1,576,580
200,576,576,0,8,576,608
200,576,576,1,-8,580,544
200,576,576,1,-1,580,572
200,576,576,1,0,580,576
200,576,576,1,1,580,580
200,576,576,1,8,580,608
200,576,576,8,-8,608,544
200,576,576,8,-1,608,572
200,576,576,8,0,608,576
200,576,576,8,1,608,580
200,576,576,8,8,608,608
200,576,1088,-8,-8,544,1056
200,576,1088,-8,-1,544,1084
200,576,1088,-8,0,544,1088
200,576,1088,-8,1,544,1092
200,576,1088,-8,8,544,1120
200,576,1088,-1,-8,572,1056
200,576,1088,-1,-1,572,1084
200,576,1088,-1,0,572,1088
200,576,1088,-1,1,572,1092
200,576,1088,-1,8,572,1120
200,576,1088,0,-8,576,1056
200,576,1088,0,-1,576,1084
200,576,1088,0,0,576,1088
200,576,1088,0,1,576,1092
200,576,1088,0,8,576,1120
200,576,1088,1,-8,580,1056
200,576,1088,1,-1,580,1084
200,576,1088,1,0,580,1088
200,576,1088,1,1,580,1092
200,576,1088,1,8,580,1120
200,576,1088,8,-8,608,1056
200,576,1088,8,-1,608,1084
200,576,1088,8,0,608,1088
200,576,1088,8,1,608,1092
200,576,1088,8,8,608,1120
200,576,1119,-8,-8,544,1087
200,576,1119,-8,-1,544,1115
200,576,1119,-8,0,544,1119
200,576,1119,-8,1,544,1117
200,576,1119,-8,8,544,1089
200,576,1119,-1,-8,572,1087
200,576,1119,-1,-1,572,1115
200,576,1119,-1,0,572,1119
200,576,1119,-1,1,572,1117
200,576,1119,-1,8,572,1089
200,576,1119,0,-8,576,1087
200,576,1119,0,-1,576,1115
200,576,1119,0,0,576,1119
200,576,1119,0,1,576,1117
200,576,1119,0,8,576,1089
200,576,1119,1,-8,580,1087
200,576,1119,1,-1,580,1115
200,576,1119,1,0,580,1119
200,576,1119,1,1,580,1117
200,576,1119,1,8,580,1089
200,576,1119,8,-8,608,1087
200,576,1119,8,-1,608,1115
200,576,1119,8,0,608,1119
200,576,1119,8,1,608,1117
200,576,1119,8,8,608,1089
200,576,1120,-8,-8,544,1088
200,576,1120,-8,-1,544,1116
200,576,1120,-8,0,544,1120
200,576,1120,-8,1,544,1116
200,576,1120,-8,8,544,1088
200,576,1120,-1,-8,572,1088
200,576,1120,-1,-1,572,1116
200,576,1120,-1,0,572,1120
200,576,1120,-1,1,572,1116
200,576,1120,-1,8,572,1088
200,576,1120,0,-8,576,1088
200,576,1120,0,-1,576,1116
200,576,1120,0,0,576,1120
200,576,1120,0,1,576,1116
200,576,1120,0,8,576,1088
200,576,1120,1,-8,580,1088
200,576,1120,1,-1,580,1116
200,576,1120,1,0,580,1120
200,576,1120,1,1,580,1116
200,576,1120,1,8,580,1088
200,576,1120,8,-8,608,1088
200,576,1120,8,-1,608,1116
200,576,1120,8,0,608,1120
200,576,1120,8,1,608,1116
200,576,1120,8,8,608,1088
200,607,32,-8,-8,575,64
200,607,32,-8,-1,575,36
200,607,32,-8,0,575,32
200,607,32,-8,1,575,36
200,607,32,-8,8,575,64
200,607,32,-1,-8,603,64
200,607,32,-1,-1,603,36
200,607,32,-1,0,603,32
200,607,32,-1,1,603,36
200,607,32,-1,8,603,64
200,607,32,0,-8,607,64
200,607,32,0,-1,607,36
200,607,32,0,0,607,32
200,607,32,0,1,607,36
200,607,32,0,8,607,64
200,607,32,1,-8,605,64
200,607,32,1,-1,605,36
200,607,32,1,0,605,32
200,607,32,1,1,605,36
200,607,32,1,8,605,64
200,607,32,8,-8,577,64
200,607,32,8,-1,577,36
200,607,32,8,0,577,32
200,607,32,8,1,577,36
200,607,32,8,8,577,64
200,607,33,-8,-8,575,63
200,607,33,-8,-1,575,35
200,607,33,-8,0,575,33
200,607,33,-8,1,575,37
200,607,33,-8,8,575,65
200,607,33,-1,-8,603,63
200,607,33,-1,-1,603,35
200,607,33,-1,0,603,33
200,607,33,-1,1,603,37
200,607,33,-1,8,603,65
200,607,33,0,-8,607,63
200,607,33,0,-1,607,35
200,607,33,0,0,607,33
200,607,33,0,1,607,37
200,607,33,0,8,607,65
200,607,33,1,-8,605,63
200,607,33,1,-1,605,35
200,607,33,1,0,605,33
200,607,33,1,1,605,37
200,607,33,1,8,605,65
200,607,33,8,-8,577,63
200,607,33,8,-1,577,35
200,607,33,8,0,577,33
200,607,33,8,1,577,37
200,607,33,8,8,577,65
200,607,64,-8,-8,575,32
200,607,64,-8,-1,575,60
200,607,64,-8,0,575,64
200,607,64,-8,1,575,68
200,607,64,-8,8,575,96
200,607,64,-1,-8,603,32
200,607,64,-1,-1,603,60
200,607,64,-1,0,603,64
200,607,64,-1,1,603,68
200,607,64,-1,8,603,96
200,607,64,0,-8,607,32
200,607,64,0,-1,607,60
200,607,64,0,0,607,64
200,607,64,0,1,607,68
200,607,64,0,8,607,96
200,607,64,1,-8,605,32
200,607,64,1,-1,605,60
200,607,64,1,0,605,64
200,607,64,1,1,605,68
200,607,64,1,8,605,96
200,607,64,8,-8,577,32
200,607,64,8,-1,577,60
200,607,64,8,0,577,64
200,607,64,8,1,577,68
200,607,64,8,8,577,96
200,607,576,-8,-8,575,544
200,607,576,-8,-1,575,572
200,607,576,-8,0,575,576
200,607,576,-8,1,575,580
200,607,576,-8,8,575,608
200,607,576,-1,-8,603,544
200,607,576,-1,-1,603,572
200,607,576,-1,0,603,576
200,607,576,-1,1,603,580
200,607,576,-1,8,603,608
200,607,576,0,-8,607,544
200,607,576,0,-1,607,572
200,607,576,0,0,607,576
200,607,576,0,1,607,580
200,607,576,0,8,607,608
200,607,576,1,-8,605,544
200,607,576,1,-1,605,572
200,607,576,1,0,605,576
200,607,576,1,1,605,580
200,607,576,1,8,605,608
200,607,576,8,-8,577,544
200,607,576,8,-1,577,572
200,607,576,8,0,577,576
200,607,576,8,1,577,580
200,607,576,8,8,577,608
200,607,1088,-8,-8,575,1056
200,607,1088,-8,-1,575,1084
200,607,1088,-8,0,575,1088
200,607,1088,-8,1,575,1092
200,607,1088,-8,8,575,1120
200,607,1088,-1,-8,603,1056
200,607,1088,-1,-1,603,1084
200,607,1088,-1,0,603,1088
200,607,1088,-1,1,603,1092
200,607,1088,-1,8,603,1120
200,607,1088,0,-8,607,1056
200,607,1088,0,-1,607,1084
200,607,1088,0,0,607,1088
200,607,1088,0,1,607,1092
200,607,1088,0,8,607,1120
200,607,1088,1,-8,605,1056
200,607,1088,1,-1,605,1084
200,607,1088,1,0,605,1088
200,607,1088,1,1,605,1092
200,607,1088,1,8,605,1120
200,607,1088,8,-8,577,1056
200,607,1088,8,-1,577,1084
200,607,1088,8,0,577,1088
200,607,1088,8,1,577,1092
200,607,1088,8,8,577,1120
200,607,1119,-8,-8,575,1087
200,607,1119,-8,-1,575,1115
200,607,1119,-8,0,575,1119
200,607,1119,-8,1,575,1117
200,607,1119,-8,8,575,1089
200,607,1119,-1,-8,603,1087
200,607,1119,-1,-1,603,1115
200,607,1119,-1,0,603,1119
200,607,1119,-1,1,603,1117
200,607,1119,-1,8,603,1089
200,607,1119,0,-8,607,1087
200,607,1119,0,-1,607,1115
200,607,1119,0,0,607,1119
200,607,1119,0,1,607,1117
200,607,1119,0,8,607,1089
200,607,1119,1,-8,605,1087
200,607,1119,1,-1,605,1115
200,607,1119,1,0,605,1119
200,607,1119,1,1,605,1117
200,607,1119,1,8,605,1089
200,607,1119,8,-8,577,1087
200,607,1119,8,-1,577,1115
200,607,1119,8,0,577,1119
200,607,1119,8,1,577,1117
200,607,1119,8,8,577,1089
200,607,1120,-8,-8,575,1088
200,607,1120,-8,-1,575,1116
200,607,1120,-8,0,575,1120
200,607,1120,-8,1,575,1116
200,607,1120,-8,8,575,1088
200,607,1120,-1,-8,603,1088
200,607,1120,-1,-1,603,1116
200,607,1120,-1,0,603,1120
200,607,1120,-1,1,603,1116
200,607,1120,-1,8,603,1088
200,607,1120,0,-8,607,1088
200,607,1120,0,-1,607,1116
200,607,1120,0,0,607,1120
200,607,1120,0,1,607,1116
200,607,1120,0,8,607,1088
200,607,1120,1,-8,605,1088
200,607,1120,1,-1,605,1116
200,607,1120,1,0,605,1120
200,607,1120,1,1,605,1116
200,607,1120,1,8,605,1088
200,607,1120,8,-8,577,1088
200,607,1120,8,-1,577,1116
200,607,1120,8,0,577,1120
200,607,1120,8,1,577,1116
200,607,1120,8,8,577,1088
200,608,32,-8,-8,576,64
200,608,32,-8,-1,576,36
200,608,32,-8,0,576,32
200,608,32,-8,1,576,36
200,608,32,-8,8,576,64
200,608,32,-1,-8,604,64
200,608,32,-1,-1,604,36
200,608,32,-1,0,604,32
200,608,32,-1,1,604,36
200,608,32,-1,8,604,64
200,608,32,0,-8,608,64
200,608,32,0,-1,608,36
200,608,32,0,0,608,32
200,608,32,0,1,608,36
200,608,32,0,8,608,64
200,608,32,1,-8,604,64
200,608,32,1,-1,604,36
200,608,32,1,0,604,32
200,608,32,1,1,604,36
200,608,32,1,8,604,64
200,608,32,8,-8,576,64
200,608,32,8,-1,576,36
200,608,32,8,0,576,32
200,608,32,8,1,576,36
200,608,32,8,8,576,64
200,608,33,-8,-8,576,63
200,608,33,-8,-1,576,35
200,608,33,-8,0,576,33
200,608,33,-8,1,576,37
200,608,33,-8,8,576,65
200,608,33,-1,-8,604,63
200,608,33,-1,-1,604,35
200,608,33,-1,0,604,33
200,608,33,-1,1,604,37
200,608,33,-1,8,604,65
200,608,33,0,-8,608,63
200,608,33,0,-1,608,35
200,608,33,0,0,608,33
200,608,33,0,1,608,37
200,608,33,0,8,608,65
200,608,33,1,-8,604,63
200,608,33,1,-1,604,35
200,608,33,1,0,604,33
200,608,33,1,1,604,37
200,608,33,1,8,604,65
200,608,33,8,-8,576,63
200,608,33,8,-1,576,35
200,608,33,8,0,576,33
200,608,33,8,1,576,37
200,608,33,8,8,576,65
200,608,64,-8,-8,576,32
200,608,64,-8,-1,576,60
200,608,64,-8,0,576,64
200,608,64,-8,1,576,68
200,608,64,-8,8,576,96
200,608,64,-1,-8,604,32
200,608,64,-1,-1,604,60
200,608,64,-1,0,604,64
200,608,64,-1,1,604,68
200,608,64,-1,8,604,96
200,608,64,0,-8,608,32
200,608,64,0,-1,608,60
200,608,64,0,0,608,64
200,608,64,0,1,608,68
200,608,64,0,8,608,96
200,608,64,1,-8,604,32
200,608,64,1,-1,604,60
200,608,64,1,0,604,64
200,608,64,1,1,604,68
200,608,64,1,8,604,96
200,608,64,8,-8,576,32
200,608,64,8,-1,576,60
200,608,64,8,0,576,64
200,608,64,8,1,576,68
200,608,64,8,8,576,96
200,608,576,-8,-8,576,544
200,608,576,-8,-1,576,572
200,608,576,-8,0,576,576
200,608,576,-8,1,576,580
200,608,576,-8,8,576,608
200,608,576,-1,-8,604,544
200,608,576,-1,-1,604,572
200,608,576,-1,0,604,576
200,608,576,-1,1,604,580
200,608,576,-1,8,604,608
200,608,576,0,-8,608,544
200,608,576,0,-1,608,572
200,608,576,0,0,608,576
200,608,576,0,1,608,580
200,608,576,0,8,608,608
200,608,576,1,-8,604,544
200,608,576,1,-1,604,572
200,608,576,1,0,604,576
200,608,576,1,1,604,580
200,608,576,1,8,604,608
200,608,576,8,-8,576,544
200,608,576,8,-1,576,572
200,608,576,8,0,576,576
200,608,576,8,1,576,580
200,608,576,8,8,576,608
200,608,1088,-8,-8,576,1056
200,608,1088,-8,-1,576,1084
200,608,1088,-8,0,576,1088
200,608,1088,-8,1,576,1092
200,608,1088,-8,8,576,1120
200,608,1088,-1,-8,604,1056
200,608,1088,-1,-1,604,1084
200,608,1088,-1,0,604,1088
200,608,1088,-1,1,604,1092
200,608,1088,-1,8,604,1120
200,608,1088,0,-8,608,1056
200,608,1088,0,-1,608,1084
200,608,1088,0,0,608,1088
200,608,1088,0,1,608,1092
200,608,1088,0,8,608,1120
200,608,1088,1,-8,604,1056
200,608,1088,1,-1,604,1084
200,608,1088,1,0,604,1088
200,608,1088,1,1,604,1092
200,608,1088,1,8,604,1120
200,608,1088,8,-8,576,1056
200,608,1088,8,-1,576,1084
200,608,1088,8,0,576,1088
200,608,1088,8,1,576,1092
200,608,1088,8,8,576,1120
200,608,1119,-8,-8,576,1087
200,608,1119,-8,-1,576,1115
200,608,1119,-8,0,576,1119
200,608,1119,-8,1,576,1117
200,608,1119,-8,8,576,1089
200,608,1119,-1,-8,604,1087
200,608,1119,-1,-1,604,1115
200,608,1119,-1,0,604,1119
200,608,1119,-1,1,604,1117
200,608,1119,-1,8,604,1089
200,608,1119,0,-8,608,1087
200,608,1119,0,-1,608,1115
200,608,1119,0,0,608,1119
200,608,1119,0,1,608,1117
200,608,1119,0,8,608,1089
200,608,1119,1,-8,604,1087
200,608,1119,1,-1,604,1115
200,608,1119,1,0,604,1119
200,608,1119,1,1,604,1117
200,608,1119,1,8,604,1089
200,608,1119,8,-8,576,1087
200,608,1119,8,-1,576,1115
200,608,1119,8,0,576,1119
200,608,1119,8,1,576,1117
200,608,1119,8,8,576,1089
200,608,1120,-8,-8,576,1088
200,608,1120,-8,-1,576,1116
200,608,1120,-8,0,576,1120
200,608,1120,-8,1,576,1116
200,608,1120,-8,8,576,1088
200,608,1120,-1,-8,604,1088
200,608,1120,-1,-1,604,1116
200,608,1120,-1,0,604,1120
200,608,1120,-1,1,604,1116
200,608,1120,-1,8,604,1088
200,608,1120,0,-8,608,1088
200,608,1120,0,-1,608,1116
200,608,1120,0,0,608,1120
200,608,1120,0,1,608,1116
200,608,1120,0,8,608,1088
200,608,1120,1,-8,604,1088
200,608,1120,1,-1,604,1116
200,608,1120,1,0,604,1120
200,608,1120,1,1,604,1116
200,608,1120,1,8,604,1088
200,608,1120,8,-8,576,1088
200,608,1120,8,-1,576,1116
200,608,1120,8,0,576,1120
200,608,1120,8,1,576,1116
200,608,1120,8,8,576,1088
249,32,32,-8,-8,64,64
249,32,32,-8,-1,64,36
249,32,32,-8,0,64,32
249,32,32,-8,1,64,36
249,32,32,-8,8,64,64
249,32,32,-1,-8,36,64
249,32,32,-1,-1,36,36
249,32,32,-1,0,36,32
249,32,32,-1,1,36,36
249,32,32,-1,8,36,64
249,32,32,0,-8,32,64
249,32,32,0,-1,32,36
249,32,32,0,0,32,32
249,32,32,0,1,32,36
249,32,32,0,8,32,64
249,32,32,1,-8,36,64
249,32,32,1,-1,36,36
249,32,32,1,0,36,32
249,32,32,1,1,36,36
249,32,32,1,8,36,64
249,32,32,8,-8,64,64
249,32,32,8,-1,64,36
249,32,32,8,0,64,32
249,32,32,8,1,64,36
249,32,32,8,8,64,64
249,32,33,-8,-8,64,63
249,32,33,-8,-1,64,35
249,32,33,-8,0,64,33
249,32,33,-8,1,64,37
249,32,33,-8,8,64,65
249,32,33,-1,-8,36,63
249,32,33,-1,-1,36,35
249,32,33,-1,0,36,33
249,32,33,-1,1,36,37
249,32,33,-1,8,36,65
249,32,33,0,-8,32,63
249,32,33,0,-1,32,35
249,32,33,0,0,32,33
249,32,33,0,1,32,37
249,32,33,0,8,32,65
249,32,33,1,-8,36,63
249,32,33,1,-1,36,35
249,32,33,1,0,36,33
249,32,33,1,1,36,37
249,32,33,1,8,36,65
249,32,33,8,-8,64,63
249,32,33,8,-1,64,35
249,32,33,8,0,64,33
249,32,33,8,1,64,37
249,32,33,8,8,64,65
249,32,64,-8,-8,64,32
249,32,64,-8,-1,64,60
249,32,64,-8,0,64,64
249,32,64,-8,1,64,68
249,32,64,-8,8,64,96
249,32,64,-1,-8,36,32
249,32,64,-1,-1,36,60
249,32,64,-1,0,36,64
249,32,64,-1,1,36,68
249,32,64,-1,8,36,96
249,32,64,0,-8,32,32
249,32,64,0,-1,32,60
249,32,64,0,0,32,64
249,32,64,0,1,32,68
249,32,64,0,8,32,96
249,32,64,1,-8,36,32
249,32,64,1,-1,36,60
249,32,64,1,0,36,64
249,32,64,1,1,36,68
249,32,64,1,8,36,96
249,32,64,8,-8,64,32
249,32,64,8,-1,64,60
249,32,64,8,0,64,64
249,32,64,8,1,64,68
249,32,64,8,8,64,96
249,32,576,-8,-8,64,544
249,32,576,-8,-1,64,572
249,32,576,-8,0,64,576
249,32,576,-8,1,64,580
249,32,576,-8,8,64,608
249,32,576,-1,-8,36,544
249,32,576,-1,-1,36,572
249,32,576,-1,0,36,576
249,32,576,-1,1,36,580
249,32,576,-1,8,36,608
249,32,576,0,-8,32,544
249,32,576,0,-1,32,572
249,32,576,0,0,32,576
249,32,576,0,1,32,580
249,32,576,0,8,32,608
249,32,576,1,-8,36,544
249,32,576,1,-1,36,572
249,32,576,1,0,36,576
249,32,576,1,1,36,580
249,32,576,1,8,36,608
249,32,576,8,-8,64,544
249,32,576,8,-1,64,572
249,32,576,8,0,64,576
249,32,576,8,1,64,580
249,32,576,8,8,64,608
249,32,1088,-8,-8,64,1056
249,32,1088,-8,-1,64,1084
249,32,1088,-8,0,64,1088
249,32,1088,-8,1,64,1092
249,32,1088,-8,8,64,1120
249,32,1088,-1,-8,36,1056
249,32,1088,-1,-1,36,1084
249,32,1088,-1,0,36,1088
249,32,1088,-1,1,36,1092
249,32,1088,-1,8,36,1120
249,32,1088,0,-8,32,1056
249,32,1088,0,-1,32,1084
249,32,1088,0,0,32,1088
249,32,1088,0,1,32,1092
249,32,1088,0,8,32,1120
249,32,1088,1,-8,36,1056
249,32,1088,1,-1,36,1084
249,32,1088,1,0,36,1088
249,32,1088,1,1,36,1092
249,32,1088,1,8,36,1120
249,32,1088,8,-8,64,1056
249,32,1088,8,-1,64,1084
249,32,1088,8,0,64,1088
249,32,1088,8,1,64,1092
249,32,1088,8,8,64,1120
249,32,1119,-8,-8,64,1087
249,32,1119,-8,-1,64,1115
249,32,1119,-8,0,64,1119
249,32,1119,-8,1,64,1117
249,32,1119,-8,8,64,1089
249,32,1119,-1,-8,36,1087
249,32,1119,-1,-1,36,1115
249,32,1119,-1,0,36,1119
249,32,1119,-1,1,36,1117
249,32,1119,-1,8,36,1089
249,32,1119,0,-8,32,1087
249,32,1119,0,-1,32,1115
249,32,1119,0,0,32,1119
249,32,1119,0,1,32,1117
249,32,1119,0,8,32,1089
249,32,1119,1,-8,36,1087
249,32,1119,1,-1,36,1115
249,32,1119,1,0,36,1119
249,32,1119,1,1,36,1117
249,32,1119,1,8,36,1089
249,32,1119,8,-8,64,1087
249,32,1119,8,-1,64,1115
249,32,1119,8,0,64,1119
249,32,1119,8,1,64,1117
249,32,1119,8,8,64,1089
249,32,1120,-8,-8,64,1088
249,32,1120,-8,-1,64,1116
249,32,1120,-8,0,64,1120
249,32,1120,-8,1,64,1116
249,32,1120,-8,8,64,1088
249,32,1120,-1,-8,36,1088
249,32,1120,-1,-1,36,1116
249,32,1120,-1,0,36,1120
249,32,1120,-1,1,36,1116
249,32,1120,-1,8,36,1088
249,32,1120,0,-8,32,1088
249,32,1120,0,-1,32,1116
249,32,1120,0,0,32,1120
249,32,1120,0,1,32,1116
249,32,1120,0,8,32,1088
249,32,1120,1,-8,36,1088
249,32,1120,1,-1,36,1116
249,32,1120,1,0,36,1120
249,32,1120,1,1,36,1116
249,32,1120,1,8,36,1088
249,32,1120,8,-8,64,1088
249,32,1120,8,-1,64,1116
249,32,1120,8,0,64,1120
249,32,1120,8,1,64,1116
249,32,1120,8,8,64,1088
249,33,32,-8,-8,63,64
249,33,32,-8,-1,63,36
249,33,32,-8,0,63,32
249,33,32,-8,1,63,36
249,33,32,-8,8,63,64
249,33,32,-1,-8,35,64
249,33,32,-1,-1,35,36
249,33,32,-1,0,35,32
249,33,32,-1,1,35,36
249,33,32,-1,8,35,64
249,33,32,0,-8,33,64
249,33,32,0,-1,33,36
249,33,32,0,0,33,32
249,33,32,0,1,33,36
249,33,32,0,8,33,64
249,33,32,1,-8,37,64
249,33,32,1,-1,37,36
249,33,32,1,0,37,32
249,33,32,1,1,37,36
249,33,32,1,8,37,64
249,33,32,8,-8,65,64
249,33,32,8,-1,65,36
249,33,32,8,0,65,32
249,33,32,8,1,65,36
249,33,32,8,8,65,64
249,33,33,-8,-8,63,63
249,33,33,-8,-1,63,35
249,33,33,-8,0,63,33
249,33,33,-8,1,63,37
249,33,33,-8,8,63,65
249,33,33,-1,-8,35,63
249,33,33,-1,-1,35,35
249,33,33,-1,0,35,33
249,33,33,-1,1,35,37
249,33,33,-1,8,35,65
249,33,33,0,-8,33,63
249,33,33,0,-1,33,35
249,33,33,0,0,33,33
249,33,33,0,1,33,37
249,33,33,0,8,33,65
249,33,33,1,-8,37,63
249,33,33,1,-1,37,35
249,33,33,1,0,37,33
249,33,33,1,1,37,37
249,33,33,1,8,37,65
249,33,33,8,-8,65,63
249,33,33,8,-1,65,35
249,33,33,8,0,65,33
249,33,33,8,1,65,37
249,33,33,8,8,65,65
249,33,64,-8,-8,63,32
249,33,64,-8,-1,63,60
249,33,64,-8,0,63,64
249,33,64,-8,1,63,68
249,33,64,-8,8,63,96
249,33,64,-1,-8,35,32
249,33,64,-1,-1,35,60
249,33,64,-1,0,35,64
249,33,64,-1,1,35,68
249,33,64,-1,8,35,96
249,33,64,0,-8,33,32
249,33,64,0,-1,33,60
249,33,64,0,0,33,64
249,33,64,0,1,33,68
249,33,64,0,8,33,96
249,33,64,1,-8,37,32
249,33,64,1,-1,37,60
249,33,64,1,0,37,64
249,33,64,1,1,37,68
249,33,64,1,8,37,96
249,33,64,8,-8,65,32
249,33,64,8,-1,65,60
249,33,64,8,0,65,64
249,33,64,8,1,65,68
249,33,64,8,8,65,96
249,33,576,-8,-8,63,544
249,33,576,-8,-1,63,572
249,33,576,-8,0,63,576
249,33,576,-8,1,63,580
249,33,576,-8,8,63,608
249,33,576,-1,-8,35,544
249,33,576,-1,-1,35,572
249,33,576,-1,0,35,576
249,33,576,-1,1,35,580
249,33,576,-1,8,35,608
249,33,576,0,-8,33,544
249,33,576,0,-1,33,572
249,33,576,0,0,33,576
249,33,576,0,1,33,580
249,33,576,0,8,33,608
249,33,576,1,-8,37,544
249,33,576,1,-1,37,572
249,33,576,1,0,37,576
249,33,576,1,1,37,580
249,33,576,1,8,37,608
249,33,576,8,-8,65,544
249,33,576,8,-1,65,572
249,33,576,8,0,65,576
249,33,576,8,1,65,580
249,33,576,8,8,65,608
249,33,1088,-8,-8,63,1056
249,33,1088,-8,-1,63,1084
249,33,1088,-8,0,63,1088
249,33,1088,-8,1,63,1092
249,33,1088,-8,8,63,1120
249,33,1088,-1,-8,35,1056
249,33,1088,-1,-1,35,1084
249,33,1088,-1,0,35,1088
249,33,1088,-1,1,35,1092
249,33,1088,-1,8,35,1120
249,33,1088,0,-8,33,1056
249,33,1088,0,-1,33,1084
249,33,1088,0,0,33,1088
249,33,1088,0,1,33,1092
249,33,1088,0,8,33,1120
249,33,1088,1,-8,37,1056
249,33,1088,1,-1,37,1084
249,33,1088,1,0,37,1088
249,33,1088,1,1,37,1092
249,33,1088,1,8,37,1120
249,33,1088,8,-8,65,1056
249,33,1088,8,-1,65,1084
249,33,1088,8,0,65,1088
249,33,1088,8,1,65,1092
249,33,1088,8,8,65,1120
249,33,1119,-8,-8,63,1087
249,33,1119,-8,-1,63,1115
249,33,1119,-8,0,63,1119
249,33,1119,-8,1,63,1117
249,33,1119,-8,8,63,1089
249,33,1119,-1,-8,35,1087
249,33,1119,-1,-1,35,1115
249,33,1119,-1,0,35,1119
249,33,1119,-1,1,35,1117
249,33,1119,-1,8,35,1089
249,33,1119,0,-8,33,1087
249,33,1119,0,-1,33,1115
249,33,1119,0,0,33,1119
249,33,1119,0,1,33,1117
249,33,1119,0,8,33,1089
249,33,1119,1,-8,37,1087
249,33,1119,1,-1,37,1115
249,33,1119,1,0,37,1119
249,33,1119,1,1,37,1117
249,33,1119,1,8,37,1089
249,33,1119,8,-8,65,1087
249,33,1119,8,-1,65,1115
249,33,1119,8,0,65,1119
249,33,1119,8,1,65,1117
249,33,1119,8,8,65,1089
249,33,1120,-8,-8,63,1088
249,33,1120,-8,-1,63,1116
249,33,1120,-8,0,63,1120
249,33,1120,-8,1,63,1116
249,33,1120,-8,8,63,1088
249,33,1120,-1,-8,35,1088
249,33,1120,-1,-1,35,1116
249,33,1120,-1,0,35,1120
249,33,1120,-1,1,35,1116
249,33,1120,-1,8,35,1088
249,33,1120,0,-8,33,1088
249,33,1120,0,-1,33,1116
249,33,1120,0,0,33,1120
249,33,1120,0,1,33,1116
249,33,1120,0,8,33,1088
249,33,1120,1,-8,37,1088
249,33,1120,1,-1,37,1116
249,33,1120,1,0,37,1120
249,33,1120,1,1,37,1116
249,33,1120,1,8,37,1088
249,33,1120,8,-8,65,1088
249,33,1120,8,-1,65,1116
249,33,1120,8,0,65,1120
249,33,1120,8,1,65,1116
249,33,1120,8,8,65,1088
249,64,32,-8,-8,32,64
249,64,32,-8,-1,32,36
249,64,32,-8,0,32,32
249,64,32,-8,1,32,36
249,64,32,-8,8,32,64
249,64,32,-1,-8,60,64
249,64,32,-1,-1,60,36
249,64,32,-1,0,60,32
249,64,32,-1,1,60,36
249,64,32,-1,8,60,64
249,64,32,0,-8,64,64
249,64,32,0,-1,64,36
249,64,32,0,0,64,32
249,64,32,0,1,64,36
249,64,32,0,8,64,64
249,64,32,1,-8,68,64
249,64,32,1,-1,68,36
249,64,32,1,0,68,32
249,64,32,1,1,68,36
249,64,32,1,8,68,64
249,64,32,8,-8,96,64
249,64,32,8,-1,96,36
249,64,32,8,0,96,32
249,64,32,8,1,96,36
249,64,32,8,8,96,64
249,64,33,-8,-8,32,63
249,64,33,-8,-1,32,35
249,64,33,-8,0,32,33
249,64,33,-8,1,32,37
249,64,33,-8,8,32,65
249,64,33,-1,-8,60,63
249,64,33,-1,-1,60,35
249,64,33,-1,0,60,33
249,64,33,-1,1,60,37
249,64,33,-1,8,60,65
249,64,33,0,-8,64,63
249,64,33,0,-1,64,35
249,64,33,0,0,64,33
249,64,33,0,1,64,37
249,64,33,0,8,64,65
249,64,33,1,-8,68,63
249,64,33,1,-1,68,35
249,64,33,1,0,68,33
249,64,33,1,1,68,37
249,64,33,1,8,68,65
249,64,33,8,-8,96,63
249,64,33,8,-1,96,35
249,64,33,8,0,96,33
249,64,33,8,1,96,37
249,64,33,8,8,96,65
249,64,64,-8,-8,32,32
249,64,64,-8,-1,32,60
249,64,64,-8,0,32,64
249,64,64,-8,1,32,68
249,64,64,-8,8,32,96
249,64,64,-1,-8,60,32
249,64,64,-1,-1,60,60
249,64,64,-1,0,60,64
249,64,64,-1,1,60,68
249,64,64,-1,8,60,96
249,64,64,0,-8,64,32
249,64,64,0,-1,64,60
249,64,64,0,0,64,64
249,64,64,0,1,64,68
249,64,64,0,8,64,96
249,64,64,1,-8,68,32
249,64,64,1,-1,68,60
249,64,64,1,0,68,64
249,64,64,1,1,68,68
249,64,64,1,8,68,96
249,64,64,8,-8,96,32
249,64,64,8,-1,96,60
249,64,64,8,0,96,64
249,64,64,8,1,96,68
249,64,64,8,8,96,96
249,64,576,-8,-8,32,544
249,64,576,-8,-1,32,572
249,64,576,-8,0,32,576
249,64,576,-8,1,32,580
249,64,576,-8,8,32,608
249,64,576,-1,-8,60,544
249,64,576,-1,-1,60,572
249,64,576,-1,0,60,576
249,64,576,-1,1,60,580
249,64,576,-1,8,60,608
249,64,576,0,-8,64,544
249,64,576,0,-1,64,572
249,64,576,0,0,64,576
249,64,576,0,1,64,580
249,64,576,0,8,64,608
249,64,576,1,-8,68,544
249,64,576,1,-1,68,572
249,64,576,1,0,68,576
249,64,576,1,1,68,580
249,64,576,1,8,68,608
249,64,576,8,-8,96,544
249,64,576,8,-1,96,572
249,64,576,8,0,96,576
249,64,576,8,1,96,580
249,64,576,8,8,96,608
249,64,1088,-8,-8,32,1056
249,64,1088,-8,-1,32,1084
249,64,1088,-8,0,32,1088
249,64,1088,-8,1,32,1092
249,64,1088,-8,8,32,1120
249,64,1088,-1,-8,60,1056
249,64,1088,-1,-1,60,1084
249,64,1088,-1,0,60,1088
249,64,1088,-1,1,60,1092
249,64,1088,-1,8,60,1120
249,64,1088,0,-8,64,1056
249,64,1088,0,-1,64,1084
249,64,1088,0,0,64,1088
249,64,1088,0,1,64,1092
249,64,1088,0,8,64,1120
249,64,1088,1,-8,68,1056
249,64,1088,1,-1,68,1084
249,64,1088,1,0,68,1088
249,64,1088,1,1,68,1092
249,64,1088,1,8,68,1120
249,64,1088,8,-8,96,1056
249,64,1088,8,-1,96,1084
249,64,1088,8,0,96,1088
249,64,1088,8,1,96,1092
249,64,1088,8,8,96,1120
249,64,1119,-8,-8,32,1087
249,64,1119,-8,-1,32,1115
249,64,1119,-8,0,32,1119
249,64,1119,-8,1,32,1117
249,64,1119,-8,8,32,1089
249,64,1119,-1,-8,60,1087
249,64,1119,-1,-1,60,1115
249,64,1119,-1,0,60,1119
249,64,1119,-1,1,60,1117
249,64,1119,-1,8,60,1089
249,64,1119,0,-8,64,1087
249,64,1119,0,-1,64,1115
249,64,1119,0,0,64,1119
249,64,1119,0,1,64,1117
249,64,1119,0,8,64,1089
249,64,1119,1,-8,68,1087
249,64,1119,1,-1,68,1115
249,64,1119,1,0,68,1119
249,64,1119,1,1,68,1117
249,64,1119,1,8,68,1089
249,64,1119,8,-8,96,1087
249,64,1119,8,-1,96,1115
249,64,1119,8,0,96,1119
249,64,1119,8,1,96,1117
249,64,1119,8,8,96,1089
249,64,1120,-8,-8,32,1088
249,64,1120,-8,-1,32,1116
249,64,1120,-8,0,32,1120
249,64,1120,-8,1,32,1116
249,64,1120,-8,8,32,1088
249,64,1120,-1,-8,60,1088
249,64,1120,-1,-1,60,1116
249,64,1120,-1,0,60,1120
249,64,1120,-1,1,60,1116
249,64,1120,-1,8,60,1088
249,64,1120,0,-8,64,1088
249,64,1120,0,-1,64,1116
249,64,1120,0,0,64,1120
249,64,1120,0,1,64,1116
249,64,1120,0,8,64,1088
249,64,1120,1,-8,68,1088
249,64,1120,1,-1,68,1116
249,64,1120,1,0,68,1120
249,64,1120,1,1,68,1116
249,64,1120,1,8,68,1088
249,64,1120,8,-8,96,1088
249,64,1120,8,-1,96,1116
249,64,1120,8,0,96,1120
249,64,1120,8,1,96,1116
249,64,1120,8,8,96,1088
249,320,32,-8,-8,288,64
249,320,32,-8,-1,288,36
249,320,32,-8,0,288,32
249,320,32,-8,1,288,36
249,320,32,-8,8,288,64
249,320,32,-1,-8,316,64
249,320,32,-1,-1,316,36
249,320,32,-1,0,316,32
249,320,32,-1,1,316,36
249,320,32,-1,8,316,64
249,320,32,0,-8,320,64
249,320,32,0,-1,320,36
249,320,32,0,0,320,32
249,320,32,0,1,320,36
249,320,32,0,8,320,64
249,320,32,1,-8,324,64
249,320,32,1,-1,324,36
249,320,32,1,0,324,32
249,320,32,1,1,324,36
249,320,32,1,8,324,64
249,320,32,8,-8,352,64
249,320,32,8,-1,352,36
249,320,32,8,0,352,32
249,320,32,8,1,352,36
249,320,32,8,8,352,64
249,320,33,-8,-8,288,63
249,320,33,-8,-1,288,35
249,320,33,-8,0,288,33
249,320,33,-8,1,288,37
249,320,33,-8,8,288,65
249,320,33,-1,-8,316,63
249,320,33,-1,-1,316,35
249,320,33,-1,0,316,33
249,320,33,-1,1,316,37
249,320,33,-1,8,316,65
249,320,33,0,-8,320,63
249,320,33,0,-1,320,35
249,320,33,0,0,320,33
249,320,33,0,1,320,37
249,320,33,0,8,320,65
249,320,33,1,-8,324,63
249,320,33,1,-1,324,35
249,320,33,1,0,324,33
249,320,33,1,1,324,37
249,320,33,1,8,324,65
249,320,33,8,-8,352,63
249,320,33,8,-1,352,35
249,320,33,8,0,352,33
249,320,33,8,1,352,37
249,320,33,8,8,352,65
249,320,64,-8,-8,288,32
249,320,64,-8,-1,288,60
249,320,64,-8,0,288,64
249,320,64,-8,1,288,68
249,320,64,-8,8,288,96
249,320,64,-1,-8,316,32
249,320,64,-1,-1,316,60
249,320,64,-1,0,316,64
249,320,64,-1,1,316,68
249,320,64,-1,8,316,96
249,320,64,0,-8,320,32
249,320,64,0,-1,320,60
249,320,64,0,0,320,64
249,320,64,0,1,320,68
249,320,64,0,8,320,96
249,320,64,1,-8,324,32
249,320,64,1,-1,324,60
249,320,64,1,0,324,64
249,320,64,1,1,324,68
249,320,64,1,8,324,96
249,320,64,8,-8,352,32
249,320,64,8,-1,352,60
249,320,64,8,0,352,64
249,320,64,8,1,352,68
249,320,64,8,8,352,96
249,320,576,-8,-8,288,544
249,320,576,-8,-1,288,572
249,320,576,-8,0,288,576
249,320,576,-8,1,288,580
249,320,576,-8,8,288,608
249,320,576,-1,-8,316,544
249,320,576,-1,-1,316,572
249,320,576,-1,0,316,576
249,320,576,-1,1,316,580
249,320,576,-1,8,316,608
249,320,576,0,-8,320,544
249,320,576,0,-1,320,572
249,320,576,0,0,320,576
249,320,576,0,1,320,580
249,320,576,0,8,320,608
249,320,576,1,-8,324,544
249,320,576,1,-1,324,572
249,320,576,1,0,324,576
249,320,576,1,1,324,580
249,320,576,1,8,324,608
249,320,576,8,-8,352,544
249,320,576,8,-1,352,572
249,320,576,8,0,352,576
249,320,576,8,1,352,580
249,320,576,8,8,352,608
249,320,1088,-8,-8,288,1056
249,320,1088,-8,-1,288,1084
249,320,1088,-8,0,288,1088
249,320,1088,-8,1,288,1092
249,320,1088,-8,8,288,1120
249,320,1088,-1,-8,316,1056
249,320,1088,-1,-1,316,1084
249,320,1088,-1,0,316,1088
249,320,1088,-1,1,316,1092
249,320,1088,-1,8,316,1120
249,320,1088,0,-8,320,1056
249,320,1088,0,-1,320,1084
249,320,1088,0,0,320,1088
249,320,1088,0,1,320,1092
249,320,1088,0,8,320,1120
249,320,1088,1,-8,324,1056
249,320,1088,1,-1,324,1084
249,320,1088,1,0,324,1088
249,320,1088,1,1,324,1092
249,320,1088,1,8,324,1120
249,320,1088,8,-8,352,1056
249,320,1088,8,-1,352,1084
249,320,1088,8,0,352,1088
249,320,1088,8,1,352,1092
249,320,1088,8,8,352,1120
249,320,1119,-8,-8,288,1087
249,320,1119,-8,-1,288,1115
249,320,1119,-8,0,288,1119
249,320,1119,-8,1,288,1117
249,320,1119,-8,8,288,1089
249,320,1119,-1,-8,316,1087
249,320,1119,-1,-1,316,1115
249,320,1119,-1,0,316,1119
249,320,1119,-1,1,316,1117
249,320,1119,-1,8,316,1089
249,320,1119,0,-8,320,1087
249,320,1119,0,-1,320,1115
249,320,1119,0,0,320,1119
249,320,1119,0,1,320,1117
249,320,1119,0,8,320,1089
249,320,1119,1,-8,324,1087
249,320,1119,1,-1,324,1115
249,320,1119,1,0,324,1119
249,320,1119,1,1,324,1117
249,320,1119,1,8,324,1089
249,320,1119,8,-8,352,1087
249,320,1119,8,-1,352,1115
249,320,1119,8,0,352,1119
249,320,1119,8,1,352,1117
249,320,1119,8,8,352,1089
249,320,1120,-8,-8,288,1088
249,320,1120,-8,-1,288,1116
249,320,1120,-8,0,288,1120
249,320,1120,-8,1,288,1116
249,320,1120,-8,8,288,1088
249,320,1120,-1,-8,316,1088
249,320,1120,-1,-1,316,1116
249,320,1120,-1,0,316,1120
249,320,1120,-1,1,316,1116
249,320,1120,-1,8,316,1088
249,320,1120,0,-8,320,1088
249,320,1120,0,-1,320,1116
249,320,1120,0,0,320,1120
249,320,1120,0,1,320,1116
249,320,1120,0,8,320,1088
249,320,1120,1,-8,324,1088
249,320,1120,1,-1,324,1116
249,320,1120,1,0,324,1120
249,320,1120,1,1,324,1116
249,320,1120,1,8,324,1088
249,320,1120,8,-8,352,1088
249,320,1120,8,-1,352,1116
249,320,1120,8,0,352,1120
249,320,1120,8,1,352,1116
249,320,1120,8,8,352,1088
249,576,32,-8,-8,544,64
249,576,32,-8,-1,544,36
249,576,32,-8,0,544,32
249,576,32,-8,1,544,36
249,576,32,-8,8,544,64
249,576,32,-1,-8,572,64
249,576,32,-1,-1,572,36
249,576,32,-1,0,572,32
249,576,32,-1,1,572,36
249,576,32,-1,8,572,64
249,576,32,0,-8,576,64
249,576,32,0,-1,576,36
249,576,32,0,0,576,32
249,576,32,0,1,576,36
249,576,32,0,8,576,64
249,576,32,1,-8,580,64
249,576,32,1,-1,580,36
249,576,32,1,0,580,32
249,576,32,1,1,580,36
249,576,32,1,8,580,64
249,576,32,8,-8,608,64
249,576,32,8,-1,608,36
249,576,32,8,0,608,32
249,576,32,8,1,608,36
249,576,32,8,8,608,64
249,576,33,-8,-8,544,63
249,576,33,-8,-1,544,35
249,576,33,-8,0,544,33
249,576,33,-8,1,544,37
249,576,33,-8,8,544,65
249,576,33,-1,-8,572,63
249,576,33,-1,-1,572,35
249,576,33,-1,0,572,33
249,576,33,-1,1,572,37
249,576,33,-1,8,572,65
249,576,33,0,-8,576,63
249,576,33,0,-1,576,35
249,576,33,0,0,576,33
249,576,33,0,1,576,37
249,576,33,0,8,576,65
249,576,33,1,-8,580,63
249,576,33,1,-1,580,35
249,576,33,1,0,580,33
249,576,33,1,1,580,37
249,576,33,1,8,580,65
249,576,33,8,-8,608,63
249,576,33,8,-1,608,35
249,576,33,8,0,608,33
249,576,33,8,1,608,37
249,576,33,8,8,608,65
249,576,64,-8,-8,544,32
249,576,64,-8,-1,544,60
249,576,64,-8,0,544,64
249,576,64,-8,1,544,68
249,576,64,-8,8,544,96
249,576,64,-1,-8,572,32
249,576,64,-1,-1,572,60
249,576,64,-1,0,572,64
249,576,64,-1,1,572,68
249,576,64,-1,8,572,96
249,576,64,0,-8,576,32
249,576,64,0,-1,576,60
249,576,64,0,0,576,64
249,576,64,0,1,576,68
249,576,64,0,8,576,96
249,576,64,1,-8,580,32
249,576,64,1,-1,580,60
249,576,64,1,0,580,64
249,576,64,1,1,580,68
249,576,64,1,8,580,96
249,576,64,8,-8,608,32
249,576,64,8,-1,608,60
249,576,64,8,0,608,64
249,576,64,8,1,608,68
249,576,64,8,8,608,96
249,576,576,-8,-8,544,544
249,576,576,-8,-1,544,572
249,576,576,-8,0,544,576
249,576,576,-8,1,544,580
249,576,576,-8,8,544,608
249,576,576,-1,-8,572,544
249,576,576,-1,-1,572,572
249,576,576,-1,0,572,576
249,576,576,-1,1,572,580
249,576,576,-1,8,572,608
249,576,576,0,-8,576,544
249,576,576,0,-1,576,572
249,576,576,0,0,576,576
249,576,576,0,1,576,580
249,576,576,0,8,576,608
249,576,576,1,-8,580,544
249,576,576,1,-1,580,572
249,576,576,1,0,580,576
249,576,576,1,1,580,580
249,576,576,1,8,580,608
249,576,576,8,-8,608,544
249,576,576,8,-1,608,572
249,576,576,8,0,608,576
249,576,576,8,1,608,580
249,576,576,8,8,608,608
249,576,1088,-8,-8,544,1056
249,576,1088,-8,-1,544,1084
249,576,1088,-8,0,544,1088
249,576,1088,-8,1,544,1092
249,576,1088,-8,8,544,1120
249,576,1088,-1,-8,572,1056
249,576,1088,-1,-1,572,1084
249,576,1088,-1,0,572,1088
249,576,1088,-1,1,572,1092
249,576,1088,-1,8,572,1120
249,576,1088,0,-8,576,1056
249,576,1088,0,-1,576,1084
249,576,1088,0,0,576,1088
249,576,1088,0,1,576,1092
249,576,1088,0,8,576,1120
249,576,1088,1,-8,580,1056
249,576,1088,1,-1,580,1084
249,576,1088,1,0,580,1088
249,576,1088,1,1,580,1092
249,576,1088,1,8,580,1120
249,576,1088,8,-8,608,1056
249,576,1088,8,-1,608,1084
249,576,1088,8,0,608,1088
249,576,1088,8,1,608,1092
249,576,1088,8,8,608,1120
249,576,1119,-8,-8,544,1087
249,576,1119,-8,-1,544,1115
249,576,1119,-8,0,544,1119
249,576,1119,-8,1,544,1117
249,576,1119,-8,8,544,1089
249,576,1119,-1,-8,572,1087
249,576,1119,-1,-1,572,1115
249,576,1119,-1,0,572,1119
249,576,1119,-1,1,572,1117
249,576,1119,-1,8,572,1089
249,576,1119,0,-8,576,1087
249,576,1119,0,-1,576,1115
249,576,1119,0,0,576,1119
249,576,1119,0,1,576,1117
249,576,1119,0,8,576,1089
249,576,1119,1,-8,580,1087
249,576,1119,1,-1,580,1115
249,576,1119,1,0,580,1119
249,576,1119,1,1,580,1117
249,576,1119,1,8,580,1089
249,576,1119,8,-8,608,1087
249,576,1119,8,-1,608,1115
249,576,1119,8,0,608,1119
249,576,1119,8,1,608,1117
249,576,1119,8,8,608,1089
249,576,1120,-8,-8,544,1088
249,576,1120,-8,-1,544,1116
249,576,1120,-8,0,544,1120
249,576,1120,-8,1,544,1116
249,576,1120,-8,8,544,1088
249,576,1120,-1,-8,572,1088
249,576,1120,-1,-1,572,1116
249,576,1120,-1,0,572,1120
249,576,1120,-1,1,572,1116
249,576,1120,-1,8,572,1088
249,576,1120,0,-8,576,1088
249,576,1120,0,-1,576,1116
249,576,1120,0,0,576,1120
249,576,1120,0,1,576,1116
249,576,1120,0,8,576,1088
249,576,1120,1,-8,580,1088
249,576,1120,1,-1,580,1116
249,576,1120,1,0,580,1120
249,576,1120,1,1,580,1116
249,576,1120,1,8,580,1088
249,576,1120,8,-8,608,1088
249,576,1120,8,-1,608,1116
249,576,1120,8,0,608,1120
249,576,1120,8,1,608,1116
249,576,1120,8,8,608,1088
249,607,32,-8,-8,575,64
249,607,32,-8,-1,575,36
249,607,32,-8,0,575,32
249,607,32,-8,1,575,36
249,607,32,-8,8,575,64
249,607,32,-1,-8,603,64
249,607,32,-1,-1,603,36
249,607,32,-1,0,603,32
249,607,32,-1,1,603,36
249,607,32,-1,8,603,64
249,607,32,0,-8,607,64
249,607,32,0,-1,607,36
249,607,32,0,0,607,32
249,607,32,0,1,607,36
249,607,32,0,8,607,64
249,607,32,1,-8,605,64
249,607,32,1,-1,605,36
249,607,32,1,0,605,32
249,607,32,1,1,605,36
249,607,32,1,8,605,64
249,607,32,8,-8,577,64
249,607,32,8,-1,577,36
249,607,32,8,0,577,32
249,607,32,8,1,577,36
249,607,32,8,8,577,64
249,607,33,-8,-8,575,63
249,607,33,-8,-1,575,35
249,607,33,-8,0,575,33
249,607,33,-8,1,575,37
249,607,33,-8,8,575,65
249,607,33,-1,-8,603,63
249,607,33,-1,-1,603,35
249,607,33,-1,0,603,33
249,607,33,-1,1,603,37
249,607,33,-1,8,603,65
249,607,33,0,-8,607,63
249,607,33,0,-1,607,35
249,607,33,0,0,607,33
249,607,33,0,1,607,37
249,607,33,0,8,607,65
249,607,33,1,-8,605,63
249,607,33,1,-1,605,35
249,607,33,1,0,605,33
249,607,33,1,1,605,37
249,607,33,1,8,605,65
249,607,33,8,-8,577,63
249,607,33,8,-1,577,35
249,607,33,8,0,577,33
249,607,33,8,1,577,37
249,607,33,8,8,577,65
249,607,64,-8,-8,575,32
249,607,64,-8,-1,575,60
249,607,64,-8,0,575,64
249,607,64,-8,1,575,68
249,607,64,-8,8,575,96
249,607,64,-1,-8,603,32
249,607,64,-1,-1,603,60
249,607,64,-1,0,603,64
249,607,64,-1,1,603,68
249,607,64,-1,8,603,96
249,607,64,0,-8,607,32
249,607,64,0,-1,607,60
249,607,64,0,0,607,64
249,607,64,0,1,607,68
249,607,64,0,8,607,96
249,607,64,1,-8,605,32
249,607,64,1,-1,605,60
249,607,64,1,0,605,64
249,607,64,1,1,605,68
249,607,64,1,8,605,96
249,607,64,8,-8,577,32
249,607,64,8,-1,577,60
249,607,64,8,0,577,64
249,607,64,8,1,577,68
249,607,64,8,8,577,96
249,607,576,-8,-8,575,544
249,607,576,-8,-1,575,572
249,607,576,-8,0,575,576
249,607,576,-8,1,575,580
249,607,576,-8,8,575,608
249,607,576,-1,-8,603,544
249,607,576,-1,-1,603,572
249,607,576,-1,0,603,576
249,607,576,-1,1,603,580
249,607,576,-1,8,603,608
249,607,576,0,-8,607,544
249,607,576,0,-1,607,572
249,607,576,0,0,607,576
249,607,576,0,1,607,580
249,607,576,0,8,607,608
249,607,576,1,-8,605,544
249,607,576,1,-1,605,572
249,607,576,1,0,605,576
249,607,576,1,1,605,580
249,607,576,1,8,605,608
249,607,576,8,-8,577,544
249,607,576,8,-1,577,572
249,607,576,8,0,577,576
249,607,576,8,1,577,580
249,607,576,8,8,577,608
249,607,1088,-8,-8,575,1056
249,607,1088,-8,-1,575,1084
249,607,1088,-8,0,575,1088
249,607,1088,-8,1,575,1092
249,607,1088,-8,8,575,1120
249,607,1088,-1,-8,603,1056
249,607,1088,-1,-1,603,1084
249,607,1088,-1,0,603,1088
249,607,1088,-1,1,603,1092
249,607,1088,-1,8,603,1120
249,607,1088,0,-8,607,1056
249,607,1088,0,-1,607,1084
249,607,1088,0,0,607,1088
249,607,1088,0,1,607,1092
249,607,1088,0,8,607,1120
249,607,1088,1,-8,605,1056
249,607,1088,1,-1,605,1084
249,607,1088,1,0,605,1088
249,607,1088,1,1,605,1092
249,607,1088,1,8,605,1120
249,607,1088,8,-8,577,1056
249,607,1088,8,-1,577,1084
249,607,1088,8,0,577,1088
249,607,1088,8,1,577,1092
249,607,1088,8,8,577,1120
249,607,1119,-8,-8,575,1087
249,607,1119,-8,-1,575,1115
249,607,1119,-8,0,575,1119
249,607,1119,-8,1,575,1117
249,607,1119,-8,8,575,1089
249,607,1119,-1,-8,603,1087
249,607,1119,-1,-1,603,1115
249,607,1119,-1,0,603,1119
249,607,1119,-1,1,603,1117
249,607,1119,-1,8,603,1089
249,607,1119,0,-8,607,1087
249,607,1119,0,-1,607,1115
249,607,1119,0,0,607,1119
249,607,1119,0,1,607,1117
249,607,1119,0,8,607,1089
249,607,1119,1,-8,605,1087
249,607,1119,1,-1,605,1115
249,607,1119,1,0,605,1119
249,607,1119,1,1,605,1117
249,607,1119,1,8,605,1089
249,607,1119,8,-8,577,1087
249,607,1119,8,-1,577,1115
249,607,1119,8,0,577,1119
249,607,1119,8,1,577,1117
249,607,1119,8,8,577,1089
249,607,1120,-8,-8,575,1088
249,607,1120,-8,-1,575,1116
249,607,1120,-8,0,575,1120
249,607,1120,-8,1,575,1116
249,607,1120,-8,8,575,1088
249,607,1120,-1,-8,603,1088
249,607,1120,-1,-1,603,1116
249,607,1120,-1,0,603,1120
249,607,1120,-1,1,603,1116
249,607,1120,-1,8,603,1088
249,607,1120,0,-8,607,1088
249,607,1120,0,-1,607,1116
249,607,1120,0,0,607,1120
249,607,1120,0,1,607,1116
249,607,1120,0,8,607,1088
249,607,1120,1,-8,605,1088
249,607,1120,1,-1,605,1116
249,607,1120,1,0,605,1120
249,607,1120,1,1,605,1116
249,607,1120,1,8,605,1088
249,607,1120,8,-8,577,1088
249,607,1120,8,-1,577,1116
249,607,1120,8,0,577,1120
249,607,1120,8,1,577,1116
249,607,1120,8,8,577,1088
249,608,32,-8,-8,576,64
249,608,32,-8,-1,576,36
249,608,32,-8,0,576,32
249,608,32,-8,1,576,36
249,608,32,-8,8,576,64
249,608,32,-1,-8,604,64
249,608,32,-1,-1,604,36
249,608,32,-1,0,604,32
249,608,32,-1,1,604,36
249,608,32,-1,8,604,64
249,608,32,0,-8,608,64
249,608,32,0,-1,608,36
249,608,32,0,0,608,32
249,608,32,0,1,608,36
249,608,32,0,8,608,64
249,608,32,1,-8,604,64
249,608,32,1,-1,604,36
249,608,32,1,0,604,32
249,608,32,1,1,604,36
249,608,32,1,8,604,64
249,608,32,8,-8,576,64
249,608,32,8,-1,576,36
249,608,32,8,0,576,32
249,608,32,8,1,576,36
249,608,32,8,8,576,64
249,608,33,-8,-8,576,63
249,608,33,-8,-1,576,35
249,608,33,-8,0,576,33
249,608,33,-8,1,576,37
249,608,33,-8,8,576,65
249,608,33,-1,-8,604,63
249,608,33,-1,-1,604,35
249,608,33,-1,0,604,33
249,608,33,-1,1,604,37
249,608,33,-1,8,604,65
249,608,33,0,-8,608,63
249,608,33,0,-1,608,35
249,608,33,0,0,608,33
249,608,33,0,1,608,37
249,608,33,0,8,608,65
249,608,33,1,-8,604,63
249,608,33,1,-1,604,35
249,608,33,1,0,604,33
249,608,33,1,1,604,37
249,608,33,1,8,604,65
249,608,33,8,-8,576,63
249,608,33,8,-1,576,35
249,608,33,8,0,576,33
249,608,33,8,1,576,37
249,608,33,8,8,576,65
249,608,64,-8,-8,576,32
249,608,64,-8,-1,576,60
249,608,64,-8,0,576,64
249,608,64,-8,1,576,68
249,608,64,-8,8,576,96
249,608,64,-1,-8,604,32
249,608,64,-1,-1,604,60
249,608,64,-1,0,604,64
249,608,64,-1,1,604,68
249,608,64,-1,8,604,96
249,608,64,0,-8,608,32
249,608,64,0,-1,608,60
249,608,64,0,0,608,64
249,608,64,0,1,608,68
249,608,64,0,8,608,96
249,608,64,1,-8,604,32
249,608,64,1,-1,604,60
249,608,64,1,0,604,64
249,608,64,1,1,604,68
249,608,64,1,8,604,96
249,608,64,8,-8,576,32
249,608,64,8,-1,576,60
249,608,64,8,0,576,64
249,608,64,8,1,576,68
249,608,64,8,8,576,96
249,608,576,-8,-8,576,544
249,608,576,-8,-1,576,572
249,608,576,-8,0,576,576
249,608,576,-8,1,576,580
249,608,576,-8,8,576,608
249,608,576,-1,-8,604,544
249,608,576,-1,-1,604,572
249,608,576,-1,0,604,576
249,608,576,-1,1,604,580
249,608,576,-1,8,604,608
249,608,576,0,-8,608,544
249,608,576,0,-1,608,572
249,608,576,0,0,608,576
249,608,576,0,1,608,580
249,608,576,0,8,608,608
249,608,576,1,-8,604,544
249,608,576,1,-1,604,572
249,608,576,1,0,604,576
249,608,576,1,1,604,580
249,608,576,1,8,604,608
249,608,576,8,-8,576,544
249,608,576,8,-1,576,572
249,608,576,8,0,576,576
249,608,576,8,1,576,580
249,608,576,8,8,576,608
249,608,1088,-8,-8,576,1056
249,608,1088,-8,-1,576,1084
249,608,1088,-8,0,576,1088
249,608,1088,-8,1,576,1092
249,608,1088,-8,8,576,1120
249,608,1088,-1,-8,604,1056
249,608,1088,-1,-1,604,1084
249,608,1088,-1,0,604,1088
249,608,1088,-1,1,604,1092
249,608,1088,-1,8,604,1120
249,608,1088,0,-8,608,1056
249,608,1088,0,-1,608,1084
249,608,1088,0,0,608,1088
249,608,1088,0,1,608,1092
249,608,1088,0,8,608,1120
249,608,1088,1,-8,604,1056
249,608,1088,1,-1,604,1084
249,608,1088,1,0,604,1088
249,608,1088,1,1,604,1092
249,608,1088,1,8,604,1120
249,608,1088,8,-8,576,1056
249,608,1088,8,-1,576,1084
249,608,1088,8,0,576,1088
249,608,1088,8,1,576,1092
249,608,1088,8,8,576,1120
249,608,1119,-8,-8,576,1087
249,608,1119,-8,-1,576,1115
249,608,1119,-8,0,576,1119
249,608,1119,-8,1,576,1117
249,608,1119,-8,8,576,1089
249,608,1119,-1,-8,604,1087
249,608,1119,-1,-1,604,1115
249,608,1119,-1,0,604,1119
249,608,1119,-1,1,604,1117
249,608,1119,-1,8,604,1089
249,608,1119,0,-8,608,1087
249,608,1119,0,-1,608,1115
249,608,1119,0,0,608,1119
249,608,1119,0,1,608,1117
249,608,1119,0,8,608,1089
249,608,1119,1,-8,604,1087
249,608,1119,1,-1,604,1115
249,608,1119,1,0,604,1119
249,608,1119,1,1,604,1117
249,608,1119,1,8,604,1089
249,608,1119,8,-8,576,1087
249,608,1119,8,-1,576,1115
249,608,1119,8,0,576,1119
249,608,1119,8,1,576,1117
249,608,1119,8,8,576,1089
249,608,1120,-8,-8,576,1088
249,608,1120,-8,-1,576,1116
249,608,1120,-8,0,576,1120
249,608,1120,-8,1,576,1116
249,608,1120,-8,8,576,1088
249,608,1120,-1,-8,604,1088
249,608,1120,-1,-1,604,1116
249,608,1120,-1,0,604,1120
249,608,1120,-1,1,604,1116
249,608,1120,-1,8,604,1088
249,608,1120,0,-8,608,1088
249,608,1120,0,-1,608,1116
249,608,1120,0,0,608,1120
249,608,1120,0,1,608,1116
249,608,1120,0,8,608,1088
249,608,1120,1,-8,604,1088
249,608,1120,1,-1,604,1116
249,608,1120,1,0,604,1120
249,608,1120,1,1,604,1116
249,608,1120,1,8,604,1088
249,608,1120,8,-8,576,1088
249,608,1120,8,-1,576,1116
249,608,1120,8,0,576,1120
249,608,1120,8,1,576,1116
249,608,1120,8,8,576,1088
250,32,32,-8,-8,64,64
250,32,32,-8,-1,64,36
250,32,32,-8,0,64,32
250,32,32,-8,1,64,36
250,32,32,-8,8,64,64
250,32,32,-1,-8,36,64
250,32,32,-1,-1,36,36
250,32,32,-1,0,36,32
250,32,32,-1,1,36,36
250,32,32,-1,8,36,64
250,32,32,0,-8,32,64
250,32,32,0,-1,32,36
250,32,32,0,0,32,32
250,32,32,0,1,32,36
250,32,32,0,8,32,64
250,32,32,1,-8,36,64
250,32,32,1,-1,36,36
250,32,32,1,0,36,32
250,32,32,1,1,36,36
250,32,32,1,8,36,64
250,32,32,8,-8,64,64
250,32,32,8,-1,64,36
250,32,32,8,0,64,32
250,32,32,8,1,64,36
250,32,32,8,8,64,64
250,32,33,-8,-8,64,63
250,32,33,-8,-1,64,35
250,32,33,-8,0,64,33
250,32,33,-8,1,64,37
250,32,33,-8,8,64,65
250,32,33,-1,-8,36,63
250,32,33,-1,-1,36,35
250,32,33,-1,0,36,33
250,32,33,-1,1,36,37
250,32,33,-1,8,36,65
250,32,33,0,-8,32,63
250,32,33,0,-1,32,35
250,32,33,0,0,32,33
250,32,33,0,1,32,37
250,32,33,0,8,32,65
250,32,33,1,-8,36,63
250,32,33,1,-1,36,35
250,32,33,1,0,36,33
250,32,33,1,1,36,37
250,32,33,1,8,36,65
250,32,33,8,-8,64,63
250,32,33,8,-1,64,35
250,32,33,8,0,64,33
250,32,33,8,1,64,37
250,32,33,8,8,64,65
250,32,64,-8,-8,64,32
250,32,64,-8,-1,64,60
250,32,64,-8,0,64,64
250,32,64,-8,1,64,68
250,32,64,-8,8,64,96
250,32,64,-1,-8,36,32
250,32,64,-1,-1,36,60
250,32,64,-1,0,36,64
250,32,64,-1,1,36,68
250,32,64,-1,8,36,96
250,32,64,0,-8,32,32
250,32,64,0,-1,32,60
250,32,64,0,0,32,64
250,32,64,0,1,32,68
250,32,64,0,8,32,96
250,32,64,1,-8,36,32
250,32,64,1,-1,36,60
250,32,64,1,0,36,64
250,32,64,1,1,36,68
250,32,64,1,8,36,96
250,32,64,8,-8,64,32
250,32,64,8,-1,64,60
250,32,64,8,0,64,64
250,32,64,8,1,64,68
250,32,64,8,8,64,96
250,32,576,-8,-8,64,544
250,32,576,-8,-1,64,572
250,32,576,-8,0,64,576
250,32,576,-8,1,64,580
250,32,576,-8,8,64,608
250,32,576,-1,-8,36,544
250,32,576,-1,-1,36,572
250,32,576,-1,0,36,576
250,32,576,-1,1,36,580
250,32,576,-1,8,36,608
250,32,576,0,-8,32,544
250,32,576,0,-1,32,572
250,32,576,0,0,32,576
250,32,576,0,1,32,580
250,32,576,0,8,32,608
250,32,576,1,-8,36,544
250,32,576,1,-1,36,572
250,32,576,1,0,36,576
250,32,576,1,1,36,580
250,32,576,1,8,36,608
250,32,576,8,-8,64,544
250,32,576,8,-1,64,572
250,32,576,8,0,64,576
250,32,576,8,1,64,580
250,32,576,8,8,64,608
250,32,1088,-8,-8,64,1056
250,32,1088,-8,-1,64,1084
250,32,1088,-8,0,64,1088
250,32,1088,-8,1,64,1092
250,32,1088,-8,8,64,1120
250,32,1088,-1,-8,36,1056
250,32,1088,-1,-1,36,1084
250,32,1088,-1,0,36,1088
250,32,1088,-1,1,36,1092
250,32,1088,-1,8,36,1120
250,32,1088,0,-8,32,1056
250,32,1088,0,-1,32,1084
250,32,1088,0,0,32,1088
250,32,1088,0,1,32,1092
250,32,1088,0,8,32,1120
250,32,1088,1,-8,36,1056
250,32,1088,1,-1,36,1084
250,32,1088,1,0,36,1088
250,32,1088,1,1,36,1092
250,32,1088,1,8,36,1120
250,32,1088,8,-8,64,1056
250,32,1088,8,-1,64,1084
250,32,1088,8,0,64,1088
250,32,1088,8,1,64,1092
250,32,1088,8,8,64,1120
250,32,1119,-8,-8,64,1087
250,32,1119,-8,-1,64,1115
250,32,1119,-8,0,64,1119
250,32,1119,-8,1,64,1117
250,32,1119,-8,8,64,1089
250,32,1119,-1,-8,36,1087
250,32,1119,-1,-1,36,1115
250,32,1119,-1,0,36,1119
250,32,1119,-1,1,36,1117
250,32,1119,-1,8,36,1089
250,32,1119,0,-8,32,1087
250,32,1119,0,-1,32,1115
250,32,1119,0,0,32,1119
250,32,1119,0,1,32,1117
250,32,1119,0,8,32,1089
250,32,1119,1,-8,36,1087
250,32,1119,1,-1,36,1115
250,32,1119,1,0,36,1119
250,32,1119,1,1,36,1117
250,32,1119,1,8,36,1089
250,32,1119,8,-8,64,1087
250,32,1119,8,-1,64,1115
250,32,1119,8,0,64,1119
250,32,1119,8,1,64,1117
250,32,1119,8,8,64,1089
250,32,1120,-8,-8,64,1088
250,32,1120,-8,-1,64,1116
250,32,1120,-8,0,64,1120
250,32,1120,-8,1,64,1116
250,32,1120,-8,8,64,1088
250,32,1120,-1,-8,36,1088
250,32,1120,-1,-1,36,1116
250,32,1120,-1,0,36,1120
250,32,1120,-1,1,36,1116
250,32,1120,-1,8,36,1088
250,32,1120,0,-8,32,1088
250,32,1120,0,-1,32,1116
250,32,1120,0,0,32,1120
250,32,1120,0,1,32,1116
250,32,1120,0,8,32,1088
250,32,1120,1,-8,36,1088
250,32,1120,1,-1,36,1116
250,32,1120,1,0,36,1120
250,32,1120,1,1,36,1116
250,32,1120,1,8,36,1088
250,32,1120,8,-8,64,1088
250,32,1120,8,-1,64,1116
250,32,1120,8,0,64,1120
250,32,1120,8,1,64,1116
250,32,1120,8,8,64,1088
250,33,32,-8,-8,63,64
250,33,32,-8,-1,63,36
250,33,32,-8,0,63,32
250,33,32,-8,1,63,36
250,33,32,-8,8,63,64
250,33,32,-1,-8,35,64
250,33,32,-1,-1,35,36
250,33,32,-1,0,35,32
250,33,32,-1,1,35,36
250,33,32,-1,8,35,64
250,33,32,0,-8,33,64
250,33,32,0,-1,33,36
250,33,32,0,0,33,32
250,33,32,0,1,33,36
250,33,32,0,8,33,64
250,33,32,1,-8,37,64
250,33,32,1,-1,37,36
250,33,32,1,0,37,32
250,33,32,1,1,37,36
250,33,32,1,8,37,64
250,33,32,8,-8,65,64
250,33,32,8,-1,65,36
250,33,32,8,0,65,32
250,33,32,8,1,65,36
250,33,32,8,8,65,64
250,33,33,-8,-8,63,63
250,33,33,-8,-1,63,35
250,33,33,-8,0,63,33
250,33,33,-8,1,63,37
250,33,33,-8,8,63,65
250,33,33,-1,-8,35,63
250,33,33,-1,-1,35,35
250,33,33,-1,0,35,33
250,33,33,-1,1,35,37
250,33,33,-1,8,35,65
250,33,33,0,-8,33,63
250,33,33,0,-1,33,35
250,33,33,0,0,33,33
250,33,33,0,1,33,37
250,33,33,0,8,33,65
250,33,33,1,-8,37,63
250,33,33,1,-1,37,35
250,33,33,1,0,37,33
250,33,33,1,1,37,37
250,33,33,1,8,37,65
250,33,33,8,-8,65,63
250,33,33,8,-1,65,35
250,33,33,8,0,65,33
250,33,33,8,1,65,37
250,33,33,8,8,65,65
250,33,64,-8,-8,63,32
250,33,64,-8,-1,63,60
250,33,64,-8,0,63,64
250,33,64,-8,1,63,68
250,33,64,-8,8,63,96
250,33,64,-1,-8,35,32
250,33,64,-1,-1,35,60
250,33,64,-1,0,35,64
250,33,64,-1,1,35,68
250,33,64,-1,8,35,96
250,33,64,0,-8,33,32
250,33,64,0,-1,33,60
250,33,64,0,0,33,64
250,33,64,0,1,33,68
250,33,64,0,8,33,96
250,33,64,1,-8,37,32
250,33,64,1,-1,37,60
250,33,64,1,0,37,64
250,33,64,1,1,37,68
250,33,64,1,8,37,96
250,33,64,8,-8,65,32
250,33,64,8,-1,65,60
250,33,64,8,0,65,64
250,33,64,8,1,65,68
250,33,64,8,8,65,96
250,33,576,-8,-8,63,544
250,33,576,-8,-1,63,572
250,33,576,-8,0,63,576
250,33,576,-8,1,63,580
250,33,576,-8,8,63,608
250,33,576,-1,-8,35,544
250,33,576,-1,-1,35,572
250,33,576,-1,0,35,576
250,33,576,-1,1,35,580
250,33,576,-1,8,35,608
250,33,576,0,-8,33,544
250,33,576,0,-1,33,572
250,33,576,0,0,33,576
250,33,576,0,1,33,580
250,33,576,0,8,33,608
250,33,576,1,-8,37,544
250,33,576,1,-1,37,572
250,33,576,1,0,37,576
250,33,576,1,1,37,580
250,33,576,1,8,37,608
250,33,576,8,-8,65,544
250,33,576,8,-1,65,572
250,33,576,8,0,65,576
250,33,576,8,1,65,580
250,33,576,8,8,65,608
250,33,1088,-8,-8,63,1056
250,33,1088,-8,-1,63,1084
250,33,1088,-8,0,63,1088
250,33,1088,-8,1,63,1092
250,33,1088,-8,8,63,1120
250,33,1088,-1,-8,35,1056
250,33,1088,-1,-1,35,1084
250,33,1088,-1,0,35,1088
250,33,1088,-1,1,35,1092
250,33,1088,-1,8,35,1120
250,33,1088,0,-8,33,1056
250,33,1088,0,-1,33,1084
250,33,1088,0,0,33,1088
250,33,1088,0,1,33,1092
250,33,1088,0,8,33,1120
250,33,1088,1,-8,37,1056
250,33,1088,1,-1,37,1084
250,33,1088,1,0,37,1088
250,33,1088,1,1,37,1092
250,33,1088,1,8,37,1120
250,33,1088,8,-8,65,1056
250,33,1088,8,-1,65,1084
250,33,1088,8,0,65,1088
250,33,1088,8,1,65,1092
250,33,1088,8,8,65,1120
250,33,1119,-8,-8,63,1087
250,33,1119,-8,-1,63,1115
250,33,1119,-8,0,63,1119
250,33,1119,-8,1,63,1117
250,33,1119,-8,8,63,1089
250,33,1119,-1,-8,35,1087
250,33,1119,-1,-1,35,1115
250,33,1119,-1,0,35,1119
250,33,1119,-1,1,35,1117
250,33,1119,-1,8,35,1089
250,33,1119,0,-8,33,1087
250,33,1119,0,-1,33,1115
250,33,1119,0,0,33,1119
250,33,1119,0,1,33,1117
250,33,1119,0,8,33,1089
250,33,1119,1,-8,37,1087
250,33,1119,1,-1,37,1115
250,33,1119,1,0,37,1119
250,33,1119,1,1,37,1117
250,33,1119,1,8,37,1089
250,33,1119,8,-8,65,1087
250,33,1119,8,-1,65,1115
250,33,1119,8,0,65,1119
250,33,1119,8,1,65,1117
250,33,1119,8,8,65,1089
250,33,1120,-8,-8,63,1088
250,33,1120,-8,-1,63,1116
250,33,1120,-8,0,63,1120
250,33,1120,-8,1,63,1116
250,33,1120,-8,8,63,1088
250,33,1120,-1,-8,35,1088
250,33,1120,-1,-1,35,1116
250,33,1120,-1,0,35,1120
250,33,1120,-1,1,35,1116
250,33,1120,-1,8,35,1088
250,33,1120,0,-8,33,1088
250,33,1120,0,-1,33,1116
250,33,1120,0,0,33,1120
250,33,1120,0,1,33,1116
250,33,1120,0,8,33,1088
250,33,1120,1,-8,37,1088
250,33,1120,1,-1,37,1116
250,33,1120,1,0,37,1120
250,33,1120,1,1,37,1116
250,33,1120,1,8,37,1088
250,33,1120,8,-8,65,1088
250,33,1120,8,-1,65,1116
250,33,1120,8,0,65,1120
250,33,1120,8,1,65,1116
250,33,1120,8,8,65,1088
250,64,32,-8,-8,32,64
250,64,32,-8,-1,32,36
250,64,32,-8,0,32,32
250,64,32,-8,1,32,36
250,64,32,-8,8,32,64
250,64,32,-1,-8,60,64
250,64,32,-1,-1,60,36
250,64,32,-1,0,60,32
250,64,32,-1,1,60,36
250,64,32,-1,8,60,64
250,64,32,0,-8,64,64
250,64,32,0,-1,64,36
250,64,32,0,0,64,32
250,64,32,0,1,64,36
250,64,32,0,8,64,64
250,64,32,1,-8,68,64
250,64,32,1,-1,68,36
250,64,32,1,0,68,32
250,64,32,1,1,68,36
250,64,32,1,8,68,64
250,64,32,8,-8,96,64
250,64,32,8,-1,96,36
250,64,32,8,0,96,32
250,64,32,8,1,96,36
250,64,32,8,8,96,64
250,64,33,-8,-8,32,63
250,64,33,-8,-1,32,35
250,64,33,-8,0,32,33
250,64,33,-8,1,32,37
250,64,33,-8,8,32,65
250,64,33,-1,-8,60,63
250,64,33,-1,-1,60,35
250,64,33,-1,0,60,33
250,64,33,-1,1,60,37
250,64,33,-1,8,60,65
250,64,33,0,-8,64,63
250,64,33,0,-1,64,35
250,64,33,0,0,64,33
250,64,33,0,1,64,37
250,64,33,0,8,64,65
250,64,33,1,-8,68,63
250,64,33,1,-1,68,35
250,64,33,1,0,68,33
250,64,33,1,1,68,37
250,64,33,1,8,68,65
250,64,33,8,-8,96,63
250,64,33,8,-1,96,35
250,64,33,8,0,96,33
250,64,33,8,1,96,37
250,64,33,8,8,96,65
250,64,64,-8,-8,32,32
250,64,64,-8,-1,32,60
250,64,64,-8,0,32,64
250,64,64,-8,1,32,68
250,64,64,-8,8,32,96
250,64,64,-1,-8,60,32
250,64,64,-1,-1,60,60
250,64,64,-1,0,60,64
250,64,64,-1,1,60,68
250,64,64,-1,8,60,96
250,64,64,0,-8,64,32
250,64,64,0,-1,64,60
250,64,64,0,0,64,64
250,64,64,0,1,64,68
250,64,64,0,8,64,96
250,64,64,1,-8,68,32
250,64,64,1,-1,68,60
250,64,64,1,0,68,64
250,64,64,1,1,68,68
250,64,64,1,8,68,96
250,64,64,8,-8,96,32
250,64,64,8,-1,96,60
250,64,64,8,0,96,64
250,64,64,8,1,96,68
250,64,64,8,8,96,96
250,64,576,-8,-8,32,544
250,64,576,-8,-1,32,572
250,64,576,-8,0,32,576
250,64,576,-8,1,32,580
250,64,576,-8,8,32,608
250,64,576,-1,-8,60,544
250,64,576,-1,-1,60,572
250,64,576,-1,0,60,576
250,64,576,-1,1,60,580
250,64,576,-1,8,60,608
250,64,576,0,-8,64,544
250,64,576,0,-1,64,572
250,64,576,0,0,64,576
250,64,576,0,1,64,580
250,64,576,0,8,64,608
250,64,576,1,-8,68,544
250,64,576,1,-1,68,572
250,64,576,1,0,68,576
250,64,576,1,1,68,580
250,64,576,1,8,68,608
250,64,576,8,-8,96,544
250,64,576,8,-1,96,572
250,64,576,8,0,96,576
250,64,576,8,1,96,580
250,64,576,8,8,96,608
250,64,1088,-8,-8,32,1056
250,64,1088,-8,-1,32,1084
250,64,1088,-8,0,32,1088
250,64,1088,-8,1,32,1092
250,64,1088,-8,8,32,1120
250,64,1088,-1,-8,60,1056
250,64,1088,-1,-1,60,1084
250,64,1088,-1,0,60,1088
250,64,1088,-1,1,60,1092
250,64,1088,-1,8,60,1120
250,64,1088,0,-8,64,1056
250,64,1088,0,-1,64,1084
250,64,1088,0,0,64,1088
250,64,1088,0,1,64,1092
250,64,1088,0,8,64,1120
250,64,1088,1,-8,68,1056
250,64,1088,1,-1,68,1084
250,64,1088,1,0,68,1088
250,64,1088,1,1,68,1092
250,64,1088,1,8,68,1120
250,64,1088,8,-8,96,1056
250,64,1088,8,-1,96,1084
250,64,1088,8,0,96,1088
250,64,1088,8,1,96,1092
250,64,1088,8,8,96,1120
250,64,1119,-8,-8,32,1087
250,64,1119,-8,-1,32,1115
250,64,1119,-8,0,32,1119
250,64,1119,-8,1,32,1117
250,64,1119,-8,8,32,1089
250,64,1119,-1,-8,60,1087
250,64,1119,-1,-1,60,1115
250,64,1119,-1,0,60,1119
250,64,1119,-1,1,60,1117
250,64,1119,-1,8,60,1089
250,64,1119,0,-8,64,1087
250,64,1119,0,-1,64,1115
250,64,1119,0,0,64,1119
250,64,1119,0,1,64,1117
250,64,1119,0,8,64,1089
250,64,1119,1,-8,68,1087
250,64,1119,1,-1,68,1115
250,64,1119,1,0,68,1119
250,64,1119,1,1,68,1117
250,64,1119,1,8,68,1089
250,64,1119,8,-8,96,1087
250,64,1119,8,-1,96,1115
250,64,1119,8,0,96,1119
250,64,1119,8,1,96,1117
250,64,1119,8,8,96,1089
250,64,1120,-8,-8,32,1088
250,64,1120,-8,-1,32,1116
250,64,1120,-8,0,32,1120
250,64,1120,-8,1,32,1116
250,64,1120,-8,8,32,1088
250,64,1120,-1,-8,60,1088
250,64,1120,-1,-1,60,1116
250,64,1120,-1,0,60,1120
250,64,1120,-1,1,60,1116
250,64,1120,-1,8,60,1088
250,64,1120,0,-8,64,1088
250,64,1120,0,-1,64,1116
250,64,1120,0,0,64,1120
250,64,1120,0,1,64,1116
250,64,1120,0,8,64,1088
250,64,1120,1,-8,68,1088
250,64,1120,1,-1,68,1116
250,64,1120,1,0,68,1120
250,64,1120,1,1,68,1116
250,64,1120,1,8,68,1088
250,64,1120,8,-8,96,1088
250,64,1120,8,-1,96,1116
250,64,1120,8,0,96,1120
250,64,1120,8,1,96,1116
250,64,1120,8,8,96,1088
250,320,32,-8,-8,288,64
250,320,32,-8,-1,288,36
250,320,32,-8,0,288,32
250,320,32,-8,1,288,36
250,320,32,-8,8,288,64
250,320,32,-1,-8,316,64
250,320,32,-1,-1,316,36
250,320,32,-1,0,316,32
250,320,32,-1,1,316,36
250,320,32,-1,8,316,64
250,320,32,0,-8,320,64
250,320,32,0,-1,320,36
250,320,32,0,0,320,32
250,320,32,0,1,320,36
250,320,32,0,8,320,64
250,320,32,1,-8,324,64
250,320,32,1,-1,324,36
250,320,32,1,0,324,32
250,320,32,1,1,324,36
250,320,32,1,8,324,64
250,320,32,8,-8,352,64
250,320,32,8,-1,352,36
250,320,32,8,0,352,32
250,320,32,8,1,352,36
250,320,32,8,8,352,64
250,320,33,-8,-8,288,63
250,320,33,-8,-1,288,35
250,320,33,-8,0,288,33
250,320,33,-8,1,288,37
250,320,33,-8,8,288,65
250,320,33,-1,-8,316,63
250,320,33,-1,-1,316,35
250,320,33,-1,0,316,33
250,320,33,-1,1,316,37
250,320,33,-1,8,316,65
250,320,33,0,-8,320,63
250,320,33,0,-1,320,35
250,320,33,0,0,320,33
250,320,33,0,1,320,37
250,320,33,0,8,320,65
250,320,33,1,-8,324,63
250,320,33,1,-1,324,35
250,320,33,1,0,324,33
250,320,33,1,1,324,37
250,320,33,1,8,324,65
250,320,33,8,-8,352,63
250,320,33,8,-1,352,35
250,320,33,8,0,352,33
250,320,33,8,1,352,37
250,320,33,8,8,352,65
250,320,64,-8,-8,288,32
250,320,64,-8,-1,288,60
250,320,64,-8,0,288,64
250,320,64,-8,1,288,68
250,320,64,-8,8,288,96
250,320,64,-1,-8,316,32
250,320,64,-1,-1,316,60
250,320,64,-1,0,316,64
250,320,64,-1,1,316,68
250,320,64,-1,8,316,96
250,320,64,0,-8,320,32
250,320,64,0,-1,320,60
250,320,64,0,0,320,64
250,320,64,0,1,320,68
250,320,64,0,8,320,96
250,320,64,1,-8,324,32
250,320,64,1,-1,324,60
250,320,64,1,0,324,64
250,320,64,1,1,324,68
250,320,64,1,8,324,96
250,320,64,8,-8,352,32
250,320,64,8,-1,352,60
250,320,64,8,0,352,64
250,320,64,8,1,352,68
250,320,64,8,8,352,96
250,320,576,-8,-8,288,544
250,320,576,-8,-1,288,572
250,320,576,-8,0,288,576
250,320,576,-8,1,288,580
250,320,576,-8,8,288,608
250,320,576,-1,-8,316,544
250,320,576,-1,-1,316,572
250,320,576,-1,0,316,576
250,320,576,-1,1,316,580
250,320,576,-1,8,316,608
250,320,576,0,-8,320,544
250,320,576,0,-1,320,572
250,320,576,0,0,320,576
250,320,576,0,1,320,580
250,320,576,0,8,320,608
250,320,576,1,-8,324,544
250,320,576,1,-1,324,572
250,320,576,1,0,324,576
250,320,576,1,1,324,580
250,320,576,1,8,324,608
250,320,576,8,-8,352,544
250,320,576,8,-1,352,572
250,320,576,8,0,352,576
250,320,576,8,1,352,580
250,320,576,8,8,352,608
250,320,1088,-8,-8,288,1056
250,320,1088,-8,-1,288,1084
250,320,1088,-8,0,288,1088
250,320,1088,-8,1,288,1092
250,320,1088,-8,8,288,1120
250,320,1088,-1,-8,316,1056
250,320,1088,-1,-1,316,1084
250,320,1088,-1,0,316,1088
250,320,1088,-1,1,316,1092
250,320,1088,-1,8,316,1120
250,320,1088,0,-8,320,1056
250,320,1088,0,-1,320,1084
250,320,1088,0,0,320,1088
250,320,1088,0,1,320,1092
250,320,1088,0,8,320,1120
250,320,1088,1,-8,324,1056
250,320,1088,1,-1,324,1084
250,320,1088,1,0,324,1088
250,320,1088,1,1,324,1092
250,320,1088,1,8,324,1120
250,320,1088,8,-8,352,1056
250,320,1088,8,-1,352,1084
250,320,1088,8,0,352,1088
250,320,1088,8,1,352,1092
250,320,1088,8,8,352,1120
250,320,1119,-8,-8,288,1087
250,320,1119,-8,-1,288,1115
250,320,1119,-8,0,288,1119
250,320,1119,-8,1,288,1117
250,320,1119,-8,8,288,1089
250,320,1119,-1,-8,316,1087
250,320,1119,-1,-1,316,1115
250,320,1119,-1,0,316,1119
250,320,1119,-1,1,316,1117
250,320,1119,-1,8,316,1089
250,320,1119,0,-8,320,1087
250,320,1119,0,-1,320,1115
250,320,1119,0,0,320,1119
250,320,1119,0,1,320,1117
250,320,1119,0,8,320,1089
250,320,1119,1,-8,324,1087
250,320,1119,1,-1,324,1115
250,320,1119,1,0,324,1119
250,320,1119,1,1,324,1117
250,320,1119,1,8,324,1089
250,320,1119,8,-8,352,1087
250,320,1119,8,-1,352,1115
250,320,1119,8,0,352,1119
250,320,1119,8,1,352,1117
250,320,1119,8,8,352,1089
250,320,1120,-8,-8,288,1088
250,320,1120,-8,-1,288,1116
250,320,1120,-8,0,288,1120
250,320,1120,-8,1,288,1116
250,320,1120,-8,8,288,1088
250,320,1120,-1,-8,316,1088
250,320,1120,-1,-1,316,1116
250,320,1120,-1,0,316,1120
250,320,1120,-1,1,316,1116
250,320,1120,-1,8,316,1088
250,320,1120,0,-8,320,1088
250,320,1120,0,-1,320,1116
250,320,1120,0,0,320,1120
250,320,1120,0,1,320,1116
250,320,1120,0,8,320,1088
250,320,1120,1,-8,324,1088
250,320,1120,1,-1,324,1116
250,320,1120,1,0,324,1120
250,320,1120,1,1,324,1116
250,320,1120,1,8,324,1088
250,320,1120,8,-8,352,1088
250,320,1120,8,-1,352,1116
250,320,1120,8,0,352,1120
250,320,1120,8,1,352,1116
250,320,1120,8,8,352,1088
250,576,32,-8,-8,544,64
250,576,32,-8,-1,544,36
250,576,32,-8,0,544,32
250,576,32,-8,1,544,36
250,576,32,-8,8,544,64
250,576,32,-1,-8,572,64
250,576,32,-1,-1,572,36
250,576,32,-1,0,572,32
250,576,32,-1,1,572,36
250,576,32,-1,8,572,64
250,576,32,0,-8,576,64
250,576,32,0,-1,576,36
250,576,32,0,0,576,32
250,576,32,0,1,576,36
250,576,32,0,8,576,64
250,576,32,1,-8,580,64
250,576,32,1,-1,580,36
250,576,32,1,0,580,32
250,576,32,1,1,580,36
250,576,32,1,8,580,64
250,576,32,8,-8,608,64
250,576,32,8,-1,608,36
250,576,32,8,0,608,32
250,576,32,8,1,608,36
250,576,32,8,8,608,64
250,576,33,-8,-8,544,63
250,576,33,-8,-1,544,35
250,576,33,-8,0,544,33
250,576,33,-8,1,544,37
250,576,33,-8,8,544,65
250,576,33,-1,-8,572,63
250,576,33,-1,-1,572,35
250,576,33,-1,0,572,33
250,576,33,-1,1,572,37
250,576,33,-1,8,572,65
250,576,33,0,-8,576,63
250,576,33,0,-1,576,35
250,576,33,0,0,576,33
250,576,33,0,1,576,37
250,576,33,0,8,576,65
250,576,33,1,-8,580,63
250,576,33,1,-1,580,35
250,576,33,1,0,580,33
250,576,33,1,1,580,37
250,576,33,1,8,580,65
250,576,33,8,-8,608,63
250,576,33,8,-1,608,35
250,576,33,8,0,608,33
250,576,33,8,1,608,37
250,576,33,8,8,608,65
250,576,64,-8,-8,544,32
250,576,64,-8,-1,544,60
250,576,64,-8,0,544,64
250,576,64,-8,1,544,68
250,576,64,-8,8,544,96
250,576,64,-1,-8,572,32
250,576,64,-1,-1,572,60
250,576,64,-1,0,572,64
250,576,64,-1,1,572,68
250,576,64,-1,8,572,96
250,576,64,0,-8,576,32
250,576,64,0,-1,576,60
250,576,64,0,0,576,64
250,576,64,0,1,576,68
250,576,64,0,8,576,96
250,576,64,1,-8,580,32
250,576,64,1,-1,580,60
250,576,64,1,0,580,64
250,576,64,1,1,580,68
250,576,64,1,8,580,96
250,576,64,8,-8,608,32
250,576,64,8,-1,608,60
250,576,64,8,0,608,64
250,576,64,8,1,608,68
250,576,64,8,8,608,96
250,576,576,-8,-8,544,544
250,576,576,-8,-1,544,572
250,576,576,-8,0,544,576
250,576,576,-8,1,544,580
250,576,576,-8,8,544,608
250,576,576,-1,-8,572,544
250,576,576,-1,-1,572,572
250,576,576,-1,0,572,576
250,576,576,-1,1,572,580
250,576,576,-1,8,572,608
250,576,576,0,-8,576,544
250,576,576,0,-1,576,572
250,576,576,0,0,576,576
250,576,576,0,1,576,580
250,576,576,0,8,576,608
250,576,576,1,-8,580,544
250,576,576,1,-1,580,572
250,576,576,1,0,580,576
250,576,576,1,1,580,580
250,576,576,1,8,580,608
250,576,576,8,-8,608,544
250,576,576,8,-1,608,572
250,576,576,8,0,608,576
250,576,576,8,1,608,580
250,576,576,8,8,608,608
250,576,1088,-8,-8,544,1056
250,576,1088,-8,-1,544,1084
250,576,1088,-8,0,544,1088
250,576,1088,-8,1,544,1092
250,576,1088,-8,8,544,1120
250,576,1088,-1,-8,572,1056
250,576,1088,-1,-1,572,1084
250,576,1088,-1,0,572,1088
250,576,1088,-1,1,572,1092
250,576,1088,-1,8,572,1120
250,576,1088,0,-8,576,1056
250,576,1088,0,-1,576,1084
250,576,1088,0,0,576,1088
250,576,1088,0,1,576,1092
250,576,1088,0,8,576,1120
250,576,1088,1,-8,580,1056
250,576,1088,1,-1,580,1084
250,576,1088,1,0,580,1088
250,576,1088,1,1,580,1092
250,576,1088,1,8,580,1120
250,576,1088,8,-8,608,1056
250,576,1088,8,-1,608,1084
250,576,1088,8,0,608,1088
250,576,1088,8,1,608,1092
250,576,1088,8,8,608,1120
250,576,1119,-8,-8,544,1087
250,576,1119,-8,-1,544,1115
250,576,1119,-8,0,544,1119
250,576,1119,-8,1,544,1117
250,576,1119,-8,8,544,1089
250,576,1119,-1,-8,572,1087
250,576,1119,-1,-1,572,1115
250,576,1119,-1,0,572,1119
250,576,1119,-1,1,572,1117
250,576,1119,-1,8,572,1089
250,576,1119,0,-8,576,1087
250,576,1119,0,-1,576,1115
250,576,1119,0,0,576,1119
250,576,1119,0,1,576,1117
250,576,1119,0,8,576,1089
250,576,1119,1,-8,580,1087
250,576,1119,1,-1,580,1115
250,576,1119,1,0,580,1119
250,576,1119,1,1,580,1117
250,576,1119,1,8,580,1089
250,576,1119,8,-8,608,1087
250,576,1119,8,-1,608,1115
250,576,1119,8,0,608,1119
250,576,1119,8,1,608,1117
250,576,1119,8,8,608,1089
250,576,1120,-8,-8,544,1088
250,576,1120,-8,-1,544,1116
250,576,1120,-8,0,544,1120
250,576,1120,-8,1,544,1116
250,576,1120,-8,8,544,1088
250,576,1120,-1,-8,572,1088
250,576,1120,-1,-1,572,1116
250,576,1120,-1,0,572,1120
250,576,1120,-1,1,572,1116
250,576,1120,-1,8,572,1088
250,576,1120,0,-8,576,1088
250,576,1120,0,-1,576,1116
250,576,1120,0,0,576,1120
250,576,1120,0,1,576,1116
250,576,1120,0,8,576,1088
250,576,1120,1,-8,580,1088
250,576,1120,1,-1,580,1116
250,576,1120,1,0,580,1120
250,576,1120,1,1,580,1116
250,576,1120,1,8,580,1088
250,576,1120,8,-8,608,1088
250,576,1120,8,-1,608,1116
250,576,1120,8,0,608,1120
250,576,1120,8,1,608,1116
250,576,1120,8,8,608,1088
250,607,32,-8,-8,575,64
250,607,32,-8,-1,575,36
250,607,32,-8,0,575,32
250,607,32,-8,1,575,36
250,607,32,-8,8,575,64
250,607,32,-1,-8,603,64
250,607,32,-1,-1,603,36
250,607,32,-1,0,603,32
250,607,32,-1,1,603,36
250,607,32,-1,8,603,64
250,607,32,0,-8,607,64
250,607,32,0,-1,607,36
250,607,32,0,0,607,32
250,607,32,0,1,607,36
250,607,32,0,8,607,64
250,607,32,1,-8,605,64
250,607,32,1,-1,605,36
250,607,32,1,0,605,32
250,607,32,1,1,605,36
250,607,32,1,8,605,64
250,607,32,8,-8,577,64
250,607,32,8,-1,577,36
250,607,32,8,0,577,32
250,607,32,8,1,577,36
250,607,32,8,8,577,64
250,607,33,-8,-8,575,63
250,607,33,-8,-1,575,35
250,607,33,-8,0,575,33
250,607,33,-8,1,575,37
250,607,33,-8,8,575,65
250,607,33,-1,-8,603,63
250,607,33,-1,-1,603,35
250,607,33,-1,0,603,33
250,607,33,-1,1,603,37
250,607,33,-1,8,603,65
250,607,33,0,-8,607,63
250,607,33,0,-1,607,35
250,607,33,0,0,607,33
250,607,33,0,1,607,37
250,607,33,0,8,607,65
250,607,33,1,-8,605,63
250,607,33,1,-1,605,35
250,607,33,1,0,605,33
250,607,33,1,1,605,37
250,607,33,1,8,605,65
250,607,33,8,-8,577,63
250,607,33,8,-1,577,35
250,607,33,8,0,577,33
250,607,33,8,1,577,37
250,607,33,8,8,577,65
250,607,64,-8,-8,575,32
250,607,64,-8,-1,575,60
250,607,64,-8,0,575,64
250,607,64,-8,1,575,68
250,607,64,-8,8,575,96
250,607,64,-1,-8,603,32
250,607,64,-1,-1,603,60
250,607,64,-1,0,603,64
250,607,64,-1,1,603,68
250,607,64,-1,8,603,96
250,607,64,0,-8,607,32
250,607,64,0,-1,607,60
250,607,64,0,0,607,64
250,607,64,0,1,607,68
250,607,64,0,8,607,96
250,607,64,1,-8,605,32
250,607,64,1,-1,605,60
250,607,64,1,0,605,64
250,607,64,1,1,605,68
250,607,64,1,8,605,96
250,607,64,8,-8,577,32
250,607,64,8,-1,577,60
250,607,64,8,0,577,64
250,607,64,8,1,577,68
250,607,64,8,8,577,96
250,607,576,-8,-8,575,544
250,607,576,-8,-1,575,572
250,607,576,-8,0,575,576
250,607,576,-8,1,575,580
250,607,576,-8,8,575,608
250,607,576,-1,-8,603,544
250,607,576,-1,-1,603,572
250,607,576,-1,0,603,576
250,607,576,-1,1,603,580
250,607,576,-1,8,603,608
250,607,576,0,-8,607,544
250,607,576,0,-1,607,572
250,607,576,0,0,607,576
250,607,576,0,1,607,580
250,607,576,0,8,607,608
250,607,576,1,-8,605,544
250,607,576,1,-1,605,572
250,607,576,1,0,605,576
250,607,576,1,1,605,580
250,607,576,1,8,605,608
250,607,576,8,-8,577,544
250,607,576,8,-1,577,572
250,607,576,8,0,577,576
250,607,576,8,1,577,580
250,607,576,8,8,577,608
250,607,1088,-8,-8,575,1056
250,607,1088,-8,-1,575,1084
250,607,1088,-8,0,575,1088
250,607,1088,-8,1,575,1092
250,607,1088,-8,8,575,1120
250,607,1088,-1,-8,603,1056
250,607,1088,-1,-1,603,1084
250,607,1088,-1,0,603,1088
250,607,1088,-1,1,603,1092
250,607,1088,-1,8,603,1120
250,607,1088,0,-8,607,1056
250,607,1088,0,-1,607,1084
250,607,1088,0,0,607,1088
250,607,1088,0,1,607,1092
250,607,1088,0,8,607,1120
250,607,1088,1,-8,605,1056
250,607,1088,1,-1,605,1084
250,607,1088,1,0,605,1088
250,607,1088,1,1,605,1092
250,607,1088,1,8,605,1120
250,607,1088,8,-8,577,1056
250,607,1088,8,-1,577,1084
250,607,1088,8,0,577,1088
250,607,1088,8,1,577,1092
250,607,1088,8,8,577,1120
250,607,1119,-8,-8,575,1087
250,607,1119,-8,-1,575,1115
250,607,1119,-8,0,575,1119
250,607,1119,-8,1,575,1117
250,607,1119,-8,8,575,1089
250,607,1119,-1,-8,603,1087
250,607,1119,-1,-1,603,1115
250,607,1119,-1,0,603,1119
250,607,1119,-1,1,603,1117
250,607,1119,-1,8,603,1089
250,607,1119,0,-8,607,1087
250,607,1119,0,-1,607,1115
250,607,1119,0,0,607,1119
250,607,1119,0,1,607,1117
250,607,1119,0,8,607,1089
250,607,1119,1,-8,605,1087
250,607,1119,1,-1,605,1115
250,607,1119,1,0,605,1119
250,607,1119,1,1,605,1117
250,607,1119,1,8,605,1089
250,607,1119,8,-8,577,1087
250,607,1119,8,-1,577,1115
250,607,1119,8,0,577,1119
250,607,1119,8,1,577,1117
250,607,1119,8,8,577,1089
250,607,1120,-8,-8,575,1088
250,607,1120,-8,-1,575,1116
250,607,1120,-8,0,575,1120
250,607,1120,-8,1,575,1116
250,607,1120,-8,8,575,1088
250,607,1120,-1,-8,603,1088
250,607,1120,-1,-1,603,1116
250,607,1120,-1,0,603,1120
250,607,1120,-1,1,603,1116
250,607,1120,-1,8,603,1088
250,607,1120,0,-8,607,1088
250,607,1120,0,-1,607,1116
250,607,1120,0,0,607,1120
250,607,1120,0,1,607,1116
250,607,1120,0,8,607,1088
250,607,1120,1,-8,605,1088
250,607,1120,1,-1,605,1116
250,607,1120,1,0,605,1120
250,607,1120,1,1,605,1116
250,607,1120,1,8,605,1088
250,607,1120,8,-8,577,1088
250,607,1120,8,-1,577,1116
250,607,1120,8,0,577,1120
250,607,1120,8,1,577,1116
250,607,1120,8,8,577,1088
250,608,32,-8,-8,576,64
250,608,32,-8,-1,576,36
250,608,32,-8,0,576,32
250,608,32,-8,1,576,36
250,608,32,-8,8,576,64
250,608,32,-1,-8,604,64
250,608,32,-1,-1,604,36
250,608,32,-1,0,604,32
250,608,32,-1,1,604,36
250,608,32,-1,8,604,64
250,608,32,0,-8,608,64
250,608,32,0,-1,608,36
250,608,32,0,0,608,32
250,608,32,0,1,608,36
250,608,32,0,8,608,64
250,608,32,1,-8,604,64
250,608,32,1,-1,604,36
250,608,32,1,0,604,32
250,608,32,1,1,604,36
250,608,32,1,8,604,64
250,608,32,8,-8,576,64
250,608,32,8,-1,576,36
250,608,32,8,0,576,32
250,608,32,8,1,576,36
250,608,32,8,8,576,64
250,608,33,-8,-8,576,63
250,608,33,-8,-1,576,35
250,608,33,-8,0,576,33
250,608,33,-8,1,576,37
250,608,33,-8,8,576,65
250,608,33,-1,-8,604,63
250,608,33,-1,-1,604,35
250,608,33,-1,0,604,33
250,608,33,-1,1,604,37
250,608,33,-1,8,604,65
250,608,33,0,-8,608,63
250,608,33,0,-1,608,35
250,608,33,0,0,608,33
250,608,33,0,1,608,37
250,608,33,0,8,608,65
250,608,33,1,-8,604,63
250,608,33,1,-1,604,35
250,608,33,1,0,604,33
250,608,33,1,1,604,37
250,608,33,1,8,604,65
250,608,33,8,-8,576,63
250,608,33,8,-1,576,35
250,608,33,8,0,576,33
250,608,33,8,1,576,37
250,608,33,8,8,576,65
250,608,64,-8,-8,576,32
250,608,64,-8,-1,576,60
250,608,64,-8,0,576,64
250,608,64,-8,1,576,68
250,608,64,-8,8,576,96
250,608,64,-1,-8,604,32
250,608,64,-1,-1,604,60
250,608,64,-1,0,604,64
250,608,64,-1,1,604,68
250,608,64,-1,8,604,96
250,608,64,0,-8,608,32
250,608,64,0,-1,608,60
250,608,64,0,0,608,64
250,608,64,0,1,608,68
250,608,64,0,8,608,96
250,608,64,1,-8,604,32
250,608,64,1,-1,604,60
250,608,64,1,0,604,64
250,608,64,1,1,604,68
250,608,64,1,8,604,96
250,608,64,8,-8,576,32
250,608,64,8,-1,576,60
250,608,64,8,0,576,64
250,608,64,8,1,576,68
250,608,64,8,8,576,96
250,608,576,-8,-8,576,544
250,608,576,-8,-1,576,572
250,608,576,-8,0,576,576
250,608,576,-8,1,576,580
250,608,576,-8,8,576,608
250,608,576,-1,-8,604,544
250,608,576,-1,-1,604,572
250,608,576,-1,0,604,576
250,608,576,-1,1,604,580
250,608,576,-1,8,604,608
250,608,576,0,-8,608,544
250,608,576,0,-1,608,572
250,608,576,0,0,608,576
250,608,576,0,1,608,580
250,608,576,0,8,608,608
250,608,576,1,-8,604,544
250,608,576,1,-1,604,572
250,608,576,1,0,604,576
250,608,576,1,1,604,580
250,608,576,1,8,604,608
250,608,576,8,-8,576,544
250,608,576,8,-1,576,572
250,608,576,8,0,576,576
250,608,576,8,1,576,580
250,608,576,8,8,576,608
250,608,1088,-8,-8,576,1056
250,608,1088,-8,-1,576,1084
250,608,1088,-8,0,576,1088
250,608,1088,-8,1,576,1092
250,608,1088,-8,8,576,1120
250,608,1088,-1,-8,604,1056
250,608,1088,-1,-1,604,1084
250,608,1088,-1,0,604,1088
250,608,1088,-1,1,604,1092
250,608,1088,-1,8,604,1120
250,608,1088,0,-8,608,1056
250,608,1088,0,-1,608,1084
250,608,1088,0,0,608,1088
250,608,1088,0,1,608,1092
250,608,1088,0,8,608,1120
250,608,1088,1,-8,604,1056
250,608,1088,1,-1,604,1084
250,608,1088,1,0,604,1088
250,608,1088,1,1,604,1092
250,608,1088,1,8,604,1120
250,608,1088,8,-8,576,1056
250,608,1088,8,-1,576,1084
250,608,1088,8,0,576,1088
250,608,1088,8,1,576,1092
250,608,1088,8,8,576,1120
250,608,1119,-8,-8,576,1087
250,608,1119,-8,-1,576,1115
250,608,1119,-8,0,576,1119
250,608,1119,-8,1,576,1117
250,608,1119,-8,8,576,1089
250,608,1119,-1,-8,604,1087
250,608,1119,-1,-1,604,1115
250,608,1119,-1,0,604,1119
250,608,1119,-1,1,604,1117
250,608,1119,-1,8,604,1089
250,608,1119,0,-8,608,1087
250,608,1119,0,-1,608,1115
250,608,1119,0,0,608,1119
250,608,1119,0,1,608,1117
250,608,1119,0,8,608,1089
250,608,1119,1,-8,604,1087
250,608,1119,1,-1,604,1115
250,608,1119,1,0,604,1119
250,608,1119,1,1,604,1117
250,608,1119,1,8,604,1089
250,608,1119,8,-8,576,1087
250,608,1119,8,-1,576,1115
250,608,1119,8,0,576,1119
250,608,1119,8,1,576,1117
250,608,1119,8,8,576,1089
250,608,1120,-8,-8,576,1088
250,608,1120,-8,-1,576,1116
250,608,1120,-8,0,576,1120
250,608,1120,-8,1,576,1116
250,608,1120,-8,8,576,1088
250,608,1120,-1,-8,604,1088
250,608,1120,-1,-1,604,1116
250,608,1120,-1,0,604,1120
250,608,1120,-1,1,604,1116
250,608,1120,-1,8,604,1088
250,608,1120,0,-8,608,1088
250,608,1120,0,-1,608,1116
250,608,1120,0,0,608,1120
250,608,1120,0,1,608,1116
250,608,1120,0,8,608,1088
250,608,1120,1,-8,604,1088
250,608,1120,1,-1,604,1116
250,608,1120,1,0,604,1120
250,608,1120,1,1,604,1116
250,608,1120,1,8,604,1088
250,608,1120,8,-8,576,1088
250,608,1120,8,-1,576,1116
250,608,1120,8,0,576,1120
250,608,1120,8,1,576,1116
250,608,1120,8,8,576,1088
