sprite,dx,dz,origin,distance
0,-64,-64,0,88
0,-64,-32,0,72
0,-64,-16,0,66
0,-64,-1,0,64
0,-64,0,0,64
0,-64,1,0,64
0,-64,16,0,66
0,-64,32,0,72
0,-64,64,0,88
0,-32,-64,0,72
0,-32,-32,0,44
0,-32,-16,0,36
0,-32,-1,0,32
0,-32,0,0,32
0,-32,1,0,32
0,-32,16,0,36
0,-32,32,0,44
0,-32,64,0,72
0,-16,-64,0,66
0,-16,-32,0,36
0,-16,-16,0,22
0,-16,-1,0,16
0,-16,0,0,16
0,-16,1,0,16
0,-16,16,0,22
0,-16,32,0,36
0,-16,64,0,66
0,-1,-64,0,64
0,-1,-32,0,32
0,-1,-16,0,16
0,-1,-1,0,1
0,-1,0,0,1
0,-1,1,0,1
0,-1,16,0,16
0,-1,32,0,32
0,-1,64,0,64
0,0,-64,0,64
0,0,-32,0,32
0,0,-16,0,16
0,0,-1,0,1
0,0,0,0,0
0,0,1,0,1
0,0,16,0,16
0,0,32,0,32
0,0,64,0,64
0,1,-64,0,64
0,1,-32,0,32
0,1,-16,0,16
0,1,-1,0,1
0,1,0,0,1
0,1,1,0,1
0,1,16,0,16
0,1,32,0,32
0,1,64,0,64
0,16,-64,0,66
0,16,-32,0,36
0,16,-16,0,22
0,16,-1,0,16
0,16,0,0,16
0,16,1,0,16
0,16,16,0,22
0,16,32,0,36
0,16,64,0,66
0,32,-64,0,72
0,32,-32,0,44
0,32,-16,0,36
0,32,-1,0,32
0,32,0,0,32
0,32,1,0,32
0,32,16,0,36
0,32,32,0,44
0,32,64,0,72
0,64,-64,0,88
0,64,-32,0,72
0,64,-16,0,66
0,64,-1,0,64
0,64,0,0,64
0,64,1,0,64
0,64,16,0,66
0,64,32,0,72
0,64,64,0,88
1,-64,-64,0,88
1,-64,-32,0,72
1,-64,-16,0,66
1,-64,-1,0,64
1,-64,0,0,64
1,-64,1,0,64
1,-64,16,0,66
1,-64,32,0,72
1,-64,64,0,88
1,-32,-64,0,72
1,-32,-32,0,44
1,-32,-16,0,36
1,-32,-1,0,32
1,-32,0,0,32
1,-32,1,0,32
1,-32,16,0,36
1,-32,32,0,44
1,-32,64,0,72
1,-16,-64,0,66
1,-16,-32,0,36
1,-16,-16,0,22
1,-16,-1,0,16
1,-16,0,0,16
1,-16,1,0,16
1,-16,16,0,22
1,-16,32,0,36
1,-16,64,0,66
1,-1,-64,0,64
1,-1,-32,0,32
1,-1,-16,0,16
1,-1,-1,0,1
1,-1,0,0,1
1,-1,1,0,1
1,-1,16,0,16
1,-1,32,0,32
1,-1,64,0,64
1,0,-64,0,64
1,0,-32,0,32
1,0,-16,0,16
1,0,-1,0,1
1,0,0,0,0
1,0,1,0,1
1,0,16,0,16
1,0,32,0,32
1,0,64,0,64
1,1,-64,0,64
1,1,-32,0,32
1,1,-16,0,16
1,1,-1,0,1
1,1,0,0,1
1,1,1,0,1
1,1,16,0,16
1,1,32,0,32
1,1,64,0,64
1,16,-64,0,66
1,16,-32,0,36
1,16,-16,0,22
1,16,-1,0,16
1,16,0,0,16
1,16,1,0,16
1,16,16,0,22
1,16,32,0,36
1,16,64,0,66
1,32,-64,0,72
1,32,-32,0,44
1,32,-16,0,36
1,32,-1,0,32
1,32,0,0,32
1,32,1,0,32
1,32,16,0,36
1,32,32,0,44
1,32,64,0,72
1,64,-64,0,88
1,64,-32,0,72
1,64,-16,0,66
1,64,-1,0,64
1,64,0,0,64
1,64,1,0,64
1,64,16,0,66
1,64,32,0,72
1,64,64,0,88
2,-64,-64,0,88
2,-64,-32,0,72
2,-64,-16,0,66
2,-64,-1,0,64
2,-64,0,0,64
2,-64,1,0,64
2,-64,16,0,66
2,-64,32,0,72
2,-64,64,0,88
2,-32,-64,0,72
2,-32,-32,0,44
2,-32,-16,0,36
2,-32,-1,0,32
2,-32,0,0,32
2,-32,1,0,32
2,-32,16,0,36
2,-32,32,0,44
2,-32,64,0,72
2,-16,-64,0,66
2,-16,-32,0,36
2,-16,-16,0,22
2,-16,-1,0,16
2,-16,0,0,16
2,-16,1,0,16
2,-16,16,0,22
2,-16,32,0,36
2,-16,64,0,66
2,-1,-64,0,64
2,-1,-32,0,32
2,-1,-16,0,16
2,-1,-1,0,1
2,-1,0,0,1
2,-1,1,0,1
2,-1,16,0,16
2,-1,32,0,32
2,-1,64,0,64
2,0,-64,0,64
2,0,-32,0,32
2,0,-16,0,16
2,0,-1,0,1
2,0,0,0,0
2,0,1,0,1
2,0,16,0,16
2,0,32,0,32
2,0,64,0,64
2,1,-64,0,64
2,1,-32,0,32
2,1,-16,0,16
2,1,-1,0,1
2,1,0,0,1
2,1,1,0,1
2,1,16,0,16
2,1,32,0,32
2,1,64,0,64
2,16,-64,0,66
2,16,-32,0,36
2,16,-16,0,22
2,16,-1,0,16
2,16,0,0,16
2,16,1,0,16
2,16,16,0,22
2,16,32,0,36
2,16,64,0,66
2,32,-64,0,72
2,32,-32,0,44
2,32,-16,0,36
2,32,-1,0,32
2,32,0,0,32
2,32,1,0,32
2,32,16,0,36
2,32,32,0,44
2,32,64,0,72
2,64,-64,0,88
2,64,-32,0,72
2,64,-16,0,66
2,64,-1,0,64
2,64,0,0,64
2,64,1,0,64
2,64,16,0,66
2,64,32,0,72
2,64,64,0,88
3,-64,-64,0,88
3,-64,-32,0,72
3,-64,-16,0,66
3,-64,-1,0,64
3,-64,0,0,64
3,-64,1,0,64
3,-64,16,0,66
3,-64,32,0,72
3,-64,64,0,88
3,-32,-64,0,72
3,-32,-32,0,44
3,-32,-16,0,36
3,-32,-1,0,32
3,-32,0,0,32
3,-32,1,0,32
3,-32,16,0,36
3,-32,32,0,44
3,-32,64,0,72
3,-16,-64,0,66
3,-16,-32,0,36
3,-16,-16,0,22
3,-16,-1,0,16
3,-16,0,0,16
3,-16,1,0,16
3,-16,16,0,22
3,-16,32,0,36
3,-16,64,0,66
3,-1,-64,0,64
3,-1,-32,0,32
3,-1,-16,0,16
3,-1,-1,0,1
3,-1,0,0,1
3,-1,1,0,1
3,-1,16,0,16
3,-1,32,0,32
3,-1,64,0,64
3,0,-64,0,64
3,0,-32,0,32
3,0,-16,0,16
3,0,-1,0,1
3,0,0,0,0
3,0,1,0,1
3,0,16,0,16
3,0,32,0,32
3,0,64,0,64
3,1,-64,0,64
3,1,-32,0,32
3,1,-16,0,16
3,1,-1,0,1
3,1,0,0,1
3,1,1,0,1
3,1,16,0,16
3,1,32,0,32
3,1,64,0,64
3,16,-64,0,66
3,16,-32,0,36
3,16,-16,0,22
3,16,-1,0,16
3,16,0,0,16
3,16,1,0,16
3,16,16,0,22
3,16,32,0,36
3,16,64,0,66
3,32,-64,0,72
3,32,-32,0,44
3,32,-16,0,36
3,32,-1,0,32
3,32,0,0,32
3,32,1,0,32
3,32,16,0,36
3,32,32,0,44
3,32,64,0,72
3,64,-64,0,88
3,64,-32,0,72
3,64,-16,0,66
3,64,-1,0,64
3,64,0,0,64
3,64,1,0,64
3,64,16,0,66
3,64,32,0,72
3,64,64,0,88
4,-64,-64,0,88
4,-64,-32,0,72
4,-64,-16,0,66
4,-64,-1,0,64
4,-64,0,0,64
4,-64,1,0,64
4,-64,16,0,66
4,-64,32,0,72
4,-64,64,0,88
4,-32,-64,0,72
4,-32,-32,0,44
4,-32,-16,0,36
4,-32,-1,0,32
4,-32,0,0,32
4,-32,1,0,32
4,-32,16,0,36
4,-32,32,0,44
4,-32,64,0,72
4,-16,-64,0,66
4,-16,-32,0,36
4,-16,-16,0,22
4,-16,-1,0,16
4,-16,0,0,16
4,-16,1,0,16
4,-16,16,0,22
4,-16,32,0,36
4,-16,64,0,66
4,-1,-64,0,64
4,-1,-32,0,32
4,-1,-16,0,16
4,-1,-1,0,1
4,-1,0,0,1
4,-1,1,0,1
4,-1,16,0,16
4,-1,32,0,32
4,-1,64,0,64
4,0,-64,0,64
4,0,-32,0,32
4,0,-16,0,16
4,0,-1,0,1
4,0,0,0,0
4,0,1,0,1
4,0,16,0,16
4,0,32,0,32
4,0,64,0,64
4,1,-64,0,64
4,1,-32,0,32
4,1,-16,0,16
4,1,-1,0,1
4,1,0,0,1
4,1,1,0,1
4,1,16,0,16
4,1,32,0,32
4,1,64,0,64
4,16,-64,0,66
4,16,-32,0,36
4,16,-16,0,22
4,16,-1,0,16
4,16,0,0,16
4,16,1,0,16
4,16,16,0,22
4,16,32,0,36
4,16,64,0,66
4,32,-64,0,72
4,32,-32,0,44
4,32,-16,0,36
4,32,-1,0,32
4,32,0,0,32
4,32,1,0,32
4,32,16,0,36
4,32,32,0,44
4,32,64,0,72
4,64,-64,0,88
4,64,-32,0,72
4,64,-16,0,66
4,64,-1,0,64
4,64,0,0,64
4,64,1,0,64
4,64,16,0,66
4,64,32,0,72
4,64,64,0,88
5,-64,-64,0,88
5,-64,-32,0,72
5,-64,-16,0,66
5,-64,-1,0,64
5,-64,0,0,64
5,-64,1,0,64
5,-64,16,0,66
5,-64,32,0,72
5,-64,64,0,88
5,-32,-64,0,72
5,-32,-32,0,44
5,-32,-16,0,36
5,-32,-1,0,32
5,-32,0,0,32
5,-32,1,0,32
5,-32,16,0,36
5,-32,32,0,44
5,-32,64,0,72
5,-16,-64,0,66
5,-16,-32,0,36
5,-16,-16,0,22
5,-16,-1,0,16
5,-16,0,0,16
5,-16,1,0,16
5,-16,16,0,22
5,-16,32,0,36
5,-16,64,0,66
5,-1,-64,0,64
5,-1,-32,0,32
5,-1,-16,0,16
5,-1,-1,0,1
5,-1,0,0,1
5,-1,1,0,1
5,-1,16,0,16
5,-1,32,0,32
5,-1,64,0,64
5,0,-64,0,64
5,0,-32,0,32
5,0,-16,0,16
5,0,-1,0,1
5,0,0,0,0
5,0,1,0,1
5,0,16,0,16
5,0,32,0,32
5,0,64,0,64
5,1,-64,0,64
5,1,-32,0,32
5,1,-16,0,16
5,1,-1,0,1
5,1,0,0,1
5,1,1,0,1
5,1,16,0,16
5,1,32,0,32
5,1,64,0,64
5,16,-64,0,66
5,16,-32,0,36
5,16,-16,0,22
5,16,-1,0,16
5,16,0,0,16
5,16,1,0,16
5,16,16,0,22
5,16,32,0,36
5,16,64,0,66
5,32,-64,0,72
5,32,-32,0,44
5,32,-16,0,36
5,32,-1,0,32
5,32,0,0,32
5,32,1,0,32
5,32,16,0,36
5,32,32,0,44
5,32,64,0,72
5,64,-64,0,88
5,64,-32,0,72
5,64,-16,0,66
5,64,-1,0,64
5,64,0,0,64
5,64,1,0,64
5,64,16,0,66
5,64,32,0,72
5,64,64,0,88
6,-64,-64,0,88
6,-64,-32,0,72
6,-64,-16,0,66
6,-64,-1,0,64
6,-64,0,0,64
6,-64,1,0,64
6,-64,16,0,66
6,-64,32,0,72
6,-64,64,0,88
6,-32,-64,0,72
6,-32,-32,0,44
6,-32,-16,0,36
6,-32,-1,0,32
6,-32,0,0,32
6,-32,1,0,32
6,-32,16,0,36
6,-32,32,0,44
6,-32,64,0,72
6,-16,-64,0,66
6,-16,-32,0,36
6,-16,-16,0,22
6,-16,-1,0,16
6,-16,0,0,16
6,-16,1,0,16
6,-16,16,0,22
6,-16,32,0,36
6,-16,64,0,66
6,-1,-64,0,64
6,-1,-32,0,32
6,-1,-16,0,16
6,-1,-1,0,1
6,-1,0,0,1
6,-1,1,0,1
6,-1,16,0,16
6,-1,32,0,32
6,-1,64,0,64
6,0,-64,0,64
6,0,-32,0,32
6,0,-16,0,16
6,0,-1,0,1
6,0,0,0,0
6,0,1,0,1
6,0,16,0,16
6,0,32,0,32
6,0,64,0,64
6,1,-64,0,64
6,1,-32,0,32
6,1,-16,0,16
6,1,-1,0,1
6,1,0,0,1
6,1,1,0,1
6,1,16,0,16
6,1,32,0,32
6,1,64,0,64
6,16,-64,0,66
6,16,-32,0,36
6,16,-16,0,22
6,16,-1,0,16
6,16,0,0,16
6,16,1,0,16
6,16,16,0,22
6,16,32,0,36
6,16,64,0,66
6,32,-64,0,72
6,32,-32,0,44
6,32,-16,0,36
6,32,-1,0,32
6,32,0,0,32
6,32,1,0,32
6,32,16,0,36
6,32,32,0,44
6,32,64,0,72
6,64,-64,0,88
6,64,-32,0,72
6,64,-16,0,66
6,64,-1,0,64
6,64,0,0,64
6,64,1,0,64
6,64,16,0,66
6,64,32,0,72
6,64,64,0,88
7,-64,-64,0,88
7,-64,-32,0,72
7,-64,-16,0,66
7,-64,-1,0,64
7,-64,0,0,64
7,-64,1,0,64
7,-64,16,0,66
7,-64,32,0,72
7,-64,64,0,88
7,-32,-64,0,72
7,-32,-32,0,44
7,-32,-16,0,36
7,-32,-1,0,32
7,-32,0,0,32
7,-32,1,0,32
7,-32,16,0,36
7,-32,32,0,44
7,-32,64,0,72
7,-16,-64,0,66
7,-16,-32,0,36
7,-16,-16,0,22
7,-16,-1,0,16
7,-16,0,0,16
7,-16,1,0,16
7,-16,16,0,22
7,-16,32,0,36
7,-16,64,0,66
7,-1,-64,0,64
7,-1,-32,0,32
7,-1,-16,0,16
7,-1,-1,0,1
7,-1,0,0,1
7,-1,1,0,1
7,-1,16,0,16
7,-1,32,0,32
7,-1,64,0,64
7,0,-64,0,64
7,0,-32,0,32
7,0,-16,0,16
7,0,-1,0,1
7,0,0,0,0
7,0,1,0,1
7,0,16,0,16
7,0,32,0,32
7,0,64,0,64
7,1,-64,0,64
7,1,-32,0,32
7,1,-16,0,16
7,1,-1,0,1
7,1,0,0,1
7,1,1,0,1
7,1,16,0,16
7,1,32,0,32
7,1,64,0,64
7,16,-64,0,66
7,16,-32,0,36
7,16,-16,0,22
7,16,-1,0,16
7,16,0,0,16
7,16,1,0,16
7,16,16,0,22
7,16,32,0,36
7,16,64,0,66
7,32,-64,0,72
7,32,-32,0,44
7,32,-16,0,36
7,32,-1,0,32
7,32,0,0,32
7,32,1,0,32
7,32,16,0,36
7,32,32,0,44
7,32,64,0,72
7,64,-64,0,88
7,64,-32,0,72
7,64,-16,0,66
7,64,-1,0,64
7,64,0,0,64
7,64,1,0,64
7,64,16,0,66
7,64,32,0,72
7,64,64,0,88
8,-64,-64,0,88
8,-64,-32,0,72
8,-64,-16,0,66
8,-64,-1,0,64
8,-64,0,0,64
8,-64,1,0,64
8,-64,16,0,66
8,-64,32,0,72
8,-64,64,0,88
8,-32,-64,0,72
8,-32,-32,0,44
8,-32,-16,0,36
8,-32,-1,0,32
8,-32,0,0,32
8,-32,1,0,32
8,-32,16,0,36
8,-32,32,0,44
8,-32,64,0,72
8,-16,-64,0,66
8,-16,-32,0,36
8,-16,-16,0,22
8,-16,-1,0,16
8,-16,0,0,16
8,-16,1,0,16
8,-16,16,0,22
8,-16,32,0,36
8,-16,64,0,66
8,-1,-64,0,64
8,-1,-32,0,32
8,-1,-16,0,16
8,-1,-1,0,1
8,-1,0,0,1
8,-1,1,0,1
8,-1,16,0,16
8,-1,32,0,32
8,-1,64,0,64
8,0,-64,0,64
8,0,-32,0,32
8,0,-16,0,16
8,0,-1,0,1
8,0,0,0,0
8,0,1,0,1
8,0,16,0,16
8,0,32,0,32
8,0,64,0,64
8,1,-64,0,64
8,1,-32,0,32
8,1,-16,0,16
8,1,-1,0,1
8,1,0,0,1
8,1,1,0,1
8,1,16,0,16
8,1,32,0,32
8,1,64,0,64
8,16,-64,0,66
8,16,-32,0,36
8,16,-16,0,22
8,16,-1,0,16
8,16,0,0,16
8,16,1,0,16
8,16,16,0,22
8,16,32,0,36
8,16,64,0,66
8,32,-64,0,72
8,32,-32,0,44
8,32,-16,0,36
8,32,-1,0,32
8,32,0,0,32
8,32,1,0,32
8,32,16,0,36
8,32,32,0,44
8,32,64,0,72
8,64,-64,0,88
8,64,-32,0,72
8,64,-16,0,66
8,64,-1,0,64
8,64,0,0,64
8,64,1,0,64
8,64,16,0,66
8,64,32,0,72
8,64,64,0,88
9,-64,-64,0,88
9,-64,-32,0,72
9,-64,-16,0,66
9,-64,-1,0,64
9,-64,0,0,64
9,-64,1,0,64
9,-64,16,0,66
9,-64,32,0,72
9,-64,64,0,88
9,-32,-64,0,72
9,-32,-32,0,44
9,-32,-16,0,36
9,-32,-1,0,32
9,-32,0,0,32
9,-32,1,0,32
9,-32,16,0,36
9,-32,32,0,44
9,-32,64,0,72
9,-16,-64,0,66
9,-16,-32,0,36
9,-16,-16,0,22
9,-16,-1,0,16
9,-16,0,0,16
9,-16,1,0,16
9,-16,16,0,22
9,-16,32,0,36
9,-16,64,0,66
9,-1,-64,0,64
9,-1,-32,0,32
9,-1,-16,0,16
9,-1,-1,0,1
9,-1,0,0,1
9,-1,1,0,1
9,-1,16,0,16
9,-1,32,0,32
9,-1,64,0,64
9,0,-64,0,64
9,0,-32,0,32
9,0,-16,0,16
9,0,-1,0,1
9,0,0,0,0
9,0,1,0,1
9,0,16,0,16
9,0,32,0,32
9,0,64,0,64
9,1,-64,0,64
9,1,-32,0,32
9,1,-16,0,16
9,1,-1,0,1
9,1,0,0,1
9,1,1,0,1
9,1,16,0,16
9,1,32,0,32
9,1,64,0,64
9,16,-64,0,66
9,16,-32,0,36
9,16,-16,0,22
9,16,-1,0,16
9,16,0,0,16
9,16,1,0,16
9,16,16,0,22
9,16,32,0,36
9,16,64,0,66
9,32,-64,0,72
9,32,-32,0,44
9,32,-16,0,36
9,32,-1,0,32
9,32,0,0,32
9,32,1,0,32
9,32,16,0,36
9,32,32,0,44
9,32,64,0,72
9,64,-64,0,88
9,64,-32,0,72
9,64,-16,0,66
9,64,-1,0,64
9,64,0,0,64
9,64,1,0,64
9,64,16,0,66
9,64,32,0,72
9,64,64,0,88
10,-64,-64,0,88
10,-64,-32,0,72
10,-64,-16,0,66
10,-64,-1,0,64
10,-64,0,0,64
10,-64,1,0,64
10,-64,16,0,66
10,-64,32,0,72
10,-64,64,0,88
10,-32,-64,0,72
10,-32,-32,0,44
10,-32,-16,0,36
10,-32,-1,0,32
10,-32,0,0,32
10,-32,1,0,32
10,-32,16,0,36
10,-32,32,0,44
10,-32,64,0,72
10,-16,-64,0,66
10,-16,-32,0,36
10,-16,-16,0,22
10,-16,-1,0,16
10,-16,0,0,16
10,-16,1,0,16
10,-16,16,0,22
10,-16,32,0,36
10,-16,64,0,66
10,-1,-64,0,64
10,-1,-32,0,32
10,-1,-16,0,16
10,-1,-1,0,1
10,-1,0,0,1
10,-1,1,0,1
10,-1,16,0,16
10,-1,32,0,32
10,-1,64,0,64
10,0,-64,0,64
10,0,-32,0,32
10,0,-16,0,16
10,0,-1,0,1
10,0,0,0,0
10,0,1,0,1
10,0,16,0,16
10,0,32,0,32
10,0,64,0,64
10,1,-64,0,64
10,1,-32,0,32
10,1,-16,0,16
10,1,-1,0,1
10,1,0,0,1
10,1,1,0,1
10,1,16,0,16
10,1,32,0,32
10,1,64,0,64
10,16,-64,0,66
10,16,-32,0,36
10,16,-16,0,22
10,16,-1,0,16
10,16,0,0,16
10,16,1,0,16
10,16,16,0,22
10,16,32,0,36
10,16,64,0,66
10,32,-64,0,72
10,32,-32,0,44
10,32,-16,0,36
10,32,-1,0,32
10,32,0,0,32
10,32,1,0,32
10,32,16,0,36
10,32,32,0,44
10,32,64,0,72
10,64,-64,0,88
10,64,-32,0,72
10,64,-16,0,66
10,64,-1,0,64
10,64,0,0,64
10,64,1,0,64
10,64,16,0,66
10,64,32,0,72
10,64,64,0,88
11,-64,-64,0,88
11,-64,-32,0,72
11,-64,-16,0,66
11,-64,-1,0,64
11,-64,0,0,64
11,-64,1,0,64
11,-64,16,0,66
11,-64,32,0,72
11,-64,64,0,88
11,-32,-64,0,72
11,-32,-32,0,44
11,-32,-16,0,36
11,-32,-1,0,32
11,-32,0,0,32
11,-32,1,0,32
11,-32,16,0,36
11,-32,32,0,44
11,-32,64,0,72
11,-16,-64,0,66
11,-16,-32,0,36
11,-16,-16,0,22
11,-16,-1,0,16
11,-16,0,0,16
11,-16,1,0,16
11,-16,16,0,22
11,-16,32,0,36
11,-16,64,0,66
11,-1,-64,0,64
11,-1,-32,0,32
11,-1,-16,0,16
11,-1,-1,0,1
11,-1,0,0,1
11,-1,1,0,1
11,-1,16,0,16
11,-1,32,0,32
11,-1,64,0,64
11,0,-64,0,64
11,0,-32,0,32
11,0,-16,0,16
11,0,-1,0,1
11,0,0,0,0
11,0,1,0,1
11,0,16,0,16
11,0,32,0,32
11,0,64,0,64
11,1,-64,0,64
11,1,-32,0,32
11,1,-16,0,16
11,1,-1,0,1
11,1,0,0,1
11,1,1,0,1
11,1,16,0,16
11,1,32,0,32
11,1,64,0,64
11,16,-64,0,66
11,16,-32,0,36
11,16,-16,0,22
11,16,-1,0,16
11,16,0,0,16
11,16,1,0,16
11,16,16,0,22
11,16,32,0,36
11,16,64,0,66
11,32,-64,0,72
11,32,-32,0,44
11,32,-16,0,36
11,32,-1,0,32
11,32,0,0,32
11,32,1,0,32
11,32,16,0,36
11,32,32,0,44
11,32,64,0,72
11,64,-64,0,88
11,64,-32,0,72
11,64,-16,0,66
11,64,-1,0,64
11,64,0,0,64
11,64,1,0,64
11,64,16,0,66
11,64,32,0,72
11,64,64,0,88
12,-64,-64,0,88
12,-64,-32,0,72
12,-64,-16,0,66
12,-64,-1,0,64
12,-64,0,0,64
12,-64,1,0,64
12,-64,16,0,66
12,-64,32,0,72
12,-64,64,0,88
12,-32,-64,0,72
12,-32,-32,0,44
12,-32,-16,0,36
12,-32,-1,0,32
12,-32,0,0,32
12,-32,1,0,32
12,-32,16,0,36
12,-32,32,0,44
12,-32,64,0,72
12,-16,-64,0,66
12,-16,-32,0,36
12,-16,-16,0,22
12,-16,-1,0,16
12,-16,0,0,16
12,-16,1,0,16
12,-16,16,0,22
12,-16,32,0,36
12,-16,64,0,66
12,-1,-64,0,64
12,-1,-32,0,32
12,-1,-16,0,16
12,-1,-1,0,1
12,-1,0,0,1
12,-1,1,0,1
12,-1,16,0,16
12,-1,32,0,32
12,-1,64,0,64
12,0,-64,0,64
12,0,-32,0,32
12,0,-16,0,16
12,0,-1,0,1
12,0,0,0,0
12,0,1,0,1
12,0,16,0,16
12,0,32,0,32
12,0,64,0,64
12,1,-64,0,64
12,1,-32,0,32
12,1,-16,0,16
12,1,-1,0,1
12,1,0,0,1
12,1,1,0,1
12,1,16,0,16
12,1,32,0,32
12,1,64,0,64
12,16,-64,0,66
12,16,-32,0,36
12,16,-16,0,22
12,16,-1,0,16
12,16,0,0,16
12,16,1,0,16
12,16,16,0,22
12,16,32,0,36
12,16,64,0,66
12,32,-64,0,72
12,32,-32,0,44
12,32,-16,0,36
12,32,-1,0,32
12,32,0,0,32
12,32,1,0,32
12,32,16,0,36
12,32,32,0,44
12,32,64,0,72
12,64,-64,0,88
12,64,-32,0,72
12,64,-16,0,66
12,64,-1,0,64
12,64,0,0,64
12,64,1,0,64
12,64,16,0,66
12,64,32,0,72
12,64,64,0,88
13,-64,-64,0,88
13,-64,-32,0,72
13,-64,-16,0,66
13,-64,-1,0,64
13,-64,0,0,64
13,-64,1,0,64
13,-64,16,0,66
13,-64,32,0,72
13,-64,64,0,88
13,-32,-64,0,72
13,-32,-32,0,44
13,-32,-16,0,36
13,-32,-1,0,32
13,-32,0,0,32
13,-32,1,0,32
13,-32,16,0,36
13,-32,32,0,44
13,-32,64,0,72
13,-16,-64,0,66
13,-16,-32,0,36
13,-16,-16,0,22
13,-16,-1,0,16
13,-16,0,0,16
13,-16,1,0,16
13,-16,16,0,22
13,-16,32,0,36
13,-16,64,0,66
13,-1,-64,0,64
13,-1,-32,0,32
13,-1,-16,0,16
13,-1,-1,0,1
13,-1,0,0,1
13,-1,1,0,1
13,-1,16,0,16
13,-1,32,0,32
13,-1,64,0,64
13,0,-64,0,64
13,0,-32,0,32
13,0,-16,0,16
13,0,-1,0,1
13,0,0,0,0
13,0,1,0,1
13,0,16,0,16
13,0,32,0,32
13,0,64,0,64
13,1,-64,0,64
13,1,-32,0,32
13,1,-16,0,16
13,1,-1,0,1
13,1,0,0,1
13,1,1,0,1
13,1,16,0,16
13,1,32,0,32
13,1,64,0,64
13,16,-64,0,66
13,16,-32,0,36
13,16,-16,0,22
13,16,-1,0,16
13,16,0,0,16
13,16,1,0,16
13,16,16,0,22
13,16,32,0,36
13,16,64,0,66
13,32,-64,0,72
13,32,-32,0,44
13,32,-16,0,36
13,32,-1,0,32
13,32,0,0,32
13,32,1,0,32
13,32,16,0,36
13,32,32,0,44
13,32,64,0,72
13,64,-64,0,88
13,64,-32,0,72
13,64,-16,0,66
13,64,-1,0,64
13,64,0,0,64
13,64,1,0,64
13,64,16,0,66
13,64,32,0,72
13,64,64,0,88
14,-64,-64,0,88
14,-64,-32,0,72
14,-64,-16,0,66
14,-64,-1,0,64
14,-64,0,0,64
14,-64,1,0,64
14,-64,16,0,66
14,-64,32,0,72
14,-64,64,0,88
14,-32,-64,0,72
14,-32,-32,0,44
14,-32,-16,0,36
14,-32,-1,0,32
14,-32,0,0,32
14,-32,1,0,32
14,-32,16,0,36
14,-32,32,0,44
14,-32,64,0,72
14,-16,-64,0,66
14,-16,-32,0,36
14,-16,-16,0,22
14,-16,-1,0,16
14,-16,0,0,16
14,-16,1,0,16
14,-16,16,0,22
14,-16,32,0,36
14,-16,64,0,66
14,-1,-64,0,64
14,-1,-32,0,32
14,-1,-16,0,16
14,-1,-1,0,1
14,-1,0,0,1
14,-1,1,0,1
14,-1,16,0,16
14,-1,32,0,32
14,-1,64,0,64
14,0,-64,0,64
14,0,-32,0,32
14,0,-16,0,16
14,0,-1,0,1
14,0,0,0,0
14,0,1,0,1
14,0,16,0,16
14,0,32,0,32
14,0,64,0,64
14,1,-64,0,64
14,1,-32,0,32
14,1,-16,0,16
14,1,-1,0,1
14,1,0,0,1
14,1,1,0,1
14,1,16,0,16
14,1,32,0,32
14,1,64,0,64
14,16,-64,0,66
14,16,-32,0,36
14,16,-16,0,22
14,16,-1,0,16
14,16,0,0,16
14,16,1,0,16
14,16,16,0,22
14,16,32,0,36
14,16,64,0,66
14,32,-64,0,72
14,32,-32,0,44
14,32,-16,0,36
14,32,-1,0,32
14,32,0,0,32
14,32,1,0,32
14,32,16,0,36
14,32,32,0,44
14,32,64,0,72
14,64,-64,0,88
14,64,-32,0,72
14,64,-16,0,66
14,64,-1,0,64
14,64,0,0,64
14,64,1,0,64
14,64,16,0,66
14,64,32,0,72
14,64,64,0,88
15,-64,-64,0,88
15,-64,-32,0,72
15,-64,-16,0,66
15,-64,-1,0,64
15,-64,0,0,64
15,-64,1,0,64
15,-64,16,0,66
15,-64,32,0,72
15,-64,64,0,88
15,-32,-64,0,72
15,-32,-32,0,44
15,-32,-16,0,36
15,-32,-1,0,32
15,-32,0,0,32
15,-32,1,0,32
15,-32,16,0,36
15,-32,32,0,44
15,-32,64,0,72
15,-16,-64,0,66
15,-16,-32,0,36
15,-16,-16,0,22
15,-16,-1,0,16
15,-16,0,0,16
15,-16,1,0,16
15,-16,16,0,22
15,-16,32,0,36
15,-16,64,0,66
15,-1,-64,0,64
15,-1,-32,0,32
15,-1,-16,0,16
15,-1,-1,0,1
15,-1,0,0,1
15,-1,1,0,1
15,-1,16,0,16
15,-1,32,0,32
15,-1,64,0,64
15,0,-64,0,64
15,0,-32,0,32
15,0,-16,0,16
15,0,-1,0,1
15,0,0,0,0
15,0,1,0,1
15,0,16,0,16
15,0,32,0,32
15,0,64,0,64
15,1,-64,0,64
15,1,-32,0,32
15,1,-16,0,16
15,1,-1,0,1
15,1,0,0,1
15,1,1,0,1
15,1,16,0,16
15,1,32,0,32
15,1,64,0,64
15,16,-64,0,66
15,16,-32,0,36
15,16,-16,0,22
15,16,-1,0,16
15,16,0,0,16
15,16,1,0,16
15,16,16,0,22
15,16,32,0,36
15,16,64,0,66
15,32,-64,0,72
15,32,-32,0,44
15,32,-16,0,36
15,32,-1,0,32
15,32,0,0,32
15,32,1,0,32
15,32,16,0,36
15,32,32,0,44
15,32,64,0,72
15,64,-64,0,88
15,64,-32,0,72
15,64,-16,0,66
15,64,-1,0,64
15,64,0,0,64
15,64,1,0,64
15,64,16,0,66
15,64,32,0,72
15,64,64,0,88
16,-64,-64,0,88
16,-64,-32,0,72
16,-64,-16,0,66
16,-64,-1,0,64
16,-64,0,0,64
16,-64,1,0,64
16,-64,16,0,66
16,-64,32,0,72
16,-64,64,0,88
16,-32,-64,0,72
16,-32,-32,0,44
16,-32,-16,0,36
16,-32,-1,0,32
16,-32,0,0,32
16,-32,1,0,32
16,-32,16,0,36
16,-32,32,0,44
16,-32,64,0,72
16,-16,-64,0,66
16,-16,-32,0,36
16,-16,-16,0,22
16,-16,-1,0,16
16,-16,0,0,16
16,-16,1,0,16
16,-16,16,0,22
16,-16,32,0,36
16,-16,64,0,66
16,-1,-64,0,64
16,-1,-32,0,32
16,-1,-16,0,16
16,-1,-1,0,1
16,-1,0,0,1
16,-1,1,0,1
16,-1,16,0,16
16,-1,32,0,32
16,-1,64,0,64
16,0,-64,0,64
16,0,-32,0,32
16,0,-16,0,16
16,0,-1,0,1
16,0,0,0,0
16,0,1,0,1
16,0,16,0,16
16,0,32,0,32
16,0,64,0,64
16,1,-64,0,64
16,1,-32,0,32
16,1,-16,0,16
16,1,-1,0,1
16,1,0,0,1
16,1,1,0,1
16,1,16,0,16
16,1,32,0,32
16,1,64,0,64
16,16,-64,0,66
16,16,-32,0,36
16,16,-16,0,22
16,16,-1,0,16
16,16,0,0,16
16,16,1,0,16
16,16,16,0,22
16,16,32,0,36
16,16,64,0,66
16,32,-64,0,72
16,32,-32,0,44
16,32,-16,0,36
16,32,-1,0,32
16,32,0,0,32
16,32,1,0,32
16,32,16,0,36
16,32,32,0,44
16,32,64,0,72
16,64,-64,0,88
16,64,-32,0,72
16,64,-16,0,66
16,64,-1,0,64
16,64,0,0,64
16,64,1,0,64
16,64,16,0,66
16,64,32,0,72
16,64,64,0,88
17,-64,-64,0,88
17,-64,-32,0,72
17,-64,-16,0,66
17,-64,-1,0,64
17,-64,0,0,64
17,-64,1,0,64
17,-64,16,0,66
17,-64,32,0,72
17,-64,64,0,88
17,-32,-64,0,72
17,-32,-32,0,44
17,-32,-16,0,36
17,-32,-1,0,32
17,-32,0,0,32
17,-32,1,0,32
17,-32,16,0,36
17,-32,32,0,44
17,-32,64,0,72
17,-16,-64,0,66
17,-16,-32,0,36
17,-16,-16,0,22
17,-16,-1,0,16
17,-16,0,0,16
17,-16,1,0,16
17,-16,16,0,22
17,-16,32,0,36
17,-16,64,0,66
17,-1,-64,0,64
17,-1,-32,0,32
17,-1,-16,0,16
17,-1,-1,0,1
17,-1,0,0,1
17,-1,1,0,1
17,-1,16,0,16
17,-1,32,0,32
17,-1,64,0,64
17,0,-64,0,64
17,0,-32,0,32
17,0,-16,0,16
17,0,-1,0,1
17,0,0,0,0
17,0,1,0,1
17,0,16,0,16
17,0,32,0,32
17,0,64,0,64
17,1,-64,0,64
17,1,-32,0,32
17,1,-16,0,16
17,1,-1,0,1
17,1,0,0,1
17,1,1,0,1
17,1,16,0,16
17,1,32,0,32
17,1,64,0,64
17,16,-64,0,66
17,16,-32,0,36
17,16,-16,0,22
17,16,-1,0,16
17,16,0,0,16
17,16,1,0,16
17,16,16,0,22
17,16,32,0,36
17,16,64,0,66
17,32,-64,0,72
17,32,-32,0,44
17,32,-16,0,36
17,32,-1,0,32
17,32,0,0,32
17,32,1,0,32
17,32,16,0,36
17,32,32,0,44
17,32,64,0,72
17,64,-64,0,88
17,64,-32,0,72
17,64,-16,0,66
17,64,-1,0,64
17,64,0,0,64
17,64,1,0,64
17,64,16,0,66
17,64,32,0,72
17,64,64,0,88
18,-64,-64,0,88
18,-64,-32,0,72
18,-64,-16,0,66
18,-64,-1,0,64
18,-64,0,0,64
18,-64,1,0,64
18,-64,16,0,66
18,-64,32,0,72
18,-64,64,0,88
18,-32,-64,0,72
18,-32,-32,0,44
18,-32,-16,0,36
18,-32,-1,0,32
18,-32,0,0,32
18,-32,1,0,32
18,-32,16,0,36
18,-32,32,0,44
18,-32,64,0,72
18,-16,-64,0,66
18,-16,-32,0,36
18,-16,-16,0,22
18,-16,-1,0,16
18,-16,0,0,16
18,-16,1,0,16
18,-16,16,0,22
18,-16,32,0,36
18,-16,64,0,66
18,-1,-64,0,64
18,-1,-32,0,32
18,-1,-16,0,16
18,-1,-1,0,1
18,-1,0,0,1
18,-1,1,0,1
18,-1,16,0,16
18,-1,32,0,32
18,-1,64,0,64
18,0,-64,0,64
18,0,-32,0,32
18,0,-16,0,16
18,0,-1,0,1
18,0,0,0,0
18,0,1,0,1
18,0,16,0,16
18,0,32,0,32
18,0,64,0,64
18,1,-64,0,64
18,1,-32,0,32
18,1,-16,0,16
18,1,-1,0,1
18,1,0,0,1
18,1,1,0,1
18,1,16,0,16
18,1,32,0,32
18,1,64,0,64
18,16,-64,0,66
18,16,-32,0,36
18,16,-16,0,22
18,16,-1,0,16
18,16,0,0,16
18,16,1,0,16
18,16,16,0,22
18,16,32,0,36
18,16,64,0,66
18,32,-64,0,72
18,32,-32,0,44
18,32,-16,0,36
18,32,-1,0,32
18,32,0,0,32
18,32,1,0,32
18,32,16,0,36
18,32,32,0,44
18,32,64,0,72
18,64,-64,0,88
18,64,-32,0,72
18,64,-16,0,66
18,64,-1,0,64
18,64,0,0,64
18,64,1,0,64
18,64,16,0,66
18,64,32,0,72
18,64,64,0,88
19,-64,-64,0,88
19,-64,-32,0,72
19,-64,-16,0,66
19,-64,-1,0,64
19,-64,0,0,64
19,-64,1,0,64
19,-64,16,0,66
19,-64,32,0,72
19,-64,64,0,88
19,-32,-64,0,72
19,-32,-32,0,44
19,-32,-16,0,36
19,-32,-1,0,32
19,-32,0,0,32
19,-32,1,0,32
19,-32,16,0,36
19,-32,32,0,44
19,-32,64,0,72
19,-16,-64,0,66
19,-16,-32,0,36
19,-16,-16,0,22
19,-16,-1,0,16
19,-16,0,0,16
19,-16,1,0,16
19,-16,16,0,22
19,-16,32,0,36
19,-16,64,0,66
19,-1,-64,0,64
19,-1,-32,0,32
19,-1,-16,0,16
19,-1,-1,0,1
19,-1,0,0,1
19,-1,1,0,1
19,-1,16,0,16
19,-1,32,0,32
19,-1,64,0,64
19,0,-64,0,64
19,0,-32,0,32
19,0,-16,0,16
19,0,-1,0,1
19,0,0,0,0
19,0,1,0,1
19,0,16,0,16
19,0,32,0,32
19,0,64,0,64
19,1,-64,0,64
19,1,-32,0,32
19,1,-16,0,16
19,1,-1,0,1
19,1,0,0,1
19,1,1,0,1
19,1,16,0,16
19,1,32,0,32
19,1,64,0,64
19,16,-64,0,66
19,16,-32,0,36
19,16,-16,0,22
19,16,-1,0,16
19,16,0,0,16
19,16,1,0,16
19,16,16,0,22
19,16,32,0,36
19,16,64,0,66
19,32,-64,0,72
19,32,-32,0,44
19,32,-16,0,36
19,32,-1,0,32
19,32,0,0,32
19,32,1,0,32
19,32,16,0,36
19,32,32,0,44
19,32,64,0,72
19,64,-64,0,88
19,64,-32,0,72
19,64,-16,0,66
19,64,-1,0,64
19,64,0,0,64
19,64,1,0,64
19,64,16,0,66
19,64,32,0,72
19,64,64,0,88
20,-64,-64,0,88
20,-64,-32,0,72
20,-64,-16,0,66
20,-64,-1,0,64
20,-64,0,0,64
20,-64,1,0,64
20,-64,16,0,66
20,-64,32,0,72
20,-64,64,0,88
20,-32,-64,0,72
20,-32,-32,0,44
20,-32,-16,0,36
20,-32,-1,0,32
20,-32,0,0,32
20,-32,1,0,32
20,-32,16,0,36
20,-32,32,0,44
20,-32,64,0,72
20,-16,-64,0,66
20,-16,-32,0,36
20,-16,-16,0,22
20,-16,-1,0,16
20,-16,0,0,16
20,-16,1,0,16
20,-16,16,0,22
20,-16,32,0,36
20,-16,64,0,66
20,-1,-64,0,64
20,-1,-32,0,32
20,-1,-16,0,16
20,-1,-1,0,1
20,-1,0,0,1
20,-1,1,0,1
20,-1,16,0,16
20,-1,32,0,32
20,-1,64,0,64
20,0,-64,0,64
20,0,-32,0,32
20,0,-16,0,16
20,0,-1,0,1
20,0,0,0,0
20,0,1,0,1
20,0,16,0,16
20,0,32,0,32
20,0,64,0,64
20,1,-64,0,64
20,1,-32,0,32
20,1,-16,0,16
20,1,-1,0,1
20,1,0,0,1
20,1,1,0,1
20,1,16,0,16
20,1,32,0,32
20,1,64,0,64
20,16,-64,0,66
20,16,-32,0,36
20,16,-16,0,22
20,16,-1,0,16
20,16,0,0,16
20,16,1,0,16
20,16,16,0,22
20,16,32,0,36
20,16,64,0,66
20,32,-64,0,72
20,32,-32,0,44
20,32,-16,0,36
20,32,-1,0,32
20,32,0,0,32
20,32,1,0,32
20,32,16,0,36
20,32,32,0,44
20,32,64,0,72
20,64,-64,0,88
20,64,-32,0,72
20,64,-16,0,66
20,64,-1,0,64
20,64,0,0,64
20,64,1,0,64
20,64,16,0,66
20,64,32,0,72
20,64,64,0,88
21,-64,-64,0,88
21,-64,-32,0,72
21,-64,-16,0,66
21,-64,-1,0,64
21,-64,0,0,64
21,-64,1,0,64
21,-64,16,0,66
21,-64,32,0,72
21,-64,64,0,88
21,-32,-64,0,72
21,-32,-32,0,44
21,-32,-16,0,36
21,-32,-1,0,32
21,-32,0,0,32
21,-32,1,0,32
21,-32,16,0,36
21,-32,32,0,44
21,-32,64,0,72
21,-16,-64,0,66
21,-16,-32,0,36
21,-16,-16,0,22
21,-16,-1,0,16
21,-16,0,0,16
21,-16,1,0,16
21,-16,16,0,22
21,-16,32,0,36
21,-16,64,0,66
21,-1,-64,0,64
21,-1,-32,0,32
21,-1,-16,0,16
21,-1,-1,0,1
21,-1,0,0,1
21,-1,1,0,1
21,-1,16,0,16
21,-1,32,0,32
21,-1,64,0,64
21,0,-64,0,64
21,0,-32,0,32
21,0,-16,0,16
21,0,-1,0,1
21,0,0,0,0
21,0,1,0,1
21,0,16,0,16
21,0,32,0,32
21,0,64,0,64
21,1,-64,0,64
21,1,-32,0,32
21,1,-16,0,16
21,1,-1,0,1
21,1,0,0,1
21,1,1,0,1
21,1,16,0,16
21,1,32,0,32
21,1,64,0,64
21,16,-64,0,66
21,16,-32,0,36
21,16,-16,0,22
21,16,-1,0,16
21,16,0,0,16
21,16,1,0,16
21,16,16,0,22
21,16,32,0,36
21,16,64,0,66
21,32,-64,0,72
21,32,-32,0,44
21,32,-16,0,36
21,32,-1,0,32
21,32,0,0,32
21,32,1,0,32
21,32,16,0,36
21,32,32,0,44
21,32,64,0,72
21,64,-64,0,88
21,64,-32,0,72
21,64,-16,0,66
21,64,-1,0,64
21,64,0,0,64
21,64,1,0,64
21,64,16,0,66
21,64,32,0,72
21,64,64,0,88
22,-64,-64,0,88
22,-64,-32,0,72
22,-64,-16,0,66
22,-64,-1,0,64
22,-64,0,0,64
22,-64,1,0,64
22,-64,16,0,66
22,-64,32,0,72
22,-64,64,0,88
22,-32,-64,0,72
22,-32,-32,0,44
22,-32,-16,0,36
22,-32,-1,0,32
22,-32,0,0,32
22,-32,1,0,32
22,-32,16,0,36
22,-32,32,0,44
22,-32,64,0,72
22,-16,-64,0,66
22,-16,-32,0,36
22,-16,-16,0,22
22,-16,-1,0,16
22,-16,0,0,16
22,-16,1,0,16
22,-16,16,0,22
22,-16,32,0,36
22,-16,64,0,66
22,-1,-64,0,64
22,-1,-32,0,32
22,-1,-16,0,16
22,-1,-1,0,1
22,-1,0,0,1
22,-1,1,0,1
22,-1,16,0,16
22,-1,32,0,32
22,-1,64,0,64
22,0,-64,0,64
22,0,-32,0,32
22,0,-16,0,16
22,0,-1,0,1
22,0,0,0,0
22,0,1,0,1
22,0,16,0,16
22,0,32,0,32
22,0,64,0,64
22,1,-64,0,64
22,1,-32,0,32
22,1,-16,0,16
22,1,-1,0,1
22,1,0,0,1
22,1,1,0,1
22,1,16,0,16
22,1,32,0,32
22,1,64,0,64
22,16,-64,0,66
22,16,-32,0,36
22,16,-16,0,22
22,16,-1,0,16
22,16,0,0,16
22,16,1,0,16
22,16,16,0,22
22,16,32,0,36
22,16,64,0,66
22,32,-64,0,72
22,32,-32,0,44
22,32,-16,0,36
22,32,-1,0,32
22,32,0,0,32
22,32,1,0,32
22,32,16,0,36
22,32,32,0,44
22,32,64,0,72
22,64,-64,0,88
22,64,-32,0,72
22,64,-16,0,66
22,64,-1,0,64
22,64,0,0,64
22,64,1,0,64
22,64,16,0,66
22,64,32,0,72
22,64,64,0,88
23,-64,-64,0,88
23,-64,-32,0,72
23,-64,-16,0,66
23,-64,-1,0,64
23,-64,0,0,64
23,-64,1,0,64
23,-64,16,0,66
23,-64,32,0,72
23,-64,64,0,88
23,-32,-64,0,72
23,-32,-32,0,44
23,-32,-16,0,36
23,-32,-1,0,32
23,-32,0,0,32
23,-32,1,0,32
23,-32,16,0,36
23,-32,32,0,44
23,-32,64,0,72
23,-16,-64,0,66
23,-16,-32,0,36
23,-16,-16,0,22
23,-16,-1,0,16
23,-16,0,0,16
23,-16,1,0,16
23,-16,16,0,22
23,-16,32,0,36
23,-16,64,0,66
23,-1,-64,0,64
23,-1,-32,0,32
23,-1,-16,0,16
23,-1,-1,0,1
23,-1,0,0,1
23,-1,1,0,1
23,-1,16,0,16
23,-1,32,0,32
23,-1,64,0,64
23,0,-64,0,64
23,0,-32,0,32
23,0,-16,0,16
23,0,-1,0,1
23,0,0,0,0
23,0,1,0,1
23,0,16,0,16
23,0,32,0,32
23,0,64,0,64
23,1,-64,0,64
23,1,-32,0,32
23,1,-16,0,16
23,1,-1,0,1
23,1,0,0,1
23,1,1,0,1
23,1,16,0,16
23,1,32,0,32
23,1,64,0,64
23,16,-64,0,66
23,16,-32,0,36
23,16,-16,0,22
23,16,-1,0,16
23,16,0,0,16
23,16,1,0,16
23,16,16,0,22
23,16,32,0,36
23,16,64,0,66
23,32,-64,0,72
23,32,-32,0,44
23,32,-16,0,36
23,32,-1,0,32
23,32,0,0,32
23,32,1,0,32
23,32,16,0,36
23,32,32,0,44
23,32,64,0,72
23,64,-64,0,88
23,64,-32,0,72
23,64,-16,0,66
23,64,-1,0,64
23,64,0,0,64
23,64,1,0,64
23,64,16,0,66
23,64,32,0,72
23,64,64,0,88
24,-64,-64,0,88
24,-64,-32,0,72
24,-64,-16,0,66
24,-64,-1,0,64
24,-64,0,0,64
24,-64,1,0,64
24,-64,16,0,66
24,-64,32,0,72
24,-64,64,0,88
24,-32,-64,0,72
24,-32,-32,0,44
24,-32,-16,0,36
24,-32,-1,0,32
24,-32,0,0,32
24,-32,1,0,32
24,-32,16,0,36
24,-32,32,0,44
24,-32,64,0,72
24,-16,-64,0,66
24,-16,-32,0,36
24,-16,-16,0,22
24,-16,-1,0,16
24,-16,0,0,16
24,-16,1,0,16
24,-16,16,0,22
24,-16,32,0,36
24,-16,64,0,66
24,-1,-64,0,64
24,-1,-32,0,32
24,-1,-16,0,16
24,-1,-1,0,1
24,-1,0,0,1
24,-1,1,0,1
24,-1,16,0,16
24,-1,32,0,32
24,-1,64,0,64
24,0,-64,0,64
24,0,-32,0,32
24,0,-16,0,16
24,0,-1,0,1
24,0,0,0,0
24,0,1,0,1
24,0,16,0,16
24,0,32,0,32
24,0,64,0,64
24,1,-64,0,64
24,1,-32,0,32
24,1,-16,0,16
24,1,-1,0,1
24,1,0,0,1
24,1,1,0,1
24,1,16,0,16
24,1,32,0,32
24,1,64,0,64
24,16,-64,0,66
24,16,-32,0,36
24,16,-16,0,22
24,16,-1,0,16
24,16,0,0,16
24,16,1,0,16
24,16,16,0,22
24,16,32,0,36
24,16,64,0,66
24,32,-64,0,72
24,32,-32,0,44
24,32,-16,0,36
24,32,-1,0,32
24,32,0,0,32
24,32,1,0,32
24,32,16,0,36
24,32,32,0,44
24,32,64,0,72
24,64,-64,0,88
24,64,-32,0,72
24,64,-16,0,66
24,64,-1,0,64
24,64,0,0,64
24,64,1,0,64
24,64,16,0,66
24,64,32,0,72
24,64,64,0,88
25,-64,-64,0,88
25,-64,-32,0,72
25,-64,-16,0,66
25,-64,-1,0,64
25,-64,0,0,64
25,-64,1,0,64
25,-64,16,0,66
25,-64,32,0,72
25,-64,64,0,88
25,-32,-64,0,72
25,-32,-32,0,44
25,-32,-16,0,36
25,-32,-1,0,32
25,-32,0,0,32
25,-32,1,0,32
25,-32,16,0,36
25,-32,32,0,44
25,-32,64,0,72
25,-16,-64,0,66
25,-16,-32,0,36
25,-16,-16,0,22
25,-16,-1,0,16
25,-16,0,0,16
25,-16,1,0,16
25,-16,16,0,22
25,-16,32,0,36
25,-16,64,0,66
25,-1,-64,0,64
25,-1,-32,0,32
25,-1,-16,0,16
25,-1,-1,0,1
25,-1,0,0,1
25,-1,1,0,1
25,-1,16,0,16
25,-1,32,0,32
25,-1,64,0,64
25,0,-64,0,64
25,0,-32,0,32
25,0,-16,0,16
25,0,-1,0,1
25,0,0,0,0
25,0,1,0,1
25,0,16,0,16
25,0,32,0,32
25,0,64,0,64
25,1,-64,0,64
25,1,-32,0,32
25,1,-16,0,16
25,1,-1,0,1
25,1,0,0,1
25,1,1,0,1
25,1,16,0,16
25,1,32,0,32
25,1,64,0,64
25,16,-64,0,66
25,16,-32,0,36
25,16,-16,0,22
25,16,-1,0,16
25,16,0,0,16
25,16,1,0,16
25,16,16,0,22
25,16,32,0,36
25,16,64,0,66
25,32,-64,0,72
25,32,-32,0,44
25,32,-16,0,36
25,32,-1,0,32
25,32,0,0,32
25,32,1,0,32
25,32,16,0,36
25,32,32,0,44
25,32,64,0,72
25,64,-64,0,88
25,64,-32,0,72
25,64,-16,0,66
25,64,-1,0,64
25,64,0,0,64
25,64,1,0,64
25,64,16,0,66
25,64,32,0,72
25,64,64,0,88
26,-64,-64,0,88
26,-64,-32,0,72
26,-64,-16,0,66
26,-64,-1,0,64
26,-64,0,0,64
26,-64,1,0,64
26,-64,16,0,66
26,-64,32,0,72
26,-64,64,0,88
26,-32,-64,0,72
26,-32,-32,0,44
26,-32,-16,0,36
26,-32,-1,0,32
26,-32,0,0,32
26,-32,1,0,32
26,-32,16,0,36
26,-32,32,0,44
26,-32,64,0,72
26,-16,-64,0,66
26,-16,-32,0,36
26,-16,-16,0,22
26,-16,-1,0,16
26,-16,0,0,16
26,-16,1,0,16
26,-16,16,0,22
26,-16,32,0,36
26,-16,64,0,66
26,-1,-64,0,64
26,-1,-32,0,32
26,-1,-16,0,16
26,-1,-1,0,1
26,-1,0,0,1
26,-1,1,0,1
26,-1,16,0,16
26,-1,32,0,32
26,-1,64,0,64
26,0,-64,0,64
26,0,-32,0,32
26,0,-16,0,16
26,0,-1,0,1
26,0,0,0,0
26,0,1,0,1
26,0,16,0,16
26,0,32,0,32
26,0,64,0,64
26,1,-64,0,64
26,1,-32,0,32
26,1,-16,0,16
26,1,-1,0,1
26,1,0,0,1
26,1,1,0,1
26,1,16,0,16
26,1,32,0,32
26,1,64,0,64
26,16,-64,0,66
26,16,-32,0,36
26,16,-16,0,22
26,16,-1,0,16
26,16,0,0,16
26,16,1,0,16
26,16,16,0,22
26,16,32,0,36
26,16,64,0,66
26,32,-64,0,72
26,32,-32,0,44
26,32,-16,0,36
26,32,-1,0,32
26,32,0,0,32
26,32,1,0,32
26,32,16,0,36
26,32,32,0,44
26,32,64,0,72
26,64,-64,0,88
26,64,-32,0,72
26,64,-16,0,66
26,64,-1,0,64
26,64,0,0,64
26,64,1,0,64
26,64,16,0,66
26,64,32,0,72
26,64,64,0,88
27,-64,-64,0,88
27,-64,-32,0,72
27,-64,-16,0,66
27,-64,-1,0,64
27,-64,0,0,64
27,-64,1,0,64
27,-64,16,0,66
27,-64,32,0,72
27,-64,64,0,88
27,-32,-64,0,72
27,-32,-32,0,44
27,-32,-16,0,36
27,-32,-1,0,32
27,-32,0,0,32
27,-32,1,0,32
27,-32,16,0,36
27,-32,32,0,44
27,-32,64,0,72
27,-16,-64,0,66
27,-16,-32,0,36
27,-16,-16,0,22
27,-16,-1,0,16
27,-16,0,0,16
27,-16,1,0,16
27,-16,16,0,22
27,-16,32,0,36
27,-16,64,0,66
27,-1,-64,0,64
27,-1,-32,0,32
27,-1,-16,0,16
27,-1,-1,0,1
27,-1,0,0,1
27,-1,1,0,1
27,-1,16,0,16
27,-1,32,0,32
27,-1,64,0,64
27,0,-64,0,64
27,0,-32,0,32
27,0,-16,0,16
27,0,-1,0,1
27,0,0,0,0
27,0,1,0,1
27,0,16,0,16
27,0,32,0,32
27,0,64,0,64
27,1,-64,0,64
27,1,-32,0,32
27,1,-16,0,16
27,1,-1,0,1
27,1,0,0,1
27,1,1,0,1
27,1,16,0,16
27,1,32,0,32
27,1,64,0,64
27,16,-64,0,66
27,16,-32,0,36
27,16,-16,0,22
27,16,-1,0,16
27,16,0,0,16
27,16,1,0,16
27,16,16,0,22
27,16,32,0,36
27,16,64,0,66
27,32,-64,0,72
27,32,-32,0,44
27,32,-16,0,36
27,32,-1,0,32
27,32,0,0,32
27,32,1,0,32
27,32,16,0,36
27,32,32,0,44
27,32,64,0,72
27,64,-64,0,88
27,64,-32,0,72
27,64,-16,0,66
27,64,-1,0,64
27,64,0,0,64
27,64,1,0,64
27,64,16,0,66
27,64,32,0,72
27,64,64,0,88
28,-64,-64,0,88
28,-64,-32,0,72
28,-64,-16,0,66
28,-64,-1,0,64
28,-64,0,0,64
28,-64,1,0,64
28,-64,16,0,66
28,-64,32,0,72
28,-64,64,0,88
28,-32,-64,0,72
28,-32,-32,0,44
28,-32,-16,0,36
28,-32,-1,0,32
28,-32,0,0,32
28,-32,1,0,32
28,-32,16,0,36
28,-32,32,0,44
28,-32,64,0,72
28,-16,-64,0,66
28,-16,-32,0,36
28,-16,-16,0,22
28,-16,-1,0,16
28,-16,0,0,16
28,-16,1,0,16
28,-16,16,0,22
28,-16,32,0,36
28,-16,64,0,66
28,-1,-64,0,64
28,-1,-32,0,32
28,-1,-16,0,16
28,-1,-1,0,1
28,-1,0,0,1
28,-1,1,0,1
28,-1,16,0,16
28,-1,32,0,32
28,-1,64,0,64
28,0,-64,0,64
28,0,-32,0,32
28,0,-16,0,16
28,0,-1,0,1
28,0,0,0,0
28,0,1,0,1
28,0,16,0,16
28,0,32,0,32
28,0,64,0,64
28,1,-64,0,64
28,1,-32,0,32
28,1,-16,0,16
28,1,-1,0,1
28,1,0,0,1
28,1,1,0,1
28,1,16,0,16
28,1,32,0,32
28,1,64,0,64
28,16,-64,0,66
28,16,-32,0,36
28,16,-16,0,22
28,16,-1,0,16
28,16,0,0,16
28,16,1,0,16
28,16,16,0,22
28,16,32,0,36
28,16,64,0,66
28,32,-64,0,72
28,32,-32,0,44
28,32,-16,0,36
28,32,-1,0,32
28,32,0,0,32
28,32,1,0,32
28,32,16,0,36
28,32,32,0,44
28,32,64,0,72
28,64,-64,0,88
28,64,-32,0,72
28,64,-16,0,66
28,64,-1,0,64
28,64,0,0,64
28,64,1,0,64
28,64,16,0,66
28,64,32,0,72
28,64,64,0,88
29,-64,-64,0,88
29,-64,-32,0,72
29,-64,-16,0,66
29,-64,-1,0,64
29,-64,0,0,64
29,-64,1,0,64
29,-64,16,0,66
29,-64,32,0,72
29,-64,64,0,88
29,-32,-64,0,72
29,-32,-32,0,44
29,-32,-16,0,36
29,-32,-1,0,32
29,-32,0,0,32
29,-32,1,0,32
29,-32,16,0,36
29,-32,32,0,44
29,-32,64,0,72
29,-16,-64,0,66
29,-16,-32,0,36
29,-16,-16,0,22
29,-16,-1,0,16
29,-16,0,0,16
29,-16,1,0,16
29,-16,16,0,22
29,-16,32,0,36
29,-16,64,0,66
29,-1,-64,0,64
29,-1,-32,0,32
29,-1,-16,0,16
29,-1,-1,0,1
29,-1,0,0,1
29,-1,1,0,1
29,-1,16,0,16
29,-1,32,0,32
29,-1,64,0,64
29,0,-64,0,64
29,0,-32,0,32
29,0,-16,0,16
29,0,-1,0,1
29,0,0,0,0
29,0,1,0,1
29,0,16,0,16
29,0,32,0,32
29,0,64,0,64
29,1,-64,0,64
29,1,-32,0,32
29,1,-16,0,16
29,1,-1,0,1
29,1,0,0,1
29,1,1,0,1
29,1,16,0,16
29,1,32,0,32
29,1,64,0,64
29,16,-64,0,66
29,16,-32,0,36
29,16,-16,0,22
29,16,-1,0,16
29,16,0,0,16
29,16,1,0,16
29,16,16,0,22
29,16,32,0,36
29,16,64,0,66
29,32,-64,0,72
29,32,-32,0,44
29,32,-16,0,36
29,32,-1,0,32
29,32,0,0,32
29,32,1,0,32
29,32,16,0,36
29,32,32,0,44
29,32,64,0,72
29,64,-64,0,88
29,64,-32,0,72
29,64,-16,0,66
29,64,-1,0,64
29,64,0,0,64
29,64,1,0,64
29,64,16,0,66
29,64,32,0,72
29,64,64,0,88
30,-64,-64,0,88
30,-64,-32,0,72
30,-64,-16,0,66
30,-64,-1,0,64
30,-64,0,0,64
30,-64,1,0,64
30,-64,16,0,66
30,-64,32,0,72
30,-64,64,0,88
30,-32,-64,0,72
30,-32,-32,0,44
30,-32,-16,0,36
30,-32,-1,0,32
30,-32,0,0,32
30,-32,1,0,32
30,-32,16,0,36
30,-32,32,0,44
30,-32,64,0,72
30,-16,-64,0,66
30,-16,-32,0,36
30,-16,-16,0,22
30,-16,-1,0,16
30,-16,0,0,16
30,-16,1,0,16
30,-16,16,0,22
30,-16,32,0,36
30,-16,64,0,66
30,-1,-64,0,64
30,-1,-32,0,32
30,-1,-16,0,16
30,-1,-1,0,1
30,-1,0,0,1
30,-1,1,0,1
30,-1,16,0,16
30,-1,32,0,32
30,-1,64,0,64
30,0,-64,0,64
30,0,-32,0,32
30,0,-16,0,16
30,0,-1,0,1
30,0,0,0,0
30,0,1,0,1
30,0,16,0,16
30,0,32,0,32
30,0,64,0,64
30,1,-64,0,64
30,1,-32,0,32
30,1,-16,0,16
30,1,-1,0,1
30,1,0,0,1
30,1,1,0,1
30,1,16,0,16
30,1,32,0,32
30,1,64,0,64
30,16,-64,0,66
30,16,-32,0,36
30,16,-16,0,22
30,16,-1,0,16
30,16,0,0,16
30,16,1,0,16
30,16,16,0,22
30,16,32,0,36
30,16,64,0,66
30,32,-64,0,72
30,32,-32,0,44
30,32,-16,0,36
30,32,-1,0,32
30,32,0,0,32
30,32,1,0,32
30,32,16,0,36
30,32,32,0,44
30,32,64,0,72
30,64,-64,0,88
30,64,-32,0,72
30,64,-16,0,66
30,64,-1,0,64
30,64,0,0,64
30,64,1,0,64
30,64,16,0,66
30,64,32,0,72
30,64,64,0,88
31,-64,-64,0,88
31,-64,-32,0,72
31,-64,-16,0,66
31,-64,-1,0,64
31,-64,0,0,64
31,-64,1,0,64
31,-64,16,0,66
31,-64,32,0,72
31,-64,64,0,88
31,-32,-64,0,72
31,-32,-32,0,44
31,-32,-16,0,36
31,-32,-1,0,32
31,-32,0,0,32
31,-32,1,0,32
31,-32,16,0,36
31,-32,32,0,44
31,-32,64,0,72
31,-16,-64,0,66
31,-16,-32,0,36
31,-16,-16,0,22
31,-16,-1,0,16
31,-16,0,0,16
31,-16,1,0,16
31,-16,16,0,22
31,-16,32,0,36
31,-16,64,0,66
31,-1,-64,0,64
31,-1,-32,0,32
31,-1,-16,0,16
31,-1,-1,0,1
31,-1,0,0,1
31,-1,1,0,1
31,-1,16,0,16
31,-1,32,0,32
31,-1,64,0,64
31,0,-64,0,64
31,0,-32,0,32
31,0,-16,0,16
31,0,-1,0,1
31,0,0,0,0
31,0,1,0,1
31,0,16,0,16
31,0,32,0,32
31,0,64,0,64
31,1,-64,0,64
31,1,-32,0,32
31,1,-16,0,16
31,1,-1,0,1
31,1,0,0,1
31,1,1,0,1
31,1,16,0,16
31,1,32,0,32
31,1,64,0,64
31,16,-64,0,66
31,16,-32,0,36
31,16,-16,0,22
31,16,-1,0,16
31,16,0,0,16
31,16,1,0,16
31,16,16,0,22
31,16,32,0,36
31,16,64,0,66
31,32,-64,0,72
31,32,-32,0,44
31,32,-16,0,36
31,32,-1,0,32
31,32,0,0,32
31,32,1,0,32
31,32,16,0,36
31,32,32,0,44
31,32,64,0,72
31,64,-64,0,88
31,64,-32,0,72
31,64,-16,0,66
31,64,-1,0,64
31,64,0,0,64
31,64,1,0,64
31,64,16,0,66
31,64,32,0,72
31,64,64,0,88
32,-64,-64,0,88
32,-64,-32,0,72
32,-64,-16,0,66
32,-64,-1,0,64
32,-64,0,0,64
32,-64,1,0,64
32,-64,16,0,66
32,-64,32,0,72
32,-64,64,0,88
32,-32,-64,0,72
32,-32,-32,0,44
32,-32,-16,0,36
32,-32,-1,0,32
32,-32,0,0,32
32,-32,1,0,32
32,-32,16,0,36
32,-32,32,0,44
32,-32,64,0,72
32,-16,-64,0,66
32,-16,-32,0,36
32,-16,-16,0,22
32,-16,-1,0,16
32,-16,0,0,16
32,-16,1,0,16
32,-16,16,0,22
32,-16,32,0,36
32,-16,64,0,66
32,-1,-64,0,64
32,-1,-32,0,32
32,-1,-16,0,16
32,-1,-1,0,1
32,-1,0,0,1
32,-1,1,0,1
32,-1,16,0,16
32,-1,32,0,32
32,-1,64,0,64
32,0,-64,0,64
32,0,-32,0,32
32,0,-16,0,16
32,0,-1,0,1
32,0,0,0,0
32,0,1,0,1
32,0,16,0,16
32,0,32,0,32
32,0,64,0,64
32,1,-64,0,64
32,1,-32,0,32
32,1,-16,0,16
32,1,-1,0,1
32,1,0,0,1
32,1,1,0,1
32,1,16,0,16
32,1,32,0,32
32,1,64,0,64
32,16,-64,0,66
32,16,-32,0,36
32,16,-16,0,22
32,16,-1,0,16
32,16,0,0,16
32,16,1,0,16
32,16,16,0,22
32,16,32,0,36
32,16,64,0,66
32,32,-64,0,72
32,32,-32,0,44
32,32,-16,0,36
32,32,-1,0,32
32,32,0,0,32
32,32,1,0,32
32,32,16,0,36
32,32,32,0,44
32,32,64,0,72
32,64,-64,0,88
32,64,-32,0,72
32,64,-16,0,66
32,64,-1,0,64
32,64,0,0,64
32,64,1,0,64
32,64,16,0,66
32,64,32,0,72
32,64,64,0,88
33,-64,-64,0,88
33,-64,-32,0,72
33,-64,-16,0,66
33,-64,-1,0,64
33,-64,0,0,64
33,-64,1,0,64
33,-64,16,0,66
33,-64,32,0,72
33,-64,64,0,88
33,-32,-64,0,72
33,-32,-32,0,44
33,-32,-16,0,36
33,-32,-1,0,32
33,-32,0,0,32
33,-32,1,0,32
33,-32,16,0,36
33,-32,32,0,44
33,-32,64,0,72
33,-16,-64,0,66
33,-16,-32,0,36
33,-16,-16,0,22
33,-16,-1,0,16
33,-16,0,0,16
33,-16,1,0,16
33,-16,16,0,22
33,-16,32,0,36
33,-16,64,0,66
33,-1,-64,0,64
33,-1,-32,0,32
33,-1,-16,0,16
33,-1,-1,0,1
33,-1,0,0,1
33,-1,1,0,1
33,-1,16,0,16
33,-1,32,0,32
33,-1,64,0,64
33,0,-64,0,64
33,0,-32,0,32
33,0,-16,0,16
33,0,-1,0,1
33,0,0,0,0
33,0,1,0,1
33,0,16,0,16
33,0,32,0,32
33,0,64,0,64
33,1,-64,0,64
33,1,-32,0,32
33,1,-16,0,16
33,1,-1,0,1
33,1,0,0,1
33,1,1,0,1
33,1,16,0,16
33,1,32,0,32
33,1,64,0,64
33,16,-64,0,66
33,16,-32,0,36
33,16,-16,0,22
33,16,-1,0,16
33,16,0,0,16
33,16,1,0,16
33,16,16,0,22
33,16,32,0,36
33,16,64,0,66
33,32,-64,0,72
33,32,-32,0,44
33,32,-16,0,36
33,32,-1,0,32
33,32,0,0,32
33,32,1,0,32
33,32,16,0,36
33,32,32,0,44
33,32,64,0,72
33,64,-64,0,88
33,64,-32,0,72
33,64,-16,0,66
33,64,-1,0,64
33,64,0,0,64
33,64,1,0,64
33,64,16,0,66
33,64,32,0,72
33,64,64,0,88
34,-64,-64,0,88
34,-64,-32,0,72
34,-64,-16,0,66
34,-64,-1,0,64
34,-64,0,0,64
34,-64,1,0,64
34,-64,16,0,66
34,-64,32,0,72
34,-64,64,0,88
34,-32,-64,0,72
34,-32,-32,0,44
34,-32,-16,0,36
34,-32,-1,0,32
34,-32,0,0,32
34,-32,1,0,32
34,-32,16,0,36
34,-32,32,0,44
34,-32,64,0,72
34,-16,-64,0,66
34,-16,-32,0,36
34,-16,-16,0,22
34,-16,-1,0,16
34,-16,0,0,16
34,-16,1,0,16
34,-16,16,0,22
34,-16,32,0,36
34,-16,64,0,66
34,-1,-64,0,64
34,-1,-32,0,32
34,-1,-16,0,16
34,-1,-1,0,1
34,-1,0,0,1
34,-1,1,0,1
34,-1,16,0,16
34,-1,32,0,32
34,-1,64,0,64
34,0,-64,0,64
34,0,-32,0,32
34,0,-16,0,16
34,0,-1,0,1
34,0,0,0,0
34,0,1,0,1
34,0,16,0,16
34,0,32,0,32
34,0,64,0,64
34,1,-64,0,64
34,1,-32,0,32
34,1,-16,0,16
34,1,-1,0,1
34,1,0,0,1
34,1,1,0,1
34,1,16,0,16
34,1,32,0,32
34,1,64,0,64
34,16,-64,0,66
34,16,-32,0,36
34,16,-16,0,22
34,16,-1,0,16
34,16,0,0,16
34,16,1,0,16
34,16,16,0,22
34,16,32,0,36
34,16,64,0,66
34,32,-64,0,72
34,32,-32,0,44
34,32,-16,0,36
34,32,-1,0,32
34,32,0,0,32
34,32,1,0,32
34,32,16,0,36
34,32,32,0,44
34,32,64,0,72
34,64,-64,0,88
34,64,-32,0,72
34,64,-16,0,66
34,64,-1,0,64
34,64,0,0,64
34,64,1,0,64
34,64,16,0,66
34,64,32,0,72
34,64,64,0,88
35,-64,-64,0,88
35,-64,-32,0,72
35,-64,-16,0,66
35,-64,-1,0,64
35,-64,0,0,64
35,-64,1,0,64
35,-64,16,0,66
35,-64,32,0,72
35,-64,64,0,88
35,-32,-64,0,72
35,-32,-32,0,44
35,-32,-16,0,36
35,-32,-1,0,32
35,-32,0,0,32
35,-32,1,0,32
35,-32,16,0,36
35,-32,32,0,44
35,-32,64,0,72
35,-16,-64,0,66
35,-16,-32,0,36
35,-16,-16,0,22
35,-16,-1,0,16
35,-16,0,0,16
35,-16,1,0,16
35,-16,16,0,22
35,-16,32,0,36
35,-16,64,0,66
35,-1,-64,0,64
35,-1,-32,0,32
35,-1,-16,0,16
35,-1,-1,0,1
35,-1,0,0,1
35,-1,1,0,1
35,-1,16,0,16
35,-1,32,0,32
35,-1,64,0,64
35,0,-64,0,64
35,0,-32,0,32
35,0,-16,0,16
35,0,-1,0,1
35,0,0,0,0
35,0,1,0,1
35,0,16,0,16
35,0,32,0,32
35,0,64,0,64
35,1,-64,0,64
35,1,-32,0,32
35,1,-16,0,16
35,1,-1,0,1
35,1,0,0,1
35,1,1,0,1
35,1,16,0,16
35,1,32,0,32
35,1,64,0,64
35,16,-64,0,66
35,16,-32,0,36
35,16,-16,0,22
35,16,-1,0,16
35,16,0,0,16
35,16,1,0,16
35,16,16,0,22
35,16,32,0,36
35,16,64,0,66
35,32,-64,0,72
35,32,-32,0,44
35,32,-16,0,36
35,32,-1,0,32
35,32,0,0,32
35,32,1,0,32
35,32,16,0,36
35,32,32,0,44
35,32,64,0,72
35,64,-64,0,88
35,64,-32,0,72
35,64,-16,0,66
35,64,-1,0,64
35,64,0,0,64
35,64,1,0,64
35,64,16,0,66
35,64,32,0,72
35,64,64,0,88
36,-64,-64,0,88
36,-64,-32,0,72
36,-64,-16,0,66
36,-64,-1,0,64
36,-64,0,0,64
36,-64,1,0,64
36,-64,16,0,66
36,-64,32,0,72
36,-64,64,0,88
36,-32,-64,0,72
36,-32,-32,0,44
36,-32,-16,0,36
36,-32,-1,0,32
36,-32,0,0,32
36,-32,1,0,32
36,-32,16,0,36
36,-32,32,0,44
36,-32,64,0,72
36,-16,-64,0,66
36,-16,-32,0,36
36,-16,-16,0,22
36,-16,-1,0,16
36,-16,0,0,16
36,-16,1,0,16
36,-16,16,0,22
36,-16,32,0,36
36,-16,64,0,66
36,-1,-64,0,64
36,-1,-32,0,32
36,-1,-16,0,16
36,-1,-1,0,1
36,-1,0,0,1
36,-1,1,0,1
36,-1,16,0,16
36,-1,32,0,32
36,-1,64,0,64
36,0,-64,0,64
36,0,-32,0,32
36,0,-16,0,16
36,0,-1,0,1
36,0,0,0,0
36,0,1,0,1
36,0,16,0,16
36,0,32,0,32
36,0,64,0,64
36,1,-64,0,64
36,1,-32,0,32
36,1,-16,0,16
36,1,-1,0,1
36,1,0,0,1
36,1,1,0,1
36,1,16,0,16
36,1,32,0,32
36,1,64,0,64
36,16,-64,0,66
36,16,-32,0,36
36,16,-16,0,22
36,16,-1,0,16
36,16,0,0,16
36,16,1,0,16
36,16,16,0,22
36,16,32,0,36
36,16,64,0,66
36,32,-64,0,72
36,32,-32,0,44
36,32,-16,0,36
36,32,-1,0,32
36,32,0,0,32
36,32,1,0,32
36,32,16,0,36
36,32,32,0,44
36,32,64,0,72
36,64,-64,0,88
36,64,-32,0,72
36,64,-16,0,66
36,64,-1,0,64
36,64,0,0,64
36,64,1,0,64
36,64,16,0,66
36,64,32,0,72
36,64,64,0,88
37,-64,-64,0,88
37,-64,-32,0,72
37,-64,-16,0,66
37,-64,-1,0,64
37,-64,0,0,64
37,-64,1,0,64
37,-64,16,0,66
37,-64,32,0,72
37,-64,64,0,88
37,-32,-64,0,72
37,-32,-32,0,44
37,-32,-16,0,36
37,-32,-1,0,32
37,-32,0,0,32
37,-32,1,0,32
37,-32,16,0,36
37,-32,32,0,44
37,-32,64,0,72
37,-16,-64,0,66
37,-16,-32,0,36
37,-16,-16,0,22
37,-16,-1,0,16
37,-16,0,0,16
37,-16,1,0,16
37,-16,16,0,22
37,-16,32,0,36
37,-16,64,0,66
37,-1,-64,0,64
37,-1,-32,0,32
37,-1,-16,0,16
37,-1,-1,0,1
37,-1,0,0,1
37,-1,1,0,1
37,-1,16,0,16
37,-1,32,0,32
37,-1,64,0,64
37,0,-64,0,64
37,0,-32,0,32
37,0,-16,0,16
37,0,-1,0,1
37,0,0,0,0
37,0,1,0,1
37,0,16,0,16
37,0,32,0,32
37,0,64,0,64
37,1,-64,0,64
37,1,-32,0,32
37,1,-16,0,16
37,1,-1,0,1
37,1,0,0,1
37,1,1,0,1
37,1,16,0,16
37,1,32,0,32
37,1,64,0,64
37,16,-64,0,66
37,16,-32,0,36
37,16,-16,0,22
37,16,-1,0,16
37,16,0,0,16
37,16,1,0,16
37,16,16,0,22
37,16,32,0,36
37,16,64,0,66
37,32,-64,0,72
37,32,-32,0,44
37,32,-16,0,36
37,32,-1,0,32
37,32,0,0,32
37,32,1,0,32
37,32,16,0,36
37,32,32,0,44
37,32,64,0,72
37,64,-64,0,88
37,64,-32,0,72
37,64,-16,0,66
37,64,-1,0,64
37,64,0,0,64
37,64,1,0,64
37,64,16,0,66
37,64,32,0,72
37,64,64,0,88
38,-64,-64,0,88
38,-64,-32,0,72
38,-64,-16,0,66
38,-64,-1,0,64
38,-64,0,0,64
38,-64,1,0,64
38,-64,16,0,66
38,-64,32,0,72
38,-64,64,0,88
38,-32,-64,0,72
38,-32,-32,0,44
38,-32,-16,0,36
38,-32,-1,0,32
38,-32,0,0,32
38,-32,1,0,32
38,-32,16,0,36
38,-32,32,0,44
38,-32,64,0,72
38,-16,-64,0,66
38,-16,-32,0,36
38,-16,-16,0,22
38,-16,-1,0,16
38,-16,0,0,16
38,-16,1,0,16
38,-16,16,0,22
38,-16,32,0,36
38,-16,64,0,66
38,-1,-64,0,64
38,-1,-32,0,32
38,-1,-16,0,16
38,-1,-1,0,1
38,-1,0,0,1
38,-1,1,0,1
38,-1,16,0,16
38,-1,32,0,32
38,-1,64,0,64
38,0,-64,0,64
38,0,-32,0,32
38,0,-16,0,16
38,0,-1,0,1
38,0,0,0,0
38,0,1,0,1
38,0,16,0,16
38,0,32,0,32
38,0,64,0,64
38,1,-64,0,64
38,1,-32,0,32
38,1,-16,0,16
38,1,-1,0,1
38,1,0,0,1
38,1,1,0,1
38,1,16,0,16
38,1,32,0,32
38,1,64,0,64
38,16,-64,0,66
38,16,-32,0,36
38,16,-16,0,22
38,16,-1,0,16
38,16,0,0,16
38,16,1,0,16
38,16,16,0,22
38,16,32,0,36
38,16,64,0,66
38,32,-64,0,72
38,32,-32,0,44
38,32,-16,0,36
38,32,-1,0,32
38,32,0,0,32
38,32,1,0,32
38,32,16,0,36
38,32,32,0,44
38,32,64,0,72
38,64,-64,0,88
38,64,-32,0,72
38,64,-16,0,66
38,64,-1,0,64
38,64,0,0,64
38,64,1,0,64
38,64,16,0,66
38,64,32,0,72
38,64,64,0,88
39,-64,-64,0,88
39,-64,-32,0,72
39,-64,-16,0,66
39,-64,-1,0,64
39,-64,0,0,64
39,-64,1,0,64
39,-64,16,0,66
39,-64,32,0,72
39,-64,64,0,88
39,-32,-64,0,72
39,-32,-32,0,44
39,-32,-16,0,36
39,-32,-1,0,32
39,-32,0,0,32
39,-32,1,0,32
39,-32,16,0,36
39,-32,32,0,44
39,-32,64,0,72
39,-16,-64,0,66
39,-16,-32,0,36
39,-16,-16,0,22
39,-16,-1,0,16
39,-16,0,0,16
39,-16,1,0,16
39,-16,16,0,22
39,-16,32,0,36
39,-16,64,0,66
39,-1,-64,0,64
39,-1,-32,0,32
39,-1,-16,0,16
39,-1,-1,0,1
39,-1,0,0,1
39,-1,1,0,1
39,-1,16,0,16
39,-1,32,0,32
39,-1,64,0,64
39,0,-64,0,64
39,0,-32,0,32
39,0,-16,0,16
39,0,-1,0,1
39,0,0,0,0
39,0,1,0,1
39,0,16,0,16
39,0,32,0,32
39,0,64,0,64
39,1,-64,0,64
39,1,-32,0,32
39,1,-16,0,16
39,1,-1,0,1
39,1,0,0,1
39,1,1,0,1
39,1,16,0,16
39,1,32,0,32
39,1,64,0,64
39,16,-64,0,66
39,16,-32,0,36
39,16,-16,0,22
39,16,-1,0,16
39,16,0,0,16
39,16,1,0,16
39,16,16,0,22
39,16,32,0,36
39,16,64,0,66
39,32,-64,0,72
39,32,-32,0,44
39,32,-16,0,36
39,32,-1,0,32
39,32,0,0,32
39,32,1,0,32
39,32,16,0,36
39,32,32,0,44
39,32,64,0,72
39,64,-64,0,88
39,64,-32,0,72
39,64,-16,0,66
39,64,-1,0,64
39,64,0,0,64
39,64,1,0,64
39,64,16,0,66
39,64,32,0,72
39,64,64,0,88
40,-64,-64,0,88
40,-64,-32,0,72
40,-64,-16,0,66
40,-64,-1,0,64
40,-64,0,0,64
40,-64,1,0,64
40,-64,16,0,66
40,-64,32,0,72
40,-64,64,0,88
40,-32,-64,0,72
40,-32,-32,0,44
40,-32,-16,0,36
40,-32,-1,0,32
40,-32,0,0,32
40,-32,1,0,32
40,-32,16,0,36
40,-32,32,0,44
40,-32,64,0,72
40,-16,-64,0,66
40,-16,-32,0,36
40,-16,-16,0,22
40,-16,-1,0,16
40,-16,0,0,16
40,-16,1,0,16
40,-16,16,0,22
40,-16,32,0,36
40,-16,64,0,66
40,-1,-64,0,64
40,-1,-32,0,32
40,-1,-16,0,16
40,-1,-1,0,1
40,-1,0,0,1
40,-1,1,0,1
40,-1,16,0,16
40,-1,32,0,32
40,-1,64,0,64
40,0,-64,0,64
40,0,-32,0,32
40,0,-16,0,16
40,0,-1,0,1
40,0,0,0,0
40,0,1,0,1
40,0,16,0,16
40,0,32,0,32
40,0,64,0,64
40,1,-64,0,64
40,1,-32,0,32
40,1,-16,0,16
40,1,-1,0,1
40,1,0,0,1
40,1,1,0,1
40,1,16,0,16
40,1,32,0,32
40,1,64,0,64
40,16,-64,0,66
40,16,-32,0,36
40,16,-16,0,22
40,16,-1,0,16
40,16,0,0,16
40,16,1,0,16
40,16,16,0,22
40,16,32,0,36
40,16,64,0,66
40,32,-64,0,72
40,32,-32,0,44
40,32,-16,0,36
40,32,-1,0,32
40,32,0,0,32
40,32,1,0,32
40,32,16,0,36
40,32,32,0,44
40,32,64,0,72
40,64,-64,0,88
40,64,-32,0,72
40,64,-16,0,66
40,64,-1,0,64
40,64,0,0,64
40,64,1,0,64
40,64,16,0,66
40,64,32,0,72
40,64,64,0,88
41,-64,-64,0,88
41,-64,-32,0,72
41,-64,-16,0,66
41,-64,-1,0,64
41,-64,0,0,64
41,-64,1,0,64
41,-64,16,0,66
41,-64,32,0,72
41,-64,64,0,88
41,-32,-64,0,72
41,-32,-32,0,44
41,-32,-16,0,36
41,-32,-1,0,32
41,-32,0,0,32
41,-32,1,0,32
41,-32,16,0,36
41,-32,32,0,44
41,-32,64,0,72
41,-16,-64,0,66
41,-16,-32,0,36
41,-16,-16,0,22
41,-16,-1,0,16
41,-16,0,0,16
41,-16,1,0,16
41,-16,16,0,22
41,-16,32,0,36
41,-16,64,0,66
41,-1,-64,0,64
41,-1,-32,0,32
41,-1,-16,0,16
41,-1,-1,0,1
41,-1,0,0,1
41,-1,1,0,1
41,-1,16,0,16
41,-1,32,0,32
41,-1,64,0,64
41,0,-64,0,64
41,0,-32,0,32
41,0,-16,0,16
41,0,-1,0,1
41,0,0,0,0
41,0,1,0,1
41,0,16,0,16
41,0,32,0,32
41,0,64,0,64
41,1,-64,0,64
41,1,-32,0,32
41,1,-16,0,16
41,1,-1,0,1
41,1,0,0,1
41,1,1,0,1
41,1,16,0,16
41,1,32,0,32
41,1,64,0,64
41,16,-64,0,66
41,16,-32,0,36
41,16,-16,0,22
41,16,-1,0,16
41,16,0,0,16
41,16,1,0,16
41,16,16,0,22
41,16,32,0,36
41,16,64,0,66
41,32,-64,0,72
41,32,-32,0,44
41,32,-16,0,36
41,32,-1,0,32
41,32,0,0,32
41,32,1,0,32
41,32,16,0,36
41,32,32,0,44
41,32,64,0,72
41,64,-64,0,88
41,64,-32,0,72
41,64,-16,0,66
41,64,-1,0,64
41,64,0,0,64
41,64,1,0,64
41,64,16,0,66
41,64,32,0,72
41,64,64,0,88
42,-64,-64,0,88
42,-64,-32,0,72
42,-64,-16,0,66
42,-64,-1,0,64
42,-64,0,0,64
42,-64,1,0,64
42,-64,16,0,66
42,-64,32,0,72
42,-64,64,0,88
42,-32,-64,0,72
42,-32,-32,0,44
42,-32,-16,0,36
42,-32,-1,0,32
42,-32,0,0,32
42,-32,1,0,32
42,-32,16,0,36
42,-32,32,0,44
42,-32,64,0,72
42,-16,-64,0,66
42,-16,-32,0,36
42,-16,-16,0,22
42,-16,-1,0,16
42,-16,0,0,16
42,-16,1,0,16
42,-16,16,0,22
42,-16,32,0,36
42,-16,64,0,66
42,-1,-64,0,64
42,-1,-32,0,32
42,-1,-16,0,16
42,-1,-1,0,1
42,-1,0,0,1
42,-1,1,0,1
42,-1,16,0,16
42,-1,32,0,32
42,-1,64,0,64
42,0,-64,0,64
42,0,-32,0,32
42,0,-16,0,16
42,0,-1,0,1
42,0,0,0,0
42,0,1,0,1
42,0,16,0,16
42,0,32,0,32
42,0,64,0,64
42,1,-64,0,64
42,1,-32,0,32
42,1,-16,0,16
42,1,-1,0,1
42,1,0,0,1
42,1,1,0,1
42,1,16,0,16
42,1,32,0,32
42,1,64,0,64
42,16,-64,0,66
42,16,-32,0,36
42,16,-16,0,22
42,16,-1,0,16
42,16,0,0,16
42,16,1,0,16
42,16,16,0,22
42,16,32,0,36
42,16,64,0,66
42,32,-64,0,72
42,32,-32,0,44
42,32,-16,0,36
42,32,-1,0,32
42,32,0,0,32
42,32,1,0,32
42,32,16,0,36
42,32,32,0,44
42,32,64,0,72
42,64,-64,0,88
42,64,-32,0,72
42,64,-16,0,66
42,64,-1,0,64
42,64,0,0,64
42,64,1,0,64
42,64,16,0,66
42,64,32,0,72
42,64,64,0,88
43,-64,-64,0,88
43,-64,-32,0,72
43,-64,-16,0,66
43,-64,-1,0,64
43,-64,0,0,64
43,-64,1,0,64
43,-64,16,0,66
43,-64,32,0,72
43,-64,64,0,88
43,-32,-64,0,72
43,-32,-32,0,44
43,-32,-16,0,36
43,-32,-1,0,32
43,-32,0,0,32
43,-32,1,0,32
43,-32,16,0,36
43,-32,32,0,44
43,-32,64,0,72
43,-16,-64,0,66
43,-16,-32,0,36
43,-16,-16,0,22
43,-16,-1,0,16
43,-16,0,0,16
43,-16,1,0,16
43,-16,16,0,22
43,-16,32,0,36
43,-16,64,0,66
43,-1,-64,0,64
43,-1,-32,0,32
43,-1,-16,0,16
43,-1,-1,0,1
43,-1,0,0,1
43,-1,1,0,1
43,-1,16,0,16
43,-1,32,0,32
43,-1,64,0,64
43,0,-64,0,64
43,0,-32,0,32
43,0,-16,0,16
43,0,-1,0,1
43,0,0,0,0
43,0,1,0,1
43,0,16,0,16
43,0,32,0,32
43,0,64,0,64
43,1,-64,0,64
43,1,-32,0,32
43,1,-16,0,16
43,1,-1,0,1
43,1,0,0,1
43,1,1,0,1
43,1,16,0,16
43,1,32,0,32
43,1,64,0,64
43,16,-64,0,66
43,16,-32,0,36
43,16,-16,0,22
43,16,-1,0,16
43,16,0,0,16
43,16,1,0,16
43,16,16,0,22
43,16,32,0,36
43,16,64,0,66
43,32,-64,0,72
43,32,-32,0,44
43,32,-16,0,36
43,32,-1,0,32
43,32,0,0,32
43,32,1,0,32
43,32,16,0,36
43,32,32,0,44
43,32,64,0,72
43,64,-64,0,88
43,64,-32,0,72
43,64,-16,0,66
43,64,-1,0,64
43,64,0,0,64
43,64,1,0,64
43,64,16,0,66
43,64,32,0,72
43,64,64,0,88
44,-64,-64,0,88
44,-64,-32,0,72
44,-64,-16,0,66
44,-64,-1,0,64
44,-64,0,0,64
44,-64,1,0,64
44,-64,16,0,66
44,-64,32,0,72
44,-64,64,0,88
44,-32,-64,0,72
44,-32,-32,0,44
44,-32,-16,0,36
44,-32,-1,0,32
44,-32,0,0,32
44,-32,1,0,32
44,-32,16,0,36
44,-32,32,0,44
44,-32,64,0,72
44,-16,-64,0,66
44,-16,-32,0,36
44,-16,-16,0,22
44,-16,-1,0,16
44,-16,0,0,16
44,-16,1,0,16
44,-16,16,0,22
44,-16,32,0,36
44,-16,64,0,66
44,-1,-64,0,64
44,-1,-32,0,32
44,-1,-16,0,16
44,-1,-1,0,1
44,-1,0,0,1
44,-1,1,0,1
44,-1,16,0,16
44,-1,32,0,32
44,-1,64,0,64
44,0,-64,0,64
44,0,-32,0,32
44,0,-16,0,16
44,0,-1,0,1
44,0,0,0,0
44,0,1,0,1
44,0,16,0,16
44,0,32,0,32
44,0,64,0,64
44,1,-64,0,64
44,1,-32,0,32
44,1,-16,0,16
44,1,-1,0,1
44,1,0,0,1
44,1,1,0,1
44,1,16,0,16
44,1,32,0,32
44,1,64,0,64
44,16,-64,0,66
44,16,-32,0,36
44,16,-16,0,22
44,16,-1,0,16
44,16,0,0,16
44,16,1,0,16
44,16,16,0,22
44,16,32,0,36
44,16,64,0,66
44,32,-64,0,72
44,32,-32,0,44
44,32,-16,0,36
44,32,-1,0,32
44,32,0,0,32
44,32,1,0,32
44,32,16,0,36
44,32,32,0,44
44,32,64,0,72
44,64,-64,0,88
44,64,-32,0,72
44,64,-16,0,66
44,64,-1,0,64
44,64,0,0,64
44,64,1,0,64
44,64,16,0,66
44,64,32,0,72
44,64,64,0,88
45,-64,-64,0,88
45,-64,-32,0,72
45,-64,-16,0,66
45,-64,-1,0,64
45,-64,0,0,64
45,-64,1,0,64
45,-64,16,0,66
45,-64,32,0,72
45,-64,64,0,88
45,-32,-64,0,72
45,-32,-32,0,44
45,-32,-16,0,36
45,-32,-1,0,32
45,-32,0,0,32
45,-32,1,0,32
45,-32,16,0,36
45,-32,32,0,44
45,-32,64,0,72
45,-16,-64,0,66
45,-16,-32,0,36
45,-16,-16,0,22
45,-16,-1,0,16
45,-16,0,0,16
45,-16,1,0,16
45,-16,16,0,22
45,-16,32,0,36
45,-16,64,0,66
45,-1,-64,0,64
45,-1,-32,0,32
45,-1,-16,0,16
45,-1,-1,0,1
45,-1,0,0,1
45,-1,1,0,1
45,-1,16,0,16
45,-1,32,0,32
45,-1,64,0,64
45,0,-64,0,64
45,0,-32,0,32
45,0,-16,0,16
45,0,-1,0,1
45,0,0,0,0
45,0,1,0,1
45,0,16,0,16
45,0,32,0,32
45,0,64,0,64
45,1,-64,0,64
45,1,-32,0,32
45,1,-16,0,16
45,1,-1,0,1
45,1,0,0,1
45,1,1,0,1
45,1,16,0,16
45,1,32,0,32
45,1,64,0,64
45,16,-64,0,66
45,16,-32,0,36
45,16,-16,0,22
45,16,-1,0,16
45,16,0,0,16
45,16,1,0,16
45,16,16,0,22
45,16,32,0,36
45,16,64,0,66
45,32,-64,0,72
45,32,-32,0,44
45,32,-16,0,36
45,32,-1,0,32
45,32,0,0,32
45,32,1,0,32
45,32,16,0,36
45,32,32,0,44
45,32,64,0,72
45,64,-64,0,88
45,64,-32,0,72
45,64,-16,0,66
45,64,-1,0,64
45,64,0,0,64
45,64,1,0,64
45,64,16,0,66
45,64,32,0,72
45,64,64,0,88
46,-64,-64,0,88
46,-64,-32,0,72
46,-64,-16,0,66
46,-64,-1,0,64
46,-64,0,0,64
46,-64,1,0,64
46,-64,16,0,66
46,-64,32,0,72
46,-64,64,0,88
46,-32,-64,0,72
46,-32,-32,0,44
46,-32,-16,0,36
46,-32,-1,0,32
46,-32,0,0,32
46,-32,1,0,32
46,-32,16,0,36
46,-32,32,0,44
46,-32,64,0,72
46,-16,-64,0,66
46,-16,-32,0,36
46,-16,-16,0,22
46,-16,-1,0,16
46,-16,0,0,16
46,-16,1,0,16
46,-16,16,0,22
46,-16,32,0,36
46,-16,64,0,66
46,-1,-64,0,64
46,-1,-32,0,32
46,-1,-16,0,16
46,-1,-1,0,1
46,-1,0,0,1
46,-1,1,0,1
46,-1,16,0,16
46,-1,32,0,32
46,-1,64,0,64
46,0,-64,0,64
46,0,-32,0,32
46,0,-16,0,16
46,0,-1,0,1
46,0,0,0,0
46,0,1,0,1
46,0,16,0,16
46,0,32,0,32
46,0,64,0,64
46,1,-64,0,64
46,1,-32,0,32
46,1,-16,0,16
46,1,-1,0,1
46,1,0,0,1
46,1,1,0,1
46,1,16,0,16
46,1,32,0,32
46,1,64,0,64
46,16,-64,0,66
46,16,-32,0,36
46,16,-16,0,22
46,16,-1,0,16
46,16,0,0,16
46,16,1,0,16
46,16,16,0,22
46,16,32,0,36
46,16,64,0,66
46,32,-64,0,72
46,32,-32,0,44
46,32,-16,0,36
46,32,-1,0,32
46,32,0,0,32
46,32,1,0,32
46,32,16,0,36
46,32,32,0,44
46,32,64,0,72
46,64,-64,0,88
46,64,-32,0,72
46,64,-16,0,66
46,64,-1,0,64
46,64,0,0,64
46,64,1,0,64
46,64,16,0,66
46,64,32,0,72
46,64,64,0,88
47,-64,-64,0,88
47,-64,-32,0,72
47,-64,-16,0,66
47,-64,-1,0,64
47,-64,0,0,64
47,-64,1,0,64
47,-64,16,0,66
47,-64,32,0,72
47,-64,64,0,88
47,-32,-64,0,72
47,-32,-32,0,44
47,-32,-16,0,36
47,-32,-1,0,32
47,-32,0,0,32
47,-32,1,0,32
47,-32,16,0,36
47,-32,32,0,44
47,-32,64,0,72
47,-16,-64,0,66
47,-16,-32,0,36
47,-16,-16,0,22
47,-16,-1,0,16
47,-16,0,0,16
47,-16,1,0,16
47,-16,16,0,22
47,-16,32,0,36
47,-16,64,0,66
47,-1,-64,0,64
47,-1,-32,0,32
47,-1,-16,0,16
47,-1,-1,0,1
47,-1,0,0,1
47,-1,1,0,1
47,-1,16,0,16
47,-1,32,0,32
47,-1,64,0,64
47,0,-64,0,64
47,0,-32,0,32
47,0,-16,0,16
47,0,-1,0,1
47,0,0,0,0
47,0,1,0,1
47,0,16,0,16
47,0,32,0,32
47,0,64,0,64
47,1,-64,0,64
47,1,-32,0,32
47,1,-16,0,16
47,1,-1,0,1
47,1,0,0,1
47,1,1,0,1
47,1,16,0,16
47,1,32,0,32
47,1,64,0,64
47,16,-64,0,66
47,16,-32,0,36
47,16,-16,0,22
47,16,-1,0,16
47,16,0,0,16
47,16,1,0,16
47,16,16,0,22
47,16,32,0,36
47,16,64,0,66
47,32,-64,0,72
47,32,-32,0,44
47,32,-16,0,36
47,32,-1,0,32
47,32,0,0,32
47,32,1,0,32
47,32,16,0,36
47,32,32,0,44
47,32,64,0,72
47,64,-64,0,88
47,64,-32,0,72
47,64,-16,0,66
47,64,-1,0,64
47,64,0,0,64
47,64,1,0,64
47,64,16,0,66
47,64,32,0,72
47,64,64,0,88
48,-64,-64,0,88
48,-64,-32,0,72
48,-64,-16,0,66
48,-64,-1,0,64
48,-64,0,0,64
48,-64,1,0,64
48,-64,16,0,66
48,-64,32,0,72
48,-64,64,0,88
48,-32,-64,0,72
48,-32,-32,0,44
48,-32,-16,0,36
48,-32,-1,0,32
48,-32,0,0,32
48,-32,1,0,32
48,-32,16,0,36
48,-32,32,0,44
48,-32,64,0,72
48,-16,-64,0,66
48,-16,-32,0,36
48,-16,-16,0,22
48,-16,-1,0,16
48,-16,0,0,16
48,-16,1,0,16
48,-16,16,0,22
48,-16,32,0,36
48,-16,64,0,66
48,-1,-64,0,64
48,-1,-32,0,32
48,-1,-16,0,16
48,-1,-1,0,1
48,-1,0,0,1
48,-1,1,0,1
48,-1,16,0,16
48,-1,32,0,32
48,-1,64,0,64
48,0,-64,0,64
48,0,-32,0,32
48,0,-16,0,16
48,0,-1,0,1
48,0,0,0,0
48,0,1,0,1
48,0,16,0,16
48,0,32,0,32
48,0,64,0,64
48,1,-64,0,64
48,1,-32,0,32
48,1,-16,0,16
48,1,-1,0,1
48,1,0,0,1
48,1,1,0,1
48,1,16,0,16
48,1,32,0,32
48,1,64,0,64
48,16,-64,0,66
48,16,-32,0,36
48,16,-16,0,22
48,16,-1,0,16
48,16,0,0,16
48,16,1,0,16
48,16,16,0,22
48,16,32,0,36
48,16,64,0,66
48,32,-64,0,72
48,32,-32,0,44
48,32,-16,0,36
48,32,-1,0,32
48,32,0,0,32
48,32,1,0,32
48,32,16,0,36
48,32,32,0,44
48,32,64,0,72
48,64,-64,0,88
48,64,-32,0,72
48,64,-16,0,66
48,64,-1,0,64
48,64,0,0,64
48,64,1,0,64
48,64,16,0,66
48,64,32,0,72
48,64,64,0,88
49,-64,-64,0,88
49,-64,-32,0,72
49,-64,-16,0,66
49,-64,-1,0,64
49,-64,0,0,64
49,-64,1,0,64
49,-64,16,0,66
49,-64,32,0,72
49,-64,64,0,88
49,-32,-64,0,72
49,-32,-32,0,44
49,-32,-16,0,36
49,-32,-1,0,32
49,-32,0,0,32
49,-32,1,0,32
49,-32,16,0,36
49,-32,32,0,44
49,-32,64,0,72
49,-16,-64,0,66
49,-16,-32,0,36
49,-16,-16,0,22
49,-16,-1,0,16
49,-16,0,0,16
49,-16,1,0,16
49,-16,16,0,22
49,-16,32,0,36
49,-16,64,0,66
49,-1,-64,0,64
49,-1,-32,0,32
49,-1,-16,0,16
49,-1,-1,0,1
49,-1,0,0,1
49,-1,1,0,1
49,-1,16,0,16
49,-1,32,0,32
49,-1,64,0,64
49,0,-64,0,64
49,0,-32,0,32
49,0,-16,0,16
49,0,-1,0,1
49,0,0,0,0
49,0,1,0,1
49,0,16,0,16
49,0,32,0,32
49,0,64,0,64
49,1,-64,0,64
49,1,-32,0,32
49,1,-16,0,16
49,1,-1,0,1
49,1,0,0,1
49,1,1,0,1
49,1,16,0,16
49,1,32,0,32
49,1,64,0,64
49,16,-64,0,66
49,16,-32,0,36
49,16,-16,0,22
49,16,-1,0,16
49,16,0,0,16
49,16,1,0,16
49,16,16,0,22
49,16,32,0,36
49,16,64,0,66
49,32,-64,0,72
49,32,-32,0,44
49,32,-16,0,36
49,32,-1,0,32
49,32,0,0,32
49,32,1,0,32
49,32,16,0,36
49,32,32,0,44
49,32,64,0,72
49,64,-64,0,88
49,64,-32,0,72
49,64,-16,0,66
49,64,-1,0,64
49,64,0,0,64
49,64,1,0,64
49,64,16,0,66
49,64,32,0,72
49,64,64,0,88
50,-64,-64,1,88
50,-64,-32,1,71
50,-64,-16,1,65
50,-64,-1,1,63
50,-64,0,1,63
50,-64,1,1,63
50,-64,16,1,65
50,-64,32,1,71
50,-64,64,1,88
50,-32,-64,1,72
50,-32,-32,1,44
50,-32,-16,1,35
50,-32,-1,1,31
50,-32,0,1,31
50,-32,1,1,31
50,-32,16,1,35
50,-32,32,1,44
50,-32,64,1,72
50,-16,-64,1,67
50,-16,-32,1,36
50,-16,-16,1,22
50,-16,-1,1,15
50,-16,0,1,15
50,-16,1,1,15
50,-16,16,1,22
50,-16,32,1,36
50,-16,64,1,67
50,-1,-64,1,64
50,-1,-32,1,32
50,-1,-16,1,16
50,-1,-1,1,1
50,-1,0,1,0
50,-1,1,1,1
50,-1,16,1,16
50,-1,32,1,32
50,-1,64,1,64
50,0,-64,1,64
50,0,-32,1,32
50,0,-16,1,16
50,0,-1,1,1
50,0,0,1,1
50,0,1,1,1
50,0,16,1,16
50,0,32,1,32
50,0,64,1,64
50,1,-64,1,65
50,1,-32,1,33
50,1,-16,1,17
50,1,-1,1,2
50,1,0,1,2
50,1,1,1,2
50,1,16,1,17
50,1,32,1,33
50,1,64,1,65
50,16,-64,1,66
50,16,-32,1,36
50,16,-16,1,23
50,16,-1,1,17
50,16,0,1,17
50,16,1,1,17
50,16,16,1,23
50,16,32,1,36
50,16,64,1,66
50,32,-64,1,72
50,32,-32,1,45
50,32,-16,1,37
50,32,-1,1,33
50,32,0,1,33
50,32,1,1,33
50,32,16,1,37
50,32,32,1,45
50,32,64,1,72
50,64,-64,1,89
50,64,-32,1,73
50,64,-16,1,67
50,64,-1,1,65
50,64,0,1,65
50,64,1,1,65
50,64,16,1,67
50,64,32,1,73
50,64,64,1,89
51,-64,-64,0,88
51,-64,-32,0,72
51,-64,-16,0,66
51,-64,-1,0,64
51,-64,0,0,64
51,-64,1,0,64
51,-64,16,0,66
51,-64,32,0,72
51,-64,64,0,88
51,-32,-64,0,72
51,-32,-32,0,44
51,-32,-16,0,36
51,-32,-1,0,32
51,-32,0,0,32
51,-32,1,0,32
51,-32,16,0,36
51,-32,32,0,44
51,-32,64,0,72
51,-16,-64,0,66
51,-16,-32,0,36
51,-16,-16,0,22
51,-16,-1,0,16
51,-16,0,0,16
51,-16,1,0,16
51,-16,16,0,22
51,-16,32,0,36
51,-16,64,0,66
51,-1,-64,0,64
51,-1,-32,0,32
51,-1,-16,0,16
51,-1,-1,0,1
51,-1,0,0,1
51,-1,1,0,1
51,-1,16,0,16
51,-1,32,0,32
51,-1,64,0,64
51,0,-64,0,64
51,0,-32,0,32
51,0,-16,0,16
51,0,-1,0,1
51,0,0,0,0
51,0,1,0,1
51,0,16,0,16
51,0,32,0,32
51,0,64,0,64
51,1,-64,0,64
51,1,-32,0,32
51,1,-16,0,16
51,1,-1,0,1
51,1,0,0,1
51,1,1,0,1
51,1,16,0,16
51,1,32,0,32
51,1,64,0,64
51,16,-64,0,66
51,16,-32,0,36
51,16,-16,0,22
51,16,-1,0,16
51,16,0,0,16
51,16,1,0,16
51,16,16,0,22
51,16,32,0,36
51,16,64,0,66
51,32,-64,0,72
51,32,-32,0,44
51,32,-16,0,36
51,32,-1,0,32
51,32,0,0,32
51,32,1,0,32
51,32,16,0,36
51,32,32,0,44
51,32,64,0,72
51,64,-64,0,88
51,64,-32,0,72
51,64,-16,0,66
51,64,-1,0,64
51,64,0,0,64
51,64,1,0,64
51,64,16,0,66
51,64,32,0,72
51,64,64,0,88
52,-64,-64,0,88
52,-64,-32,0,72
52,-64,-16,0,66
52,-64,-1,0,64
52,-64,0,0,64
52,-64,1,0,64
52,-64,16,0,66
52,-64,32,0,72
52,-64,64,0,88
52,-32,-64,0,72
52,-32,-32,0,44
52,-32,-16,0,36
52,-32,-1,0,32
52,-32,0,0,32
52,-32,1,0,32
52,-32,16,0,36
52,-32,32,0,44
52,-32,64,0,72
52,-16,-64,0,66
52,-16,-32,0,36
52,-16,-16,0,22
52,-16,-1,0,16
52,-16,0,0,16
52,-16,1,0,16
52,-16,16,0,22
52,-16,32,0,36
52,-16,64,0,66
52,-1,-64,0,64
52,-1,-32,0,32
52,-1,-16,0,16
52,-1,-1,0,1
52,-1,0,0,1
52,-1,1,0,1
52,-1,16,0,16
52,-1,32,0,32
52,-1,64,0,64
52,0,-64,0,64
52,0,-32,0,32
52,0,-16,0,16
52,0,-1,0,1
52,0,0,0,0
52,0,1,0,1
52,0,16,0,16
52,0,32,0,32
52,0,64,0,64
52,1,-64,0,64
52,1,-32,0,32
52,1,-16,0,16
52,1,-1,0,1
52,1,0,0,1
52,1,1,0,1
52,1,16,0,16
52,1,32,0,32
52,1,64,0,64
52,16,-64,0,66
52,16,-32,0,36
52,16,-16,0,22
52,16,-1,0,16
52,16,0,0,16
52,16,1,0,16
52,16,16,0,22
52,16,32,0,36
52,16,64,0,66
52,32,-64,0,72
52,32,-32,0,44
52,32,-16,0,36
52,32,-1,0,32
52,32,0,0,32
52,32,1,0,32
52,32,16,0,36
52,32,32,0,44
52,32,64,0,72
52,64,-64,0,88
52,64,-32,0,72
52,64,-16,0,66
52,64,-1,0,64
52,64,0,0,64
52,64,1,0,64
52,64,16,0,66
52,64,32,0,72
52,64,64,0,88
53,-64,-64,0,88
53,-64,-32,0,72
53,-64,-16,0,66
53,-64,-1,0,64
53,-64,0,0,64
53,-64,1,0,64
53,-64,16,0,66
53,-64,32,0,72
53,-64,64,0,88
53,-32,-64,0,72
53,-32,-32,0,44
53,-32,-16,0,36
53,-32,-1,0,32
53,-32,0,0,32
53,-32,1,0,32
53,-32,16,0,36
53,-32,32,0,44
53,-32,64,0,72
53,-16,-64,0,66
53,-16,-32,0,36
53,-16,-16,0,22
53,-16,-1,0,16
53,-16,0,0,16
53,-16,1,0,16
53,-16,16,0,22
53,-16,32,0,36
53,-16,64,0,66
53,-1,-64,0,64
53,-1,-32,0,32
53,-1,-16,0,16
53,-1,-1,0,1
53,-1,0,0,1
53,-1,1,0,1
53,-1,16,0,16
53,-1,32,0,32
53,-1,64,0,64
53,0,-64,0,64
53,0,-32,0,32
53,0,-16,0,16
53,0,-1,0,1
53,0,0,0,0
53,0,1,0,1
53,0,16,0,16
53,0,32,0,32
53,0,64,0,64
53,1,-64,0,64
53,1,-32,0,32
53,1,-16,0,16
53,1,-1,0,1
53,1,0,0,1
53,1,1,0,1
53,1,16,0,16
53,1,32,0,32
53,1,64,0,64
53,16,-64,0,66
53,16,-32,0,36
53,16,-16,0,22
53,16,-1,0,16
53,16,0,0,16
53,16,1,0,16
53,16,16,0,22
53,16,32,0,36
53,16,64,0,66
53,32,-64,0,72
53,32,-32,0,44
53,32,-16,0,36
53,32,-1,0,32
53,32,0,0,32
53,32,1,0,32
53,32,16,0,36
53,32,32,0,44
53,32,64,0,72
53,64,-64,0,88
53,64,-32,0,72
53,64,-16,0,66
53,64,-1,0,64
53,64,0,0,64
53,64,1,0,64
53,64,16,0,66
53,64,32,0,72
53,64,64,0,88
54,-64,-64,0,88
54,-64,-32,0,72
54,-64,-16,0,66
54,-64,-1,0,64
54,-64,0,0,64
54,-64,1,0,64
54,-64,16,0,66
54,-64,32,0,72
54,-64,64,0,88
54,-32,-64,0,72
54,-32,-32,0,44
54,-32,-16,0,36
54,-32,-1,0,32
54,-32,0,0,32
54,-32,1,0,32
54,-32,16,0,36
54,-32,32,0,44
54,-32,64,0,72
54,-16,-64,0,66
54,-16,-32,0,36
54,-16,-16,0,22
54,-16,-1,0,16
54,-16,0,0,16
54,-16,1,0,16
54,-16,16,0,22
54,-16,32,0,36
54,-16,64,0,66
54,-1,-64,0,64
54,-1,-32,0,32
54,-1,-16,0,16
54,-1,-1,0,1
54,-1,0,0,1
54,-1,1,0,1
54,-1,16,0,16
54,-1,32,0,32
54,-1,64,0,64
54,0,-64,0,64
54,0,-32,0,32
54,0,-16,0,16
54,0,-1,0,1
54,0,0,0,0
54,0,1,0,1
54,0,16,0,16
54,0,32,0,32
54,0,64,0,64
54,1,-64,0,64
54,1,-32,0,32
54,1,-16,0,16
54,1,-1,0,1
54,1,0,0,1
54,1,1,0,1
54,1,16,0,16
54,1,32,0,32
54,1,64,0,64
54,16,-64,0,66
54,16,-32,0,36
54,16,-16,0,22
54,16,-1,0,16
54,16,0,0,16
54,16,1,0,16
54,16,16,0,22
54,16,32,0,36
54,16,64,0,66
54,32,-64,0,72
54,32,-32,0,44
54,32,-16,0,36
54,32,-1,0,32
54,32,0,0,32
54,32,1,0,32
54,32,16,0,36
54,32,32,0,44
54,32,64,0,72
54,64,-64,0,88
54,64,-32,0,72
54,64,-16,0,66
54,64,-1,0,64
54,64,0,0,64
54,64,1,0,64
54,64,16,0,66
54,64,32,0,72
54,64,64,0,88
55,-64,-64,0,88
55,-64,-32,0,72
55,-64,-16,0,66
55,-64,-1,0,64
55,-64,0,0,64
55,-64,1,0,64
55,-64,16,0,66
55,-64,32,0,72
55,-64,64,0,88
55,-32,-64,0,72
55,-32,-32,0,44
55,-32,-16,0,36
55,-32,-1,0,32
55,-32,0,0,32
55,-32,1,0,32
55,-32,16,0,36
55,-32,32,0,44
55,-32,64,0,72
55,-16,-64,0,66
55,-16,-32,0,36
55,-16,-16,0,22
55,-16,-1,0,16
55,-16,0,0,16
55,-16,1,0,16
55,-16,16,0,22
55,-16,32,0,36
55,-16,64,0,66
55,-1,-64,0,64
55,-1,-32,0,32
55,-1,-16,0,16
55,-1,-1,0,1
55,-1,0,0,1
55,-1,1,0,1
55,-1,16,0,16
55,-1,32,0,32
55,-1,64,0,64
55,0,-64,0,64
55,0,-32,0,32
55,0,-16,0,16
55,0,-1,0,1
55,0,0,0,0
55,0,1,0,1
55,0,16,0,16
55,0,32,0,32
55,0,64,0,64
55,1,-64,0,64
55,1,-32,0,32
55,1,-16,0,16
55,1,-1,0,1
55,1,0,0,1
55,1,1,0,1
55,1,16,0,16
55,1,32,0,32
55,1,64,0,64
55,16,-64,0,66
55,16,-32,0,36
55,16,-16,0,22
55,16,-1,0,16
55,16,0,0,16
55,16,1,0,16
55,16,16,0,22
55,16,32,0,36
55,16,64,0,66
55,32,-64,0,72
55,32,-32,0,44
55,32,-16,0,36
55,32,-1,0,32
55,32,0,0,32
55,32,1,0,32
55,32,16,0,36
55,32,32,0,44
55,32,64,0,72
55,64,-64,0,88
55,64,-32,0,72
55,64,-16,0,66
55,64,-1,0,64
55,64,0,0,64
55,64,1,0,64
55,64,16,0,66
55,64,32,0,72
55,64,64,0,88
56,-64,-64,0,88
56,-64,-32,0,72
56,-64,-16,0,66
56,-64,-1,0,64
56,-64,0,0,64
56,-64,1,0,64
56,-64,16,0,66
56,-64,32,0,72
56,-64,64,0,88
56,-32,-64,0,72
56,-32,-32,0,44
56,-32,-16,0,36
56,-32,-1,0,32
56,-32,0,0,32
56,-32,1,0,32
56,-32,16,0,36
56,-32,32,0,44
56,-32,64,0,72
56,-16,-64,0,66
56,-16,-32,0,36
56,-16,-16,0,22
56,-16,-1,0,16
56,-16,0,0,16
56,-16,1,0,16
56,-16,16,0,22
56,-16,32,0,36
56,-16,64,0,66
56,-1,-64,0,64
56,-1,-32,0,32
56,-1,-16,0,16
56,-1,-1,0,1
56,-1,0,0,1
56,-1,1,0,1
56,-1,16,0,16
56,-1,32,0,32
56,-1,64,0,64
56,0,-64,0,64
56,0,-32,0,32
56,0,-16,0,16
56,0,-1,0,1
56,0,0,0,0
56,0,1,0,1
56,0,16,0,16
56,0,32,0,32
56,0,64,0,64
56,1,-64,0,64
56,1,-32,0,32
56,1,-16,0,16
56,1,-1,0,1
56,1,0,0,1
56,1,1,0,1
56,1,16,0,16
56,1,32,0,32
56,1,64,0,64
56,16,-64,0,66
56,16,-32,0,36
56,16,-16,0,22
56,16,-1,0,16
56,16,0,0,16
56,16,1,0,16
56,16,16,0,22
56,16,32,0,36
56,16,64,0,66
56,32,-64,0,72
56,32,-32,0,44
56,32,-16,0,36
56,32,-1,0,32
56,32,0,0,32
56,32,1,0,32
56,32,16,0,36
56,32,32,0,44
56,32,64,0,72
56,64,-64,0,88
56,64,-32,0,72
56,64,-16,0,66
56,64,-1,0,64
56,64,0,0,64
56,64,1,0,64
56,64,16,0,66
56,64,32,0,72
56,64,64,0,88
57,-64,-64,0,88
57,-64,-32,0,72
57,-64,-16,0,66
57,-64,-1,0,64
57,-64,0,0,64
57,-64,1,0,64
57,-64,16,0,66
57,-64,32,0,72
57,-64,64,0,88
57,-32,-64,0,72
57,-32,-32,0,44
57,-32,-16,0,36
57,-32,-1,0,32
57,-32,0,0,32
57,-32,1,0,32
57,-32,16,0,36
57,-32,32,0,44
57,-32,64,0,72
57,-16,-64,0,66
57,-16,-32,0,36
57,-16,-16,0,22
57,-16,-1,0,16
57,-16,0,0,16
57,-16,1,0,16
57,-16,16,0,22
57,-16,32,0,36
57,-16,64,0,66
57,-1,-64,0,64
57,-1,-32,0,32
57,-1,-16,0,16
57,-1,-1,0,1
57,-1,0,0,1
57,-1,1,0,1
57,-1,16,0,16
57,-1,32,0,32
57,-1,64,0,64
57,0,-64,0,64
57,0,-32,0,32
57,0,-16,0,16
57,0,-1,0,1
57,0,0,0,0
57,0,1,0,1
57,0,16,0,16
57,0,32,0,32
57,0,64,0,64
57,1,-64,0,64
57,1,-32,0,32
57,1,-16,0,16
57,1,-1,0,1
57,1,0,0,1
57,1,1,0,1
57,1,16,0,16
57,1,32,0,32
57,1,64,0,64
57,16,-64,0,66
57,16,-32,0,36
57,16,-16,0,22
57,16,-1,0,16
57,16,0,0,16
57,16,1,0,16
57,16,16,0,22
57,16,32,0,36
57,16,64,0,66
57,32,-64,0,72
57,32,-32,0,44
57,32,-16,0,36
57,32,-1,0,32
57,32,0,0,32
57,32,1,0,32
57,32,16,0,36
57,32,32,0,44
57,32,64,0,72
57,64,-64,0,88
57,64,-32,0,72
57,64,-16,0,66
57,64,-1,0,64
57,64,0,0,64
57,64,1,0,64
57,64,16,0,66
57,64,32,0,72
57,64,64,0,88
58,-64,-64,0,88
58,-64,-32,0,72
58,-64,-16,0,66
58,-64,-1,0,64
58,-64,0,0,64
58,-64,1,0,64
58,-64,16,0,66
58,-64,32,0,72
58,-64,64,0,88
58,-32,-64,0,72
58,-32,-32,0,44
58,-32,-16,0,36
58,-32,-1,0,32
58,-32,0,0,32
58,-32,1,0,32
58,-32,16,0,36
58,-32,32,0,44
58,-32,64,0,72
58,-16,-64,0,66
58,-16,-32,0,36
58,-16,-16,0,22
58,-16,-1,0,16
58,-16,0,0,16
58,-16,1,0,16
58,-16,16,0,22
58,-16,32,0,36
58,-16,64,0,66
58,-1,-64,0,64
58,-1,-32,0,32
58,-1,-16,0,16
58,-1,-1,0,1
58,-1,0,0,1
58,-1,1,0,1
58,-1,16,0,16
58,-1,32,0,32
58,-1,64,0,64
58,0,-64,0,64
58,0,-32,0,32
58,0,-16,0,16
58,0,-1,0,1
58,0,0,0,0
58,0,1,0,1
58,0,16,0,16
58,0,32,0,32
58,0,64,0,64
58,1,-64,0,64
58,1,-32,0,32
58,1,-16,0,16
58,1,-1,0,1
58,1,0,0,1
58,1,1,0,1
58,1,16,0,16
58,1,32,0,32
58,1,64,0,64
58,16,-64,0,66
58,16,-32,0,36
58,16,-16,0,22
58,16,-1,0,16
58,16,0,0,16
58,16,1,0,16
58,16,16,0,22
58,16,32,0,36
58,16,64,0,66
58,32,-64,0,72
58,32,-32,0,44
58,32,-16,0,36
58,32,-1,0,32
58,32,0,0,32
58,32,1,0,32
58,32,16,0,36
58,32,32,0,44
58,32,64,0,72
58,64,-64,0,88
58,64,-32,0,72
58,64,-16,0,66
58,64,-1,0,64
58,64,0,0,64
58,64,1,0,64
58,64,16,0,66
58,64,32,0,72
58,64,64,0,88
59,-64,-64,0,88
59,-64,-32,0,72
59,-64,-16,0,66
59,-64,-1,0,64
59,-64,0,0,64
59,-64,1,0,64
59,-64,16,0,66
59,-64,32,0,72
59,-64,64,0,88
59,-32,-64,0,72
59,-32,-32,0,44
59,-32,-16,0,36
59,-32,-1,0,32
59,-32,0,0,32
59,-32,1,0,32
59,-32,16,0,36
59,-32,32,0,44
59,-32,64,0,72
59,-16,-64,0,66
59,-16,-32,0,36
59,-16,-16,0,22
59,-16,-1,0,16
59,-16,0,0,16
59,-16,1,0,16
59,-16,16,0,22
59,-16,32,0,36
59,-16,64,0,66
59,-1,-64,0,64
59,-1,-32,0,32
59,-1,-16,0,16
59,-1,-1,0,1
59,-1,0,0,1
59,-1,1,0,1
59,-1,16,0,16
59,-1,32,0,32
59,-1,64,0,64
59,0,-64,0,64
59,0,-32,0,32
59,0,-16,0,16
59,0,-1,0,1
59,0,0,0,0
59,0,1,0,1
59,0,16,0,16
59,0,32,0,32
59,0,64,0,64
59,1,-64,0,64
59,1,-32,0,32
59,1,-16,0,16
59,1,-1,0,1
59,1,0,0,1
59,1,1,0,1
59,1,16,0,16
59,1,32,0,32
59,1,64,0,64
59,16,-64,0,66
59,16,-32,0,36
59,16,-16,0,22
59,16,-1,0,16
59,16,0,0,16
59,16,1,0,16
59,16,16,0,22
59,16,32,0,36
59,16,64,0,66
59,32,-64,0,72
59,32,-32,0,44
59,32,-16,0,36
59,32,-1,0,32
59,32,0,0,32
59,32,1,0,32
59,32,16,0,36
59,32,32,0,44
59,32,64,0,72
59,64,-64,0,88
59,64,-32,0,72
59,64,-16,0,66
59,64,-1,0,64
59,64,0,0,64
59,64,1,0,64
59,64,16,0,66
59,64,32,0,72
59,64,64,0,88
60,-64,-64,0,88
60,-64,-32,0,72
60,-64,-16,0,66
60,-64,-1,0,64
60,-64,0,0,64
60,-64,1,0,64
60,-64,16,0,66
60,-64,32,0,72
60,-64,64,0,88
60,-32,-64,0,72
60,-32,-32,0,44
60,-32,-16,0,36
60,-32,-1,0,32
60,-32,0,0,32
60,-32,1,0,32
60,-32,16,0,36
60,-32,32,0,44
60,-32,64,0,72
60,-16,-64,0,66
60,-16,-32,0,36
60,-16,-16,0,22
60,-16,-1,0,16
60,-16,0,0,16
60,-16,1,0,16
60,-16,16,0,22
60,-16,32,0,36
60,-16,64,0,66
60,-1,-64,0,64
60,-1,-32,0,32
60,-1,-16,0,16
60,-1,-1,0,1
60,-1,0,0,1
60,-1,1,0,1
60,-1,16,0,16
60,-1,32,0,32
60,-1,64,0,64
60,0,-64,0,64
60,0,-32,0,32
60,0,-16,0,16
60,0,-1,0,1
60,0,0,0,0
60,0,1,0,1
60,0,16,0,16
60,0,32,0,32
60,0,64,0,64
60,1,-64,0,64
60,1,-32,0,32
60,1,-16,0,16
60,1,-1,0,1
60,1,0,0,1
60,1,1,0,1
60,1,16,0,16
60,1,32,0,32
60,1,64,0,64
60,16,-64,0,66
60,16,-32,0,36
60,16,-16,0,22
60,16,-1,0,16
60,16,0,0,16
60,16,1,0,16
60,16,16,0,22
60,16,32,0,36
60,16,64,0,66
60,32,-64,0,72
60,32,-32,0,44
60,32,-16,0,36
60,32,-1,0,32
60,32,0,0,32
60,32,1,0,32
60,32,16,0,36
60,32,32,0,44
60,32,64,0,72
60,64,-64,0,88
60,64,-32,0,72
60,64,-16,0,66
60,64,-1,0,64
60,64,0,0,64
60,64,1,0,64
60,64,16,0,66
60,64,32,0,72
60,64,64,0,88
61,-64,-64,0,88
61,-64,-32,0,72
61,-64,-16,0,66
61,-64,-1,0,64
61,-64,0,0,64
61,-64,1,0,64
61,-64,16,0,66
61,-64,32,0,72
61,-64,64,0,88
61,-32,-64,0,72
61,-32,-32,0,44
61,-32,-16,0,36
61,-32,-1,0,32
61,-32,0,0,32
61,-32,1,0,32
61,-32,16,0,36
61,-32,32,0,44
61,-32,64,0,72
61,-16,-64,0,66
61,-16,-32,0,36
61,-16,-16,0,22
61,-16,-1,0,16
61,-16,0,0,16
61,-16,1,0,16
61,-16,16,0,22
61,-16,32,0,36
61,-16,64,0,66
61,-1,-64,0,64
61,-1,-32,0,32
61,-1,-16,0,16
61,-1,-1,0,1
61,-1,0,0,1
61,-1,1,0,1
61,-1,16,0,16
61,-1,32,0,32
61,-1,64,0,64
61,0,-64,0,64
61,0,-32,0,32
61,0,-16,0,16
61,0,-1,0,1
61,0,0,0,0
61,0,1,0,1
61,0,16,0,16
61,0,32,0,32
61,0,64,0,64
61,1,-64,0,64
61,1,-32,0,32
61,1,-16,0,16
61,1,-1,0,1
61,1,0,0,1
61,1,1,0,1
61,1,16,0,16
61,1,32,0,32
61,1,64,0,64
61,16,-64,0,66
61,16,-32,0,36
61,16,-16,0,22
61,16,-1,0,16
61,16,0,0,16
61,16,1,0,16
61,16,16,0,22
61,16,32,0,36
61,16,64,0,66
61,32,-64,0,72
61,32,-32,0,44
61,32,-16,0,36
61,32,-1,0,32
61,32,0,0,32
61,32,1,0,32
61,32,16,0,36
61,32,32,0,44
61,32,64,0,72
61,64,-64,0,88
61,64,-32,0,72
61,64,-16,0,66
61,64,-1,0,64
61,64,0,0,64
61,64,1,0,64
61,64,16,0,66
61,64,32,0,72
61,64,64,0,88
62,-64,-64,0,88
62,-64,-32,0,72
62,-64,-16,0,66
62,-64,-1,0,64
62,-64,0,0,64
62,-64,1,0,64
62,-64,16,0,66
62,-64,32,0,72
62,-64,64,0,88
62,-32,-64,0,72
62,-32,-32,0,44
62,-32,-16,0,36
62,-32,-1,0,32
62,-32,0,0,32
62,-32,1,0,32
62,-32,16,0,36
62,-32,32,0,44
62,-32,64,0,72
62,-16,-64,0,66
62,-16,-32,0,36
62,-16,-16,0,22
62,-16,-1,0,16
62,-16,0,0,16
62,-16,1,0,16
62,-16,16,0,22
62,-16,32,0,36
62,-16,64,0,66
62,-1,-64,0,64
62,-1,-32,0,32
62,-1,-16,0,16
62,-1,-1,0,1
62,-1,0,0,1
62,-1,1,0,1
62,-1,16,0,16
62,-1,32,0,32
62,-1,64,0,64
62,0,-64,0,64
62,0,-32,0,32
62,0,-16,0,16
62,0,-1,0,1
62,0,0,0,0
62,0,1,0,1
62,0,16,0,16
62,0,32,0,32
62,0,64,0,64
62,1,-64,0,64
62,1,-32,0,32
62,1,-16,0,16
62,1,-1,0,1
62,1,0,0,1
62,1,1,0,1
62,1,16,0,16
62,1,32,0,32
62,1,64,0,64
62,16,-64,0,66
62,16,-32,0,36
62,16,-16,0,22
62,16,-1,0,16
62,16,0,0,16
62,16,1,0,16
62,16,16,0,22
62,16,32,0,36
62,16,64,0,66
62,32,-64,0,72
62,32,-32,0,44
62,32,-16,0,36
62,32,-1,0,32
62,32,0,0,32
62,32,1,0,32
62,32,16,0,36
62,32,32,0,44
62,32,64,0,72
62,64,-64,0,88
62,64,-32,0,72
62,64,-16,0,66
62,64,-1,0,64
62,64,0,0,64
62,64,1,0,64
62,64,16,0,66
62,64,32,0,72
62,64,64,0,88
63,-64,-64,0,88
63,-64,-32,0,72
63,-64,-16,0,66
63,-64,-1,0,64
63,-64,0,0,64
63,-64,1,0,64
63,-64,16,0,66
63,-64,32,0,72
63,-64,64,0,88
63,-32,-64,0,72
63,-32,-32,0,44
63,-32,-16,0,36
63,-32,-1,0,32
63,-32,0,0,32
63,-32,1,0,32
63,-32,16,0,36
63,-32,32,0,44
63,-32,64,0,72
63,-16,-64,0,66
63,-16,-32,0,36
63,-16,-16,0,22
63,-16,-1,0,16
63,-16,0,0,16
63,-16,1,0,16
63,-16,16,0,22
63,-16,32,0,36
63,-16,64,0,66
63,-1,-64,0,64
63,-1,-32,0,32
63,-1,-16,0,16
63,-1,-1,0,1
63,-1,0,0,1
63,-1,1,0,1
63,-1,16,0,16
63,-1,32,0,32
63,-1,64,0,64
63,0,-64,0,64
63,0,-32,0,32
63,0,-16,0,16
63,0,-1,0,1
63,0,0,0,0
63,0,1,0,1
63,0,16,0,16
63,0,32,0,32
63,0,64,0,64
63,1,-64,0,64
63,1,-32,0,32
63,1,-16,0,16
63,1,-1,0,1
63,1,0,0,1
63,1,1,0,1
63,1,16,0,16
63,1,32,0,32
63,1,64,0,64
63,16,-64,0,66
63,16,-32,0,36
63,16,-16,0,22
63,16,-1,0,16
63,16,0,0,16
63,16,1,0,16
63,16,16,0,22
63,16,32,0,36
63,16,64,0,66
63,32,-64,0,72
63,32,-32,0,44
63,32,-16,0,36
63,32,-1,0,32
63,32,0,0,32
63,32,1,0,32
63,32,16,0,36
63,32,32,0,44
63,32,64,0,72
63,64,-64,0,88
63,64,-32,0,72
63,64,-16,0,66
63,64,-1,0,64
63,64,0,0,64
63,64,1,0,64
63,64,16,0,66
63,64,32,0,72
63,64,64,0,88
64,-64,-64,0,88
64,-64,-32,0,72
64,-64,-16,0,66
64,-64,-1,0,64
64,-64,0,0,64
64,-64,1,0,64
64,-64,16,0,66
64,-64,32,0,72
64,-64,64,0,88
64,-32,-64,0,72
64,-32,-32,0,44
64,-32,-16,0,36
64,-32,-1,0,32
64,-32,0,0,32
64,-32,1,0,32
64,-32,16,0,36
64,-32,32,0,44
64,-32,64,0,72
64,-16,-64,0,66
64,-16,-32,0,36
64,-16,-16,0,22
64,-16,-1,0,16
64,-16,0,0,16
64,-16,1,0,16
64,-16,16,0,22
64,-16,32,0,36
64,-16,64,0,66
64,-1,-64,0,64
64,-1,-32,0,32
64,-1,-16,0,16
64,-1,-1,0,1
64,-1,0,0,1
64,-1,1,0,1
64,-1,16,0,16
64,-1,32,0,32
64,-1,64,0,64
64,0,-64,0,64
64,0,-32,0,32
64,0,-16,0,16
64,0,-1,0,1
64,0,0,0,0
64,0,1,0,1
64,0,16,0,16
64,0,32,0,32
64,0,64,0,64
64,1,-64,0,64
64,1,-32,0,32
64,1,-16,0,16
64,1,-1,0,1
64,1,0,0,1
64,1,1,0,1
64,1,16,0,16
64,1,32,0,32
64,1,64,0,64
64,16,-64,0,66
64,16,-32,0,36
64,16,-16,0,22
64,16,-1,0,16
64,16,0,0,16
64,16,1,0,16
64,16,16,0,22
64,16,32,0,36
64,16,64,0,66
64,32,-64,0,72
64,32,-32,0,44
64,32,-16,0,36
64,32,-1,0,32
64,32,0,0,32
64,32,1,0,32
64,32,16,0,36
64,32,32,0,44
64,32,64,0,72
64,64,-64,0,88
64,64,-32,0,72
64,64,-16,0,66
64,64,-1,0,64
64,64,0,0,64
64,64,1,0,64
64,64,16,0,66
64,64,32,0,72
64,64,64,0,88
65,-64,-64,0,88
65,-64,-32,0,72
65,-64,-16,0,66
65,-64,-1,0,64
65,-64,0,0,64
65,-64,1,0,64
65,-64,16,0,66
65,-64,32,0,72
65,-64,64,0,88
65,-32,-64,0,72
65,-32,-32,0,44
65,-32,-16,0,36
65,-32,-1,0,32
65,-32,0,0,32
65,-32,1,0,32
65,-32,16,0,36
65,-32,32,0,44
65,-32,64,0,72
65,-16,-64,0,66
65,-16,-32,0,36
65,-16,-16,0,22
65,-16,-1,0,16
65,-16,0,0,16
65,-16,1,0,16
65,-16,16,0,22
65,-16,32,0,36
65,-16,64,0,66
65,-1,-64,0,64
65,-1,-32,0,32
65,-1,-16,0,16
65,-1,-1,0,1
65,-1,0,0,1
65,-1,1,0,1
65,-1,16,0,16
65,-1,32,0,32
65,-1,64,0,64
65,0,-64,0,64
65,0,-32,0,32
65,0,-16,0,16
65,0,-1,0,1
65,0,0,0,0
65,0,1,0,1
65,0,16,0,16
65,0,32,0,32
65,0,64,0,64
65,1,-64,0,64
65,1,-32,0,32
65,1,-16,0,16
65,1,-1,0,1
65,1,0,0,1
65,1,1,0,1
65,1,16,0,16
65,1,32,0,32
65,1,64,0,64
65,16,-64,0,66
65,16,-32,0,36
65,16,-16,0,22
65,16,-1,0,16
65,16,0,0,16
65,16,1,0,16
65,16,16,0,22
65,16,32,0,36
65,16,64,0,66
65,32,-64,0,72
65,32,-32,0,44
65,32,-16,0,36
65,32,-1,0,32
65,32,0,0,32
65,32,1,0,32
65,32,16,0,36
65,32,32,0,44
65,32,64,0,72
65,64,-64,0,88
65,64,-32,0,72
65,64,-16,0,66
65,64,-1,0,64
65,64,0,0,64
65,64,1,0,64
65,64,16,0,66
65,64,32,0,72
65,64,64,0,88
66,-64,-64,0,88
66,-64,-32,0,72
66,-64,-16,0,66
66,-64,-1,0,64
66,-64,0,0,64
66,-64,1,0,64
66,-64,16,0,66
66,-64,32,0,72
66,-64,64,0,88
66,-32,-64,0,72
66,-32,-32,0,44
66,-32,-16,0,36
66,-32,-1,0,32
66,-32,0,0,32
66,-32,1,0,32
66,-32,16,0,36
66,-32,32,0,44
66,-32,64,0,72
66,-16,-64,0,66
66,-16,-32,0,36
66,-16,-16,0,22
66,-16,-1,0,16
66,-16,0,0,16
66,-16,1,0,16
66,-16,16,0,22
66,-16,32,0,36
66,-16,64,0,66
66,-1,-64,0,64
66,-1,-32,0,32
66,-1,-16,0,16
66,-1,-1,0,1
66,-1,0,0,1
66,-1,1,0,1
66,-1,16,0,16
66,-1,32,0,32
66,-1,64,0,64
66,0,-64,0,64
66,0,-32,0,32
66,0,-16,0,16
66,0,-1,0,1
66,0,0,0,0
66,0,1,0,1
66,0,16,0,16
66,0,32,0,32
66,0,64,0,64
66,1,-64,0,64
66,1,-32,0,32
66,1,-16,0,16
66,1,-1,0,1
66,1,0,0,1
66,1,1,0,1
66,1,16,0,16
66,1,32,0,32
66,1,64,0,64
66,16,-64,0,66
66,16,-32,0,36
66,16,-16,0,22
66,16,-1,0,16
66,16,0,0,16
66,16,1,0,16
66,16,16,0,22
66,16,32,0,36
66,16,64,0,66
66,32,-64,0,72
66,32,-32,0,44
66,32,-16,0,36
66,32,-1,0,32
66,32,0,0,32
66,32,1,0,32
66,32,16,0,36
66,32,32,0,44
66,32,64,0,72
66,64,-64,0,88
66,64,-32,0,72
66,64,-16,0,66
66,64,-1,0,64
66,64,0,0,64
66,64,1,0,64
66,64,16,0,66
66,64,32,0,72
66,64,64,0,88
67,-64,-64,0,88
67,-64,-32,0,72
67,-64,-16,0,66
67,-64,-1,0,64
67,-64,0,0,64
67,-64,1,0,64
67,-64,16,0,66
67,-64,32,0,72
67,-64,64,0,88
67,-32,-64,0,72
67,-32,-32,0,44
67,-32,-16,0,36
67,-32,-1,0,32
67,-32,0,0,32
67,-32,1,0,32
67,-32,16,0,36
67,-32,32,0,44
67,-32,64,0,72
67,-16,-64,0,66
67,-16,-32,0,36
67,-16,-16,0,22
67,-16,-1,0,16
67,-16,0,0,16
67,-16,1,0,16
67,-16,16,0,22
67,-16,32,0,36
67,-16,64,0,66
67,-1,-64,0,64
67,-1,-32,0,32
67,-1,-16,0,16
67,-1,-1,0,1
67,-1,0,0,1
67,-1,1,0,1
67,-1,16,0,16
67,-1,32,0,32
67,-1,64,0,64
67,0,-64,0,64
67,0,-32,0,32
67,0,-16,0,16
67,0,-1,0,1
67,0,0,0,0
67,0,1,0,1
67,0,16,0,16
67,0,32,0,32
67,0,64,0,64
67,1,-64,0,64
67,1,-32,0,32
67,1,-16,0,16
67,1,-1,0,1
67,1,0,0,1
67,1,1,0,1
67,1,16,0,16
67,1,32,0,32
67,1,64,0,64
67,16,-64,0,66
67,16,-32,0,36
67,16,-16,0,22
67,16,-1,0,16
67,16,0,0,16
67,16,1,0,16
67,16,16,0,22
67,16,32,0,36
67,16,64,0,66
67,32,-64,0,72
67,32,-32,0,44
67,32,-16,0,36
67,32,-1,0,32
67,32,0,0,32
67,32,1,0,32
67,32,16,0,36
67,32,32,0,44
67,32,64,0,72
67,64,-64,0,88
67,64,-32,0,72
67,64,-16,0,66
67,64,-1,0,64
67,64,0,0,64
67,64,1,0,64
67,64,16,0,66
67,64,32,0,72
67,64,64,0,88
68,-64,-64,0,88
68,-64,-32,0,72
68,-64,-16,0,66
68,-64,-1,0,64
68,-64,0,0,64
68,-64,1,0,64
68,-64,16,0,66
68,-64,32,0,72
68,-64,64,0,88
68,-32,-64,0,72
68,-32,-32,0,44
68,-32,-16,0,36
68,-32,-1,0,32
68,-32,0,0,32
68,-32,1,0,32
68,-32,16,0,36
68,-32,32,0,44
68,-32,64,0,72
68,-16,-64,0,66
68,-16,-32,0,36
68,-16,-16,0,22
68,-16,-1,0,16
68,-16,0,0,16
68,-16,1,0,16
68,-16,16,0,22
68,-16,32,0,36
68,-16,64,0,66
68,-1,-64,0,64
68,-1,-32,0,32
68,-1,-16,0,16
68,-1,-1,0,1
68,-1,0,0,1
68,-1,1,0,1
68,-1,16,0,16
68,-1,32,0,32
68,-1,64,0,64
68,0,-64,0,64
68,0,-32,0,32
68,0,-16,0,16
68,0,-1,0,1
68,0,0,0,0
68,0,1,0,1
68,0,16,0,16
68,0,32,0,32
68,0,64,0,64
68,1,-64,0,64
68,1,-32,0,32
68,1,-16,0,16
68,1,-1,0,1
68,1,0,0,1
68,1,1,0,1
68,1,16,0,16
68,1,32,0,32
68,1,64,0,64
68,16,-64,0,66
68,16,-32,0,36
68,16,-16,0,22
68,16,-1,0,16
68,16,0,0,16
68,16,1,0,16
68,16,16,0,22
68,16,32,0,36
68,16,64,0,66
68,32,-64,0,72
68,32,-32,0,44
68,32,-16,0,36
68,32,-1,0,32
68,32,0,0,32
68,32,1,0,32
68,32,16,0,36
68,32,32,0,44
68,32,64,0,72
68,64,-64,0,88
68,64,-32,0,72
68,64,-16,0,66
68,64,-1,0,64
68,64,0,0,64
68,64,1,0,64
68,64,16,0,66
68,64,32,0,72
68,64,64,0,88
69,-64,-64,0,88
69,-64,-32,0,72
69,-64,-16,0,66
69,-64,-1,0,64
69,-64,0,0,64
69,-64,1,0,64
69,-64,16,0,66
69,-64,32,0,72
69,-64,64,0,88
69,-32,-64,0,72
69,-32,-32,0,44
69,-32,-16,0,36
69,-32,-1,0,32
69,-32,0,0,32
69,-32,1,0,32
69,-32,16,0,36
69,-32,32,0,44
69,-32,64,0,72
69,-16,-64,0,66
69,-16,-32,0,36
69,-16,-16,0,22
69,-16,-1,0,16
69,-16,0,0,16
69,-16,1,0,16
69,-16,16,0,22
69,-16,32,0,36
69,-16,64,0,66
69,-1,-64,0,64
69,-1,-32,0,32
69,-1,-16,0,16
69,-1,-1,0,1
69,-1,0,0,1
69,-1,1,0,1
69,-1,16,0,16
69,-1,32,0,32
69,-1,64,0,64
69,0,-64,0,64
69,0,-32,0,32
69,0,-16,0,16
69,0,-1,0,1
69,0,0,0,0
69,0,1,0,1
69,0,16,0,16
69,0,32,0,32
69,0,64,0,64
69,1,-64,0,64
69,1,-32,0,32
69,1,-16,0,16
69,1,-1,0,1
69,1,0,0,1
69,1,1,0,1
69,1,16,0,16
69,1,32,0,32
69,1,64,0,64
69,16,-64,0,66
69,16,-32,0,36
69,16,-16,0,22
69,16,-1,0,16
69,16,0,0,16
69,16,1,0,16
69,16,16,0,22
69,16,32,0,36
69,16,64,0,66
69,32,-64,0,72
69,32,-32,0,44
69,32,-16,0,36
69,32,-1,0,32
69,32,0,0,32
69,32,1,0,32
69,32,16,0,36
69,32,32,0,44
69,32,64,0,72
69,64,-64,0,88
69,64,-32,0,72
69,64,-16,0,66
69,64,-1,0,64
69,64,0,0,64
69,64,1,0,64
69,64,16,0,66
69,64,32,0,72
69,64,64,0,88
70,-64,-64,0,88
70,-64,-32,0,72
70,-64,-16,0,66
70,-64,-1,0,64
70,-64,0,0,64
70,-64,1,0,64
70,-64,16,0,66
70,-64,32,0,72
70,-64,64,0,88
70,-32,-64,0,72
70,-32,-32,0,44
70,-32,-16,0,36
70,-32,-1,0,32
70,-32,0,0,32
70,-32,1,0,32
70,-32,16,0,36
70,-32,32,0,44
70,-32,64,0,72
70,-16,-64,0,66
70,-16,-32,0,36
70,-16,-16,0,22
70,-16,-1,0,16
70,-16,0,0,16
70,-16,1,0,16
70,-16,16,0,22
70,-16,32,0,36
70,-16,64,0,66
70,-1,-64,0,64
70,-1,-32,0,32
70,-1,-16,0,16
70,-1,-1,0,1
70,-1,0,0,1
70,-1,1,0,1
70,-1,16,0,16
70,-1,32,0,32
70,-1,64,0,64
70,0,-64,0,64
70,0,-32,0,32
70,0,-16,0,16
70,0,-1,0,1
70,0,0,0,0
70,0,1,0,1
70,0,16,0,16
70,0,32,0,32
70,0,64,0,64
70,1,-64,0,64
70,1,-32,0,32
70,1,-16,0,16
70,1,-1,0,1
70,1,0,0,1
70,1,1,0,1
70,1,16,0,16
70,1,32,0,32
70,1,64,0,64
70,16,-64,0,66
70,16,-32,0,36
70,16,-16,0,22
70,16,-1,0,16
70,16,0,0,16
70,16,1,0,16
70,16,16,0,22
70,16,32,0,36
70,16,64,0,66
70,32,-64,0,72
70,32,-32,0,44
70,32,-16,0,36
70,32,-1,0,32
70,32,0,0,32
70,32,1,0,32
70,32,16,0,36
70,32,32,0,44
70,32,64,0,72
70,64,-64,0,88
70,64,-32,0,72
70,64,-16,0,66
70,64,-1,0,64
70,64,0,0,64
70,64,1,0,64
70,64,16,0,66
70,64,32,0,72
70,64,64,0,88
71,-64,-64,0,88
71,-64,-32,0,72
71,-64,-16,0,66
71,-64,-1,0,64
71,-64,0,0,64
71,-64,1,0,64
71,-64,16,0,66
71,-64,32,0,72
71,-64,64,0,88
71,-32,-64,0,72
71,-32,-32,0,44
71,-32,-16,0,36
71,-32,-1,0,32
71,-32,0,0,32
71,-32,1,0,32
71,-32,16,0,36
71,-32,32,0,44
71,-32,64,0,72
71,-16,-64,0,66
71,-16,-32,0,36
71,-16,-16,0,22
71,-16,-1,0,16
71,-16,0,0,16
71,-16,1,0,16
71,-16,16,0,22
71,-16,32,0,36
71,-16,64,0,66
71,-1,-64,0,64
71,-1,-32,0,32
71,-1,-16,0,16
71,-1,-1,0,1
71,-1,0,0,1
71,-1,1,0,1
71,-1,16,0,16
71,-1,32,0,32
71,-1,64,0,64
71,0,-64,0,64
71,0,-32,0,32
71,0,-16,0,16
71,0,-1,0,1
71,0,0,0,0
71,0,1,0,1
71,0,16,0,16
71,0,32,0,32
71,0,64,0,64
71,1,-64,0,64
71,1,-32,0,32
71,1,-16,0,16
71,1,-1,0,1
71,1,0,0,1
71,1,1,0,1
71,1,16,0,16
71,1,32,0,32
71,1,64,0,64
71,16,-64,0,66
71,16,-32,0,36
71,16,-16,0,22
71,16,-1,0,16
71,16,0,0,16
71,16,1,0,16
71,16,16,0,22
71,16,32,0,36
71,16,64,0,66
71,32,-64,0,72
71,32,-32,0,44
71,32,-16,0,36
71,32,-1,0,32
71,32,0,0,32
71,32,1,0,32
71,32,16,0,36
71,32,32,0,44
71,32,64,0,72
71,64,-64,0,88
71,64,-32,0,72
71,64,-16,0,66
71,64,-1,0,64
71,64,0,0,64
71,64,1,0,64
71,64,16,0,66
71,64,32,0,72
71,64,64,0,88
72,-64,-64,0,88
72,-64,-32,0,72
72,-64,-16,0,66
72,-64,-1,0,64
72,-64,0,0,64
72,-64,1,0,64
72,-64,16,0,66
72,-64,32,0,72
72,-64,64,0,88
72,-32,-64,0,72
72,-32,-32,0,44
72,-32,-16,0,36
72,-32,-1,0,32
72,-32,0,0,32
72,-32,1,0,32
72,-32,16,0,36
72,-32,32,0,44
72,-32,64,0,72
72,-16,-64,0,66
72,-16,-32,0,36
72,-16,-16,0,22
72,-16,-1,0,16
72,-16,0,0,16
72,-16,1,0,16
72,-16,16,0,22
72,-16,32,0,36
72,-16,64,0,66
72,-1,-64,0,64
72,-1,-32,0,32
72,-1,-16,0,16
72,-1,-1,0,1
72,-1,0,0,1
72,-1,1,0,1
72,-1,16,0,16
72,-1,32,0,32
72,-1,64,0,64
72,0,-64,0,64
72,0,-32,0,32
72,0,-16,0,16
72,0,-1,0,1
72,0,0,0,0
72,0,1,0,1
72,0,16,0,16
72,0,32,0,32
72,0,64,0,64
72,1,-64,0,64
72,1,-32,0,32
72,1,-16,0,16
72,1,-1,0,1
72,1,0,0,1
72,1,1,0,1
72,1,16,0,16
72,1,32,0,32
72,1,64,0,64
72,16,-64,0,66
72,16,-32,0,36
72,16,-16,0,22
72,16,-1,0,16
72,16,0,0,16
72,16,1,0,16
72,16,16,0,22
72,16,32,0,36
72,16,64,0,66
72,32,-64,0,72
72,32,-32,0,44
72,32,-16,0,36
72,32,-1,0,32
72,32,0,0,32
72,32,1,0,32
72,32,16,0,36
72,32,32,0,44
72,32,64,0,72
72,64,-64,0,88
72,64,-32,0,72
72,64,-16,0,66
72,64,-1,0,64
72,64,0,0,64
72,64,1,0,64
72,64,16,0,66
72,64,32,0,72
72,64,64,0,88
73,-64,-64,-12,100
73,-64,-32,-12,84
73,-64,-16,-12,78
73,-64,-1,-12,76
73,-64,0,-12,76
73,-64,1,-12,76
73,-64,16,-12,78
73,-64,32,-12,84
73,-64,64,-12,100
73,-32,-64,-12,81
73,-32,-32,-12,56
73,-32,-16,-12,48
73,-32,-1,-12,44
73,-32,0,-12,44
73,-32,1,-12,44
73,-32,16,-12,48
73,-32,32,-12,56
73,-32,64,-12,81
73,-16,-64,-12,71
73,-16,-32,-12,43
73,-16,-16,-12,32
73,-16,-1,-12,28
73,-16,0,-12,28
73,-16,1,-12,28
73,-16,16,-12,32
73,-16,32,-12,43
73,-16,64,-12,71
73,-1,-64,-12,66
73,-1,-32,-12,35
73,-1,-16,-12,21
73,-1,-1,-12,13
73,-1,0,-12,13
73,-1,1,-12,13
73,-1,16,-12,21
73,-1,32,-12,35
73,-1,64,-12,66
73,0,-64,-12,66
73,0,-32,-12,35
73,0,-16,-12,21
73,0,-1,-12,12
73,0,0,-12,12
73,0,1,-12,12
73,0,16,-12,21
73,0,32,-12,35
73,0,64,-12,66
73,1,-64,-12,66
73,1,-32,-12,35
73,1,-16,-12,20
73,1,-1,-12,11
73,1,0,-12,11
73,1,1,-12,11
73,1,16,-12,20
73,1,32,-12,35
73,1,64,-12,66
73,16,-64,-12,65
73,16,-32,-12,33
73,16,-16,-12,17
73,16,-1,-12,4
73,16,0,-12,4
73,16,1,-12,4
73,16,16,-12,17
73,16,32,-12,33
73,16,64,-12,65
73,32,-64,-12,69
73,32,-32,-12,37
73,32,-16,-12,26
73,32,-1,-12,20
73,32,0,-12,20
73,32,1,-12,20
73,32,16,-12,26
73,32,32,-12,37
73,32,64,-12,69
73,64,-64,-12,84
73,64,-32,-12,60
73,64,-16,-12,56
73,64,-1,-12,52
73,64,0,-12,52
73,64,1,-12,52
73,64,16,-12,56
73,64,32,-12,60
73,64,64,-12,84
74,-64,-64,0,88
74,-64,-32,0,72
74,-64,-16,0,66
74,-64,-1,0,64
74,-64,0,0,64
74,-64,1,0,64
74,-64,16,0,66
74,-64,32,0,72
74,-64,64,0,88
74,-32,-64,0,72
74,-32,-32,0,44
74,-32,-16,0,36
74,-32,-1,0,32
74,-32,0,0,32
74,-32,1,0,32
74,-32,16,0,36
74,-32,32,0,44
74,-32,64,0,72
74,-16,-64,0,66
74,-16,-32,0,36
74,-16,-16,0,22
74,-16,-1,0,16
74,-16,0,0,16
74,-16,1,0,16
74,-16,16,0,22
74,-16,32,0,36
74,-16,64,0,66
74,-1,-64,0,64
74,-1,-32,0,32
74,-1,-16,0,16
74,-1,-1,0,1
74,-1,0,0,1
74,-1,1,0,1
74,-1,16,0,16
74,-1,32,0,32
74,-1,64,0,64
74,0,-64,0,64
74,0,-32,0,32
74,0,-16,0,16
74,0,-1,0,1
74,0,0,0,0
74,0,1,0,1
74,0,16,0,16
74,0,32,0,32
74,0,64,0,64
74,1,-64,0,64
74,1,-32,0,32
74,1,-16,0,16
74,1,-1,0,1
74,1,0,0,1
74,1,1,0,1
74,1,16,0,16
74,1,32,0,32
74,1,64,0,64
74,16,-64,0,66
74,16,-32,0,36
74,16,-16,0,22
74,16,-1,0,16
74,16,0,0,16
74,16,1,0,16
74,16,16,0,22
74,16,32,0,36
74,16,64,0,66
74,32,-64,0,72
74,32,-32,0,44
74,32,-16,0,36
74,32,-1,0,32
74,32,0,0,32
74,32,1,0,32
74,32,16,0,36
74,32,32,0,44
74,32,64,0,72
74,64,-64,0,88
74,64,-32,0,72
74,64,-16,0,66
74,64,-1,0,64
74,64,0,0,64
74,64,1,0,64
74,64,16,0,66
74,64,32,0,72
74,64,64,0,88
75,-64,-64,-12,100
75,-64,-32,-12,84
75,-64,-16,-12,78
75,-64,-1,-12,76
75,-64,0,-12,76
75,-64,1,-12,76
75,-64,16,-12,78
75,-64,32,-12,84
75,-64,64,-12,100
75,-32,-64,-12,81
75,-32,-32,-12,56
75,-32,-16,-12,48
75,-32,-1,-12,44
75,-32,0,-12,44
75,-32,1,-12,44
75,-32,16,-12,48
75,-32,32,-12,56
75,-32,64,-12,81
75,-16,-64,-12,71
75,-16,-32,-12,43
75,-16,-16,-12,32
75,-16,-1,-12,28
75,-16,0,-12,28
75,-16,1,-12,28
75,-16,16,-12,32
75,-16,32,-12,43
75,-16,64,-12,71
75,-1,-64,-12,66
75,-1,-32,-12,35
75,-1,-16,-12,21
75,-1,-1,-12,13
75,-1,0,-12,13
75,-1,1,-12,13
75,-1,16,-12,21
75,-1,32,-12,35
75,-1,64,-12,66
75,0,-64,-12,66
75,0,-32,-12,35
75,0,-16,-12,21
75,0,-1,-12,12
75,0,0,-12,12
75,0,1,-12,12
75,0,16,-12,21
75,0,32,-12,35
75,0,64,-12,66
75,1,-64,-12,66
75,1,-32,-12,35
75,1,-16,-12,20
75,1,-1,-12,11
75,1,0,-12,11
75,1,1,-12,11
75,1,16,-12,20
75,1,32,-12,35
75,1,64,-12,66
75,16,-64,-12,65
75,16,-32,-12,33
75,16,-16,-12,17
75,16,-1,-12,4
75,16,0,-12,4
75,16,1,-12,4
75,16,16,-12,17
75,16,32,-12,33
75,16,64,-12,65
75,32,-64,-12,69
75,32,-32,-12,37
75,32,-16,-12,26
75,32,-1,-12,20
75,32,0,-12,20
75,32,1,-12,20
75,32,16,-12,26
75,32,32,-12,37
75,32,64,-12,69
75,64,-64,-12,84
75,64,-32,-12,60
75,64,-16,-12,56
75,64,-1,-12,52
75,64,0,-12,52
75,64,1,-12,52
75,64,16,-12,56
75,64,32,-12,60
75,64,64,-12,84
76,-64,-64,0,88
76,-64,-32,0,72
76,-64,-16,0,66
76,-64,-1,0,64
76,-64,0,0,64
76,-64,1,0,64
76,-64,16,0,66
76,-64,32,0,72
76,-64,64,0,88
76,-32,-64,0,72
76,-32,-32,0,44
76,-32,-16,0,36
76,-32,-1,0,32
76,-32,0,0,32
76,-32,1,0,32
76,-32,16,0,36
76,-32,32,0,44
76,-32,64,0,72
76,-16,-64,0,66
76,-16,-32,0,36
76,-16,-16,0,22
76,-16,-1,0,16
76,-16,0,0,16
76,-16,1,0,16
76,-16,16,0,22
76,-16,32,0,36
76,-16,64,0,66
76,-1,-64,0,64
76,-1,-32,0,32
76,-1,-16,0,16
76,-1,-1,0,1
76,-1,0,0,1
76,-1,1,0,1
76,-1,16,0,16
76,-1,32,0,32
76,-1,64,0,64
76,0,-64,0,64
76,0,-32,0,32
76,0,-16,0,16
76,0,-1,0,1
76,0,0,0,0
76,0,1,0,1
76,0,16,0,16
76,0,32,0,32
76,0,64,0,64
76,1,-64,0,64
76,1,-32,0,32
76,1,-16,0,16
76,1,-1,0,1
76,1,0,0,1
76,1,1,0,1
76,1,16,0,16
76,1,32,0,32
76,1,64,0,64
76,16,-64,0,66
76,16,-32,0,36
76,16,-16,0,22
76,16,-1,0,16
76,16,0,0,16
76,16,1,0,16
76,16,16,0,22
76,16,32,0,36
76,16,64,0,66
76,32,-64,0,72
76,32,-32,0,44
76,32,-16,0,36
76,32,-1,0,32
76,32,0,0,32
76,32,1,0,32
76,32,16,0,36
76,32,32,0,44
76,32,64,0,72
76,64,-64,0,88
76,64,-32,0,72
76,64,-16,0,66
76,64,-1,0,64
76,64,0,0,64
76,64,1,0,64
76,64,16,0,66
76,64,32,0,72
76,64,64,0,88
77,-64,-64,-12,100
77,-64,-32,-12,84
77,-64,-16,-12,78
77,-64,-1,-12,76
77,-64,0,-12,76
77,-64,1,-12,76
77,-64,16,-12,78
77,-64,32,-12,84
77,-64,64,-12,100
77,-32,-64,-12,81
77,-32,-32,-12,56
77,-32,-16,-12,48
77,-32,-1,-12,44
77,-32,0,-12,44
77,-32,1,-12,44
77,-32,16,-12,48
77,-32,32,-12,56
77,-32,64,-12,81
77,-16,-64,-12,71
77,-16,-32,-12,43
77,-16,-16,-12,32
77,-16,-1,-12,28
77,-16,0,-12,28
77,-16,1,-12,28
77,-16,16,-12,32
77,-16,32,-12,43
77,-16,64,-12,71
77,-1,-64,-12,66
77,-1,-32,-12,35
77,-1,-16,-12,21
77,-1,-1,-12,13
77,-1,0,-12,13
77,-1,1,-12,13
77,-1,16,-12,21
77,-1,32,-12,35
77,-1,64,-12,66
77,0,-64,-12,66
77,0,-32,-12,35
77,0,-16,-12,21
77,0,-1,-12,12
77,0,0,-12,12
77,0,1,-12,12
77,0,16,-12,21
77,0,32,-12,35
77,0,64,-12,66
77,1,-64,-12,66
77,1,-32,-12,35
77,1,-16,-12,20
77,1,-1,-12,11
77,1,0,-12,11
77,1,1,-12,11
77,1,16,-12,20
77,1,32,-12,35
77,1,64,-12,66
77,16,-64,-12,65
77,16,-32,-12,33
77,16,-16,-12,17
77,16,-1,-12,4
77,16,0,-12,4
77,16,1,-12,4
77,16,16,-12,17
77,16,32,-12,33
77,16,64,-12,65
77,32,-64,-12,69
77,32,-32,-12,37
77,32,-16,-12,26
77,32,-1,-12,20
77,32,0,-12,20
77,32,1,-12,20
77,32,16,-12,26
77,32,32,-12,37
77,32,64,-12,69
77,64,-64,-12,84
77,64,-32,-12,60
77,64,-16,-12,56
77,64,-1,-12,52
77,64,0,-12,52
77,64,1,-12,52
77,64,16,-12,56
77,64,32,-12,60
77,64,64,-12,84
78,-64,-64,0,88
78,-64,-32,0,72
78,-64,-16,0,66
78,-64,-1,0,64
78,-64,0,0,64
78,-64,1,0,64
78,-64,16,0,66
78,-64,32,0,72
78,-64,64,0,88
78,-32,-64,0,72
78,-32,-32,0,44
78,-32,-16,0,36
78,-32,-1,0,32
78,-32,0,0,32
78,-32,1,0,32
78,-32,16,0,36
78,-32,32,0,44
78,-32,64,0,72
78,-16,-64,0,66
78,-16,-32,0,36
78,-16,-16,0,22
78,-16,-1,0,16
78,-16,0,0,16
78,-16,1,0,16
78,-16,16,0,22
78,-16,32,0,36
78,-16,64,0,66
78,-1,-64,0,64
78,-1,-32,0,32
78,-1,-16,0,16
78,-1,-1,0,1
78,-1,0,0,1
78,-1,1,0,1
78,-1,16,0,16
78,-1,32,0,32
78,-1,64,0,64
78,0,-64,0,64
78,0,-32,0,32
78,0,-16,0,16
78,0,-1,0,1
78,0,0,0,0
78,0,1,0,1
78,0,16,0,16
78,0,32,0,32
78,0,64,0,64
78,1,-64,0,64
78,1,-32,0,32
78,1,-16,0,16
78,1,-1,0,1
78,1,0,0,1
78,1,1,0,1
78,1,16,0,16
78,1,32,0,32
78,1,64,0,64
78,16,-64,0,66
78,16,-32,0,36
78,16,-16,0,22
78,16,-1,0,16
78,16,0,0,16
78,16,1,0,16
78,16,16,0,22
78,16,32,0,36
78,16,64,0,66
78,32,-64,0,72
78,32,-32,0,44
78,32,-16,0,36
78,32,-1,0,32
78,32,0,0,32
78,32,1,0,32
78,32,16,0,36
78,32,32,0,44
78,32,64,0,72
78,64,-64,0,88
78,64,-32,0,72
78,64,-16,0,66
78,64,-1,0,64
78,64,0,0,64
78,64,1,0,64
78,64,16,0,66
78,64,32,0,72
78,64,64,0,88
79,-64,-64,-12,100
79,-64,-32,-12,84
79,-64,-16,-12,78
79,-64,-1,-12,76
79,-64,0,-12,76
79,-64,1,-12,76
79,-64,16,-12,78
79,-64,32,-12,84
79,-64,64,-12,100
79,-32,-64,-12,81
79,-32,-32,-12,56
79,-32,-16,-12,48
79,-32,-1,-12,44
79,-32,0,-12,44
79,-32,1,-12,44
79,-32,16,-12,48
79,-32,32,-12,56
79,-32,64,-12,81
79,-16,-64,-12,71
79,-16,-32,-12,43
79,-16,-16,-12,32
79,-16,-1,-12,28
79,-16,0,-12,28
79,-16,1,-12,28
79,-16,16,-12,32
79,-16,32,-12,43
79,-16,64,-12,71
79,-1,-64,-12,66
79,-1,-32,-12,35
79,-1,-16,-12,21
79,-1,-1,-12,13
79,-1,0,-12,13
79,-1,1,-12,13
79,-1,16,-12,21
79,-1,32,-12,35
79,-1,64,-12,66
79,0,-64,-12,66
79,0,-32,-12,35
79,0,-16,-12,21
79,0,-1,-12,12
79,0,0,-12,12
79,0,1,-12,12
79,0,16,-12,21
79,0,32,-12,35
79,0,64,-12,66
79,1,-64,-12,66
79,1,-32,-12,35
79,1,-16,-12,20
79,1,-1,-12,11
79,1,0,-12,11
79,1,1,-12,11
79,1,16,-12,20
79,1,32,-12,35
79,1,64,-12,66
79,16,-64,-12,65
79,16,-32,-12,33
79,16,-16,-12,17
79,16,-1,-12,4
79,16,0,-12,4
79,16,1,-12,4
79,16,16,-12,17
79,16,32,-12,33
79,16,64,-12,65
79,32,-64,-12,69
79,32,-32,-12,37
79,32,-16,-12,26
79,32,-1,-12,20
79,32,0,-12,20
79,32,1,-12,20
79,32,16,-12,26
79,32,32,-12,37
79,32,64,-12,69
79,64,-64,-12,84
79,64,-32,-12,60
79,64,-16,-12,56
79,64,-1,-12,52
79,64,0,-12,52
79,64,1,-12,52
79,64,16,-12,56
79,64,32,-12,60
79,64,64,-12,84
80,-64,-64,0,88
80,-64,-32,0,72
80,-64,-16,0,66
80,-64,-1,0,64
80,-64,0,0,64
80,-64,1,0,64
80,-64,16,0,66
80,-64,32,0,72
80,-64,64,0,88
80,-32,-64,0,72
80,-32,-32,0,44
80,-32,-16,0,36
80,-32,-1,0,32
80,-32,0,0,32
80,-32,1,0,32
80,-32,16,0,36
80,-32,32,0,44
80,-32,64,0,72
80,-16,-64,0,66
80,-16,-32,0,36
80,-16,-16,0,22
80,-16,-1,0,16
80,-16,0,0,16
80,-16,1,0,16
80,-16,16,0,22
80,-16,32,0,36
80,-16,64,0,66
80,-1,-64,0,64
80,-1,-32,0,32
80,-1,-16,0,16
80,-1,-1,0,1
80,-1,0,0,1
80,-1,1,0,1
80,-1,16,0,16
80,-1,32,0,32
80,-1,64,0,64
80,0,-64,0,64
80,0,-32,0,32
80,0,-16,0,16
80,0,-1,0,1
80,0,0,0,0
80,0,1,0,1
80,0,16,0,16
80,0,32,0,32
80,0,64,0,64
80,1,-64,0,64
80,1,-32,0,32
80,1,-16,0,16
80,1,-1,0,1
80,1,0,0,1
80,1,1,0,1
80,1,16,0,16
80,1,32,0,32
80,1,64,0,64
80,16,-64,0,66
80,16,-32,0,36
80,16,-16,0,22
80,16,-1,0,16
80,16,0,0,16
80,16,1,0,16
80,16,16,0,22
80,16,32,0,36
80,16,64,0,66
80,32,-64,0,72
80,32,-32,0,44
80,32,-16,0,36
80,32,-1,0,32
80,32,0,0,32
80,32,1,0,32
80,32,16,0,36
80,32,32,0,44
80,32,64,0,72
80,64,-64,0,88
80,64,-32,0,72
80,64,-16,0,66
80,64,-1,0,64
80,64,0,0,64
80,64,1,0,64
80,64,16,0,66
80,64,32,0,72
80,64,64,0,88
81,-64,-64,-12,100
81,-64,-32,-12,84
81,-64,-16,-12,78
81,-64,-1,-12,76
81,-64,0,-12,76
81,-64,1,-12,76
81,-64,16,-12,78
81,-64,32,-12,84
81,-64,64,-12,100
81,-32,-64,-12,81
81,-32,-32,-12,56
81,-32,-16,-12,48
81,-32,-1,-12,44
81,-32,0,-12,44
81,-32,1,-12,44
81,-32,16,-12,48
81,-32,32,-12,56
81,-32,64,-12,81
81,-16,-64,-12,71
81,-16,-32,-12,43
81,-16,-16,-12,32
81,-16,-1,-12,28
81,-16,0,-12,28
81,-16,1,-12,28
81,-16,16,-12,32
81,-16,32,-12,43
81,-16,64,-12,71
81,-1,-64,-12,66
81,-1,-32,-12,35
81,-1,-16,-12,21
81,-1,-1,-12,13
81,-1,0,-12,13
81,-1,1,-12,13
81,-1,16,-12,21
81,-1,32,-12,35
81,-1,64,-12,66
81,0,-64,-12,66
81,0,-32,-12,35
81,0,-16,-12,21
81,0,-1,-12,12
81,0,0,-12,12
81,0,1,-12,12
81,0,16,-12,21
81,0,32,-12,35
81,0,64,-12,66
81,1,-64,-12,66
81,1,-32,-12,35
81,1,-16,-12,20
81,1,-1,-12,11
81,1,0,-12,11
81,1,1,-12,11
81,1,16,-12,20
81,1,32,-12,35
81,1,64,-12,66
81,16,-64,-12,65
81,16,-32,-12,33
81,16,-16,-12,17
81,16,-1,-12,4
81,16,0,-12,4
81,16,1,-12,4
81,16,16,-12,17
81,16,32,-12,33
81,16,64,-12,65
81,32,-64,-12,69
81,32,-32,-12,37
81,32,-16,-12,26
81,32,-1,-12,20
81,32,0,-12,20
81,32,1,-12,20
81,32,16,-12,26
81,32,32,-12,37
81,32,64,-12,69
81,64,-64,-12,84
81,64,-32,-12,60
81,64,-16,-12,56
81,64,-1,-12,52
81,64,0,-12,52
81,64,1,-12,52
81,64,16,-12,56
81,64,32,-12,60
81,64,64,-12,84
82,-64,-64,0,88
82,-64,-32,0,72
82,-64,-16,0,66
82,-64,-1,0,64
82,-64,0,0,64
82,-64,1,0,64
82,-64,16,0,66
82,-64,32,0,72
82,-64,64,0,88
82,-32,-64,0,72
82,-32,-32,0,44
82,-32,-16,0,36
82,-32,-1,0,32
82,-32,0,0,32
82,-32,1,0,32
82,-32,16,0,36
82,-32,32,0,44
82,-32,64,0,72
82,-16,-64,0,66
82,-16,-32,0,36
82,-16,-16,0,22
82,-16,-1,0,16
82,-16,0,0,16
82,-16,1,0,16
82,-16,16,0,22
82,-16,32,0,36
82,-16,64,0,66
82,-1,-64,0,64
82,-1,-32,0,32
82,-1,-16,0,16
82,-1,-1,0,1
82,-1,0,0,1
82,-1,1,0,1
82,-1,16,0,16
82,-1,32,0,32
82,-1,64,0,64
82,0,-64,0,64
82,0,-32,0,32
82,0,-16,0,16
82,0,-1,0,1
82,0,0,0,0
82,0,1,0,1
82,0,16,0,16
82,0,32,0,32
82,0,64,0,64
82,1,-64,0,64
82,1,-32,0,32
82,1,-16,0,16
82,1,-1,0,1
82,1,0,0,1
82,1,1,0,1
82,1,16,0,16
82,1,32,0,32
82,1,64,0,64
82,16,-64,0,66
82,16,-32,0,36
82,16,-16,0,22
82,16,-1,0,16
82,16,0,0,16
82,16,1,0,16
82,16,16,0,22
82,16,32,0,36
82,16,64,0,66
82,32,-64,0,72
82,32,-32,0,44
82,32,-16,0,36
82,32,-1,0,32
82,32,0,0,32
82,32,1,0,32
82,32,16,0,36
82,32,32,0,44
82,32,64,0,72
82,64,-64,0,88
82,64,-32,0,72
82,64,-16,0,66
82,64,-1,0,64
82,64,0,0,64
82,64,1,0,64
82,64,16,0,66
82,64,32,0,72
82,64,64,0,88
83,-64,-64,-12,100
83,-64,-32,-12,84
83,-64,-16,-12,78
83,-64,-1,-12,76
83,-64,0,-12,76
83,-64,1,-12,76
83,-64,16,-12,78
83,-64,32,-12,84
83,-64,64,-12,100
83,-32,-64,-12,81
83,-32,-32,-12,56
83,-32,-16,-12,48
83,-32,-1,-12,44
83,-32,0,-12,44
83,-32,1,-12,44
83,-32,16,-12,48
83,-32,32,-12,56
83,-32,64,-12,81
83,-16,-64,-12,71
83,-16,-32,-12,43
83,-16,-16,-12,32
83,-16,-1,-12,28
83,-16,0,-12,28
83,-16,1,-12,28
83,-16,16,-12,32
83,-16,32,-12,43
83,-16,64,-12,71
83,-1,-64,-12,66
83,-1,-32,-12,35
83,-1,-16,-12,21
83,-1,-1,-12,13
83,-1,0,-12,13
83,-1,1,-12,13
83,-1,16,-12,21
83,-1,32,-12,35
83,-1,64,-12,66
83,0,-64,-12,66
83,0,-32,-12,35
83,0,-16,-12,21
83,0,-1,-12,12
83,0,0,-12,12
83,0,1,-12,12
83,0,16,-12,21
83,0,32,-12,35
83,0,64,-12,66
83,1,-64,-12,66
83,1,-32,-12,35
83,1,-16,-12,20
83,1,-1,-12,11
83,1,0,-12,11
83,1,1,-12,11
83,1,16,-12,20
83,1,32,-12,35
83,1,64,-12,66
83,16,-64,-12,65
83,16,-32,-12,33
83,16,-16,-12,17
83,16,-1,-12,4
83,16,0,-12,4
83,16,1,-12,4
83,16,16,-12,17
83,16,32,-12,33
83,16,64,-12,65
83,32,-64,-12,69
83,32,-32,-12,37
83,32,-16,-12,26
83,32,-1,-12,20
83,32,0,-12,20
83,32,1,-12,20
83,32,16,-12,26
83,32,32,-12,37
83,32,64,-12,69
83,64,-64,-12,84
83,64,-32,-12,60
83,64,-16,-12,56
83,64,-1,-12,52
83,64,0,-12,52
83,64,1,-12,52
83,64,16,-12,56
83,64,32,-12,60
83,64,64,-12,84
84,-64,-64,0,88
84,-64,-32,0,72
84,-64,-16,0,66
84,-64,-1,0,64
84,-64,0,0,64
84,-64,1,0,64
84,-64,16,0,66
84,-64,32,0,72
84,-64,64,0,88
84,-32,-64,0,72
84,-32,-32,0,44
84,-32,-16,0,36
84,-32,-1,0,32
84,-32,0,0,32
84,-32,1,0,32
84,-32,16,0,36
84,-32,32,0,44
84,-32,64,0,72
84,-16,-64,0,66
84,-16,-32,0,36
84,-16,-16,0,22
84,-16,-1,0,16
84,-16,0,0,16
84,-16,1,0,16
84,-16,16,0,22
84,-16,32,0,36
84,-16,64,0,66
84,-1,-64,0,64
84,-1,-32,0,32
84,-1,-16,0,16
84,-1,-1,0,1
84,-1,0,0,1
84,-1,1,0,1
84,-1,16,0,16
84,-1,32,0,32
84,-1,64,0,64
84,0,-64,0,64
84,0,-32,0,32
84,0,-16,0,16
84,0,-1,0,1
84,0,0,0,0
84,0,1,0,1
84,0,16,0,16
84,0,32,0,32
84,0,64,0,64
84,1,-64,0,64
84,1,-32,0,32
84,1,-16,0,16
84,1,-1,0,1
84,1,0,0,1
84,1,1,0,1
84,1,16,0,16
84,1,32,0,32
84,1,64,0,64
84,16,-64,0,66
84,16,-32,0,36
84,16,-16,0,22
84,16,-1,0,16
84,16,0,0,16
84,16,1,0,16
84,16,16,0,22
84,16,32,0,36
84,16,64,0,66
84,32,-64,0,72
84,32,-32,0,44
84,32,-16,0,36
84,32,-1,0,32
84,32,0,0,32
84,32,1,0,32
84,32,16,0,36
84,32,32,0,44
84,32,64,0,72
84,64,-64,0,88
84,64,-32,0,72
84,64,-16,0,66
84,64,-1,0,64
84,64,0,0,64
84,64,1,0,64
84,64,16,0,66
84,64,32,0,72
84,64,64,0,88
85,-64,-64,-12,100
85,-64,-32,-12,84
85,-64,-16,-12,78
85,-64,-1,-12,76
85,-64,0,-12,76
85,-64,1,-12,76
85,-64,16,-12,78
85,-64,32,-12,84
85,-64,64,-12,100
85,-32,-64,-12,81
85,-32,-32,-12,56
85,-32,-16,-12,48
85,-32,-1,-12,44
85,-32,0,-12,44
85,-32,1,-12,44
85,-32,16,-12,48
85,-32,32,-12,56
85,-32,64,-12,81
85,-16,-64,-12,71
85,-16,-32,-12,43
85,-16,-16,-12,32
85,-16,-1,-12,28
85,-16,0,-12,28
85,-16,1,-12,28
85,-16,16,-12,32
85,-16,32,-12,43
85,-16,64,-12,71
85,-1,-64,-12,66
85,-1,-32,-12,35
85,-1,-16,-12,21
85,-1,-1,-12,13
85,-1,0,-12,13
85,-1,1,-12,13
85,-1,16,-12,21
85,-1,32,-12,35
85,-1,64,-12,66
85,0,-64,-12,66
85,0,-32,-12,35
85,0,-16,-12,21
85,0,-1,-12,12
85,0,0,-12,12
85,0,1,-12,12
85,0,16,-12,21
85,0,32,-12,35
85,0,64,-12,66
85,1,-64,-12,66
85,1,-32,-12,35
85,1,-16,-12,20
85,1,-1,-12,11
85,1,0,-12,11
85,1,1,-12,11
85,1,16,-12,20
85,1,32,-12,35
85,1,64,-12,66
85,16,-64,-12,65
85,16,-32,-12,33
85,16,-16,-12,17
85,16,-1,-12,4
85,16,0,-12,4
85,16,1,-12,4
85,16,16,-12,17
85,16,32,-12,33
85,16,64,-12,65
85,32,-64,-12,69
85,32,-32,-12,37
85,32,-16,-12,26
85,32,-1,-12,20
85,32,0,-12,20
85,32,1,-12,20
85,32,16,-12,26
85,32,32,-12,37
85,32,64,-12,69
85,64,-64,-12,84
85,64,-32,-12,60
85,64,-16,-12,56
85,64,-1,-12,52
85,64,0,-12,52
85,64,1,-12,52
85,64,16,-12,56
85,64,32,-12,60
85,64,64,-12,84
86,-64,-64,0,88
86,-64,-32,0,72
86,-64,-16,0,66
86,-64,-1,0,64
86,-64,0,0,64
86,-64,1,0,64
86,-64,16,0,66
86,-64,32,0,72
86,-64,64,0,88
86,-32,-64,0,72
86,-32,-32,0,44
86,-32,-16,0,36
86,-32,-1,0,32
86,-32,0,0,32
86,-32,1,0,32
86,-32,16,0,36
86,-32,32,0,44
86,-32,64,0,72
86,-16,-64,0,66
86,-16,-32,0,36
86,-16,-16,0,22
86,-16,-1,0,16
86,-16,0,0,16
86,-16,1,0,16
86,-16,16,0,22
86,-16,32,0,36
86,-16,64,0,66
86,-1,-64,0,64
86,-1,-32,0,32
86,-1,-16,0,16
86,-1,-1,0,1
86,-1,0,0,1
86,-1,1,0,1
86,-1,16,0,16
86,-1,32,0,32
86,-1,64,0,64
86,0,-64,0,64
86,0,-32,0,32
86,0,-16,0,16
86,0,-1,0,1
86,0,0,0,0
86,0,1,0,1
86,0,16,0,16
86,0,32,0,32
86,0,64,0,64
86,1,-64,0,64
86,1,-32,0,32
86,1,-16,0,16
86,1,-1,0,1
86,1,0,0,1
86,1,1,0,1
86,1,16,0,16
86,1,32,0,32
86,1,64,0,64
86,16,-64,0,66
86,16,-32,0,36
86,16,-16,0,22
86,16,-1,0,16
86,16,0,0,16
86,16,1,0,16
86,16,16,0,22
86,16,32,0,36
86,16,64,0,66
86,32,-64,0,72
86,32,-32,0,44
86,32,-16,0,36
86,32,-1,0,32
86,32,0,0,32
86,32,1,0,32
86,32,16,0,36
86,32,32,0,44
86,32,64,0,72
86,64,-64,0,88
86,64,-32,0,72
86,64,-16,0,66
86,64,-1,0,64
86,64,0,0,64
86,64,1,0,64
86,64,16,0,66
86,64,32,0,72
86,64,64,0,88
87,-64,-64,-12,100
87,-64,-32,-12,84
87,-64,-16,-12,78
87,-64,-1,-12,76
87,-64,0,-12,76
87,-64,1,-12,76
87,-64,16,-12,78
87,-64,32,-12,84
87,-64,64,-12,100
87,-32,-64,-12,81
87,-32,-32,-12,56
87,-32,-16,-12,48
87,-32,-1,-12,44
87,-32,0,-12,44
87,-32,1,-12,44
87,-32,16,-12,48
87,-32,32,-12,56
87,-32,64,-12,81
87,-16,-64,-12,71
87,-16,-32,-12,43
87,-16,-16,-12,32
87,-16,-1,-12,28
87,-16,0,-12,28
87,-16,1,-12,28
87,-16,16,-12,32
87,-16,32,-12,43
87,-16,64,-12,71
87,-1,-64,-12,66
87,-1,-32,-12,35
87,-1,-16,-12,21
87,-1,-1,-12,13
87,-1,0,-12,13
87,-1,1,-12,13
87,-1,16,-12,21
87,-1,32,-12,35
87,-1,64,-12,66
87,0,-64,-12,66
87,0,-32,-12,35
87,0,-16,-12,21
87,0,-1,-12,12
87,0,0,-12,12
87,0,1,-12,12
87,0,16,-12,21
87,0,32,-12,35
87,0,64,-12,66
87,1,-64,-12,66
87,1,-32,-12,35
87,1,-16,-12,20
87,1,-1,-12,11
87,1,0,-12,11
87,1,1,-12,11
87,1,16,-12,20
87,1,32,-12,35
87,1,64,-12,66
87,16,-64,-12,65
87,16,-32,-12,33
87,16,-16,-12,17
87,16,-1,-12,4
87,16,0,-12,4
87,16,1,-12,4
87,16,16,-12,17
87,16,32,-12,33
87,16,64,-12,65
87,32,-64,-12,69
87,32,-32,-12,37
87,32,-16,-12,26
87,32,-1,-12,20
87,32,0,-12,20
87,32,1,-12,20
87,32,16,-12,26
87,32,32,-12,37
87,32,64,-12,69
87,64,-64,-12,84
87,64,-32,-12,60
87,64,-16,-12,56
87,64,-1,-12,52
87,64,0,-12,52
87,64,1,-12,52
87,64,16,-12,56
87,64,32,-12,60
87,64,64,-12,84
88,-64,-64,0,88
88,-64,-32,0,72
88,-64,-16,0,66
88,-64,-1,0,64
88,-64,0,0,64
88,-64,1,0,64
88,-64,16,0,66
88,-64,32,0,72
88,-64,64,0,88
88,-32,-64,0,72
88,-32,-32,0,44
88,-32,-16,0,36
88,-32,-1,0,32
88,-32,0,0,32
88,-32,1,0,32
88,-32,16,0,36
88,-32,32,0,44
88,-32,64,0,72
88,-16,-64,0,66
88,-16,-32,0,36
88,-16,-16,0,22
88,-16,-1,0,16
88,-16,0,0,16
88,-16,1,0,16
88,-16,16,0,22
88,-16,32,0,36
88,-16,64,0,66
88,-1,-64,0,64
88,-1,-32,0,32
88,-1,-16,0,16
88,-1,-1,0,1
88,-1,0,0,1
88,-1,1,0,1
88,-1,16,0,16
88,-1,32,0,32
88,-1,64,0,64
88,0,-64,0,64
88,0,-32,0,32
88,0,-16,0,16
88,0,-1,0,1
88,0,0,0,0
88,0,1,0,1
88,0,16,0,16
88,0,32,0,32
88,0,64,0,64
88,1,-64,0,64
88,1,-32,0,32
88,1,-16,0,16
88,1,-1,0,1
88,1,0,0,1
88,1,1,0,1
88,1,16,0,16
88,1,32,0,32
88,1,64,0,64
88,16,-64,0,66
88,16,-32,0,36
88,16,-16,0,22
88,16,-1,0,16
88,16,0,0,16
88,16,1,0,16
88,16,16,0,22
88,16,32,0,36
88,16,64,0,66
88,32,-64,0,72
88,32,-32,0,44
88,32,-16,0,36
88,32,-1,0,32
88,32,0,0,32
88,32,1,0,32
88,32,16,0,36
88,32,32,0,44
88,32,64,0,72
88,64,-64,0,88
88,64,-32,0,72
88,64,-16,0,66
88,64,-1,0,64
88,64,0,0,64
88,64,1,0,64
88,64,16,0,66
88,64,32,0,72
88,64,64,0,88
89,-64,-64,0,88
89,-64,-32,0,72
89,-64,-16,0,66
89,-64,-1,0,64
89,-64,0,0,64
89,-64,1,0,64
89,-64,16,0,66
89,-64,32,0,72
89,-64,64,0,88
89,-32,-64,0,72
89,-32,-32,0,44
89,-32,-16,0,36
89,-32,-1,0,32
89,-32,0,0,32
89,-32,1,0,32
89,-32,16,0,36
89,-32,32,0,44
89,-32,64,0,72
89,-16,-64,0,66
89,-16,-32,0,36
89,-16,-16,0,22
89,-16,-1,0,16
89,-16,0,0,16
89,-16,1,0,16
89,-16,16,0,22
89,-16,32,0,36
89,-16,64,0,66
89,-1,-64,0,64
89,-1,-32,0,32
89,-1,-16,0,16
89,-1,-1,0,1
89,-1,0,0,1
89,-1,1,0,1
89,-1,16,0,16
89,-1,32,0,32
89,-1,64,0,64
89,0,-64,0,64
89,0,-32,0,32
89,0,-16,0,16
89,0,-1,0,1
89,0,0,0,0
89,0,1,0,1
89,0,16,0,16
89,0,32,0,32
89,0,64,0,64
89,1,-64,0,64
89,1,-32,0,32
89,1,-16,0,16
89,1,-1,0,1
89,1,0,0,1
89,1,1,0,1
89,1,16,0,16
89,1,32,0,32
89,1,64,0,64
89,16,-64,0,66
89,16,-32,0,36
89,16,-16,0,22
89,16,-1,0,16
89,16,0,0,16
89,16,1,0,16
89,16,16,0,22
89,16,32,0,36
89,16,64,0,66
89,32,-64,0,72
89,32,-32,0,44
89,32,-16,0,36
89,32,-1,0,32
89,32,0,0,32
89,32,1,0,32
89,32,16,0,36
89,32,32,0,44
89,32,64,0,72
89,64,-64,0,88
89,64,-32,0,72
89,64,-16,0,66
89,64,-1,0,64
89,64,0,0,64
89,64,1,0,64
89,64,16,0,66
89,64,32,0,72
89,64,64,0,88
90,-64,-64,0,88
90,-64,-32,0,72
90,-64,-16,0,66
90,-64,-1,0,64
90,-64,0,0,64
90,-64,1,0,64
90,-64,16,0,66
90,-64,32,0,72
90,-64,64,0,88
90,-32,-64,0,72
90,-32,-32,0,44
90,-32,-16,0,36
90,-32,-1,0,32
90,-32,0,0,32
90,-32,1,0,32
90,-32,16,0,36
90,-32,32,0,44
90,-32,64,0,72
90,-16,-64,0,66
90,-16,-32,0,36
90,-16,-16,0,22
90,-16,-1,0,16
90,-16,0,0,16
90,-16,1,0,16
90,-16,16,0,22
90,-16,32,0,36
90,-16,64,0,66
90,-1,-64,0,64
90,-1,-32,0,32
90,-1,-16,0,16
90,-1,-1,0,1
90,-1,0,0,1
90,-1,1,0,1
90,-1,16,0,16
90,-1,32,0,32
90,-1,64,0,64
90,0,-64,0,64
90,0,-32,0,32
90,0,-16,0,16
90,0,-1,0,1
90,0,0,0,0
90,0,1,0,1
90,0,16,0,16
90,0,32,0,32
90,0,64,0,64
90,1,-64,0,64
90,1,-32,0,32
90,1,-16,0,16
90,1,-1,0,1
90,1,0,0,1
90,1,1,0,1
90,1,16,0,16
90,1,32,0,32
90,1,64,0,64
90,16,-64,0,66
90,16,-32,0,36
90,16,-16,0,22
90,16,-1,0,16
90,16,0,0,16
90,16,1,0,16
90,16,16,0,22
90,16,32,0,36
90,16,64,0,66
90,32,-64,0,72
90,32,-32,0,44
90,32,-16,0,36
90,32,-1,0,32
90,32,0,0,32
90,32,1,0,32
90,32,16,0,36
90,32,32,0,44
90,32,64,0,72
90,64,-64,0,88
90,64,-32,0,72
90,64,-16,0,66
90,64,-1,0,64
90,64,0,0,64
90,64,1,0,64
90,64,16,0,66
90,64,32,0,72
90,64,64,0,88
91,-64,-64,0,88
91,-64,-32,0,72
91,-64,-16,0,66
91,-64,-1,0,64
91,-64,0,0,64
91,-64,1,0,64
91,-64,16,0,66
91,-64,32,0,72
91,-64,64,0,88
91,-32,-64,0,72
91,-32,-32,0,44
91,-32,-16,0,36
91,-32,-1,0,32
91,-32,0,0,32
91,-32,1,0,32
91,-32,16,0,36
91,-32,32,0,44
91,-32,64,0,72
91,-16,-64,0,66
91,-16,-32,0,36
91,-16,-16,0,22
91,-16,-1,0,16
91,-16,0,0,16
91,-16,1,0,16
91,-16,16,0,22
91,-16,32,0,36
91,-16,64,0,66
91,-1,-64,0,64
91,-1,-32,0,32
91,-1,-16,0,16
91,-1,-1,0,1
91,-1,0,0,1
91,-1,1,0,1
91,-1,16,0,16
91,-1,32,0,32
91,-1,64,0,64
91,0,-64,0,64
91,0,-32,0,32
91,0,-16,0,16
91,0,-1,0,1
91,0,0,0,0
91,0,1,0,1
91,0,16,0,16
91,0,32,0,32
91,0,64,0,64
91,1,-64,0,64
91,1,-32,0,32
91,1,-16,0,16
91,1,-1,0,1
91,1,0,0,1
91,1,1,0,1
91,1,16,0,16
91,1,32,0,32
91,1,64,0,64
91,16,-64,0,66
91,16,-32,0,36
91,16,-16,0,22
91,16,-1,0,16
91,16,0,0,16
91,16,1,0,16
91,16,16,0,22
91,16,32,0,36
91,16,64,0,66
91,32,-64,0,72
91,32,-32,0,44
91,32,-16,0,36
91,32,-1,0,32
91,32,0,0,32
91,32,1,0,32
91,32,16,0,36
91,32,32,0,44
91,32,64,0,72
91,64,-64,0,88
91,64,-32,0,72
91,64,-16,0,66
91,64,-1,0,64
91,64,0,0,64
91,64,1,0,64
91,64,16,0,66
91,64,32,0,72
91,64,64,0,88
92,-64,-64,0,88
92,-64,-32,0,72
92,-64,-16,0,66
92,-64,-1,0,64
92,-64,0,0,64
92,-64,1,0,64
92,-64,16,0,66
92,-64,32,0,72
92,-64,64,0,88
92,-32,-64,0,72
92,-32,-32,0,44
92,-32,-16,0,36
92,-32,-1,0,32
92,-32,0,0,32
92,-32,1,0,32
92,-32,16,0,36
92,-32,32,0,44
92,-32,64,0,72
92,-16,-64,0,66
92,-16,-32,0,36
92,-16,-16,0,22
92,-16,-1,0,16
92,-16,0,0,16
92,-16,1,0,16
92,-16,16,0,22
92,-16,32,0,36
92,-16,64,0,66
92,-1,-64,0,64
92,-1,-32,0,32
92,-1,-16,0,16
92,-1,-1,0,1
92,-1,0,0,1
92,-1,1,0,1
92,-1,16,0,16
92,-1,32,0,32
92,-1,64,0,64
92,0,-64,0,64
92,0,-32,0,32
92,0,-16,0,16
92,0,-1,0,1
92,0,0,0,0
92,0,1,0,1
92,0,16,0,16
92,0,32,0,32
92,0,64,0,64
92,1,-64,0,64
92,1,-32,0,32
92,1,-16,0,16
92,1,-1,0,1
92,1,0,0,1
92,1,1,0,1
92,1,16,0,16
92,1,32,0,32
92,1,64,0,64
92,16,-64,0,66
92,16,-32,0,36
92,16,-16,0,22
92,16,-1,0,16
92,16,0,0,16
92,16,1,0,16
92,16,16,0,22
92,16,32,0,36
92,16,64,0,66
92,32,-64,0,72
92,32,-32,0,44
92,32,-16,0,36
92,32,-1,0,32
92,32,0,0,32
92,32,1,0,32
92,32,16,0,36
92,32,32,0,44
92,32,64,0,72
92,64,-64,0,88
92,64,-32,0,72
92,64,-16,0,66
92,64,-1,0,64
92,64,0,0,64
92,64,1,0,64
92,64,16,0,66
92,64,32,0,72
92,64,64,0,88
93,-64,-64,0,88
93,-64,-32,0,72
93,-64,-16,0,66
93,-64,-1,0,64
93,-64,0,0,64
93,-64,1,0,64
93,-64,16,0,66
93,-64,32,0,72
93,-64,64,0,88
93,-32,-64,0,72
93,-32,-32,0,44
93,-32,-16,0,36
93,-32,-1,0,32
93,-32,0,0,32
93,-32,1,0,32
93,-32,16,0,36
93,-32,32,0,44
93,-32,64,0,72
93,-16,-64,0,66
93,-16,-32,0,36
93,-16,-16,0,22
93,-16,-1,0,16
93,-16,0,0,16
93,-16,1,0,16
93,-16,16,0,22
93,-16,32,0,36
93,-16,64,0,66
93,-1,-64,0,64
93,-1,-32,0,32
93,-1,-16,0,16
93,-1,-1,0,1
93,-1,0,0,1
93,-1,1,0,1
93,-1,16,0,16
93,-1,32,0,32
93,-1,64,0,64
93,0,-64,0,64
93,0,-32,0,32
93,0,-16,0,16
93,0,-1,0,1
93,0,0,0,0
93,0,1,0,1
93,0,16,0,16
93,0,32,0,32
93,0,64,0,64
93,1,-64,0,64
93,1,-32,0,32
93,1,-16,0,16
93,1,-1,0,1
93,1,0,0,1
93,1,1,0,1
93,1,16,0,16
93,1,32,0,32
93,1,64,0,64
93,16,-64,0,66
93,16,-32,0,36
93,16,-16,0,22
93,16,-1,0,16
93,16,0,0,16
93,16,1,0,16
93,16,16,0,22
93,16,32,0,36
93,16,64,0,66
93,32,-64,0,72
93,32,-32,0,44
93,32,-16,0,36
93,32,-1,0,32
93,32,0,0,32
93,32,1,0,32
93,32,16,0,36
93,32,32,0,44
93,32,64,0,72
93,64,-64,0,88
93,64,-32,0,72
93,64,-16,0,66
93,64,-1,0,64
93,64,0,0,64
93,64,1,0,64
93,64,16,0,66
93,64,32,0,72
93,64,64,0,88
94,-64,-64,4,87
94,-64,-32,4,68
94,-64,-16,4,62
94,-64,-1,4,60
94,-64,0,4,60
94,-64,1,4,60
94,-64,16,4,62
94,-64,32,4,68
94,-64,64,4,87
94,-32,-64,4,71
94,-32,-32,4,43
94,-32,-16,4,32
94,-32,-1,4,28
94,-32,0,4,28
94,-32,1,4,28
94,-32,16,4,32
94,-32,32,4,43
94,-32,64,4,71
94,-16,-64,4,66
94,-16,-32,4,35
94,-16,-16,4,21
94,-16,-1,4,12
94,-16,0,4,12
94,-16,1,4,12
94,-16,16,4,21
94,-16,32,4,35
94,-16,64,4,66
94,-1,-64,4,65
94,-1,-32,4,33
94,-1,-16,4,17
94,-1,-1,4,3
94,-1,0,4,3
94,-1,1,4,3
94,-1,16,4,17
94,-1,32,4,33
94,-1,64,4,65
94,0,-64,4,65
94,0,-32,4,33
94,0,-16,4,17
94,0,-1,4,4
94,0,0,4,4
94,0,1,4,4
94,0,16,4,17
94,0,32,4,33
94,0,64,4,65
94,1,-64,4,65
94,1,-32,4,33
94,1,-16,4,17
94,1,-1,4,5
94,1,0,4,5
94,1,1,4,5
94,1,16,4,17
94,1,32,4,33
94,1,64,4,65
94,16,-64,4,69
94,16,-32,4,37
94,16,-16,4,26
94,16,-1,4,20
94,16,0,4,20
94,16,1,4,20
94,16,16,4,26
94,16,32,4,37
94,16,64,4,69
94,32,-64,4,73
94,32,-32,4,48
94,32,-16,4,40
94,32,-1,4,36
94,32,0,4,36
94,32,1,4,36
94,32,16,4,40
94,32,32,4,48
94,32,64,4,73
94,64,-64,4,92
94,64,-32,4,76
94,64,-16,4,70
94,64,-1,4,68
94,64,0,4,68
94,64,1,4,68
94,64,16,4,70
94,64,32,4,76
94,64,64,4,92
95,-64,-64,4,87
95,-64,-32,4,68
95,-64,-16,4,62
95,-64,-1,4,60
95,-64,0,4,60
95,-64,1,4,60
95,-64,16,4,62
95,-64,32,4,68
95,-64,64,4,87
95,-32,-64,4,71
95,-32,-32,4,43
95,-32,-16,4,32
95,-32,-1,4,28
95,-32,0,4,28
95,-32,1,4,28
95,-32,16,4,32
95,-32,32,4,43
95,-32,64,4,71
95,-16,-64,4,66
95,-16,-32,4,35
95,-16,-16,4,21
95,-16,-1,4,12
95,-16,0,4,12
95,-16,1,4,12
95,-16,16,4,21
95,-16,32,4,35
95,-16,64,4,66
95,-1,-64,4,65
95,-1,-32,4,33
95,-1,-16,4,17
95,-1,-1,4,3
95,-1,0,4,3
95,-1,1,4,3
95,-1,16,4,17
95,-1,32,4,33
95,-1,64,4,65
95,0,-64,4,65
95,0,-32,4,33
95,0,-16,4,17
95,0,-1,4,4
95,0,0,4,4
95,0,1,4,4
95,0,16,4,17
95,0,32,4,33
95,0,64,4,65
95,1,-64,4,65
95,1,-32,4,33
95,1,-16,4,17
95,1,-1,4,5
95,1,0,4,5
95,1,1,4,5
95,1,16,4,17
95,1,32,4,33
95,1,64,4,65
95,16,-64,4,69
95,16,-32,4,37
95,16,-16,4,26
95,16,-1,4,20
95,16,0,4,20
95,16,1,4,20
95,16,16,4,26
95,16,32,4,37
95,16,64,4,69
95,32,-64,4,73
95,32,-32,4,48
95,32,-16,4,40
95,32,-1,4,36
95,32,0,4,36
95,32,1,4,36
95,32,16,4,40
95,32,32,4,48
95,32,64,4,73
95,64,-64,4,92
95,64,-32,4,76
95,64,-16,4,70
95,64,-1,4,68
95,64,0,4,68
95,64,1,4,68
95,64,16,4,70
95,64,32,4,76
95,64,64,4,92
96,-64,-64,0,88
96,-64,-32,0,72
96,-64,-16,0,66
96,-64,-1,0,64
96,-64,0,0,64
96,-64,1,0,64
96,-64,16,0,66
96,-64,32,0,72
96,-64,64,0,88
96,-32,-64,0,72
96,-32,-32,0,44
96,-32,-16,0,36
96,-32,-1,0,32
96,-32,0,0,32
96,-32,1,0,32
96,-32,16,0,36
96,-32,32,0,44
96,-32,64,0,72
96,-16,-64,0,66
96,-16,-32,0,36
96,-16,-16,0,22
96,-16,-1,0,16
96,-16,0,0,16
96,-16,1,0,16
96,-16,16,0,22
96,-16,32,0,36
96,-16,64,0,66
96,-1,-64,0,64
96,-1,-32,0,32
96,-1,-16,0,16
96,-1,-1,0,1
96,-1,0,0,1
96,-1,1,0,1
96,-1,16,0,16
96,-1,32,0,32
96,-1,64,0,64
96,0,-64,0,64
96,0,-32,0,32
96,0,-16,0,16
96,0,-1,0,1
96,0,0,0,0
96,0,1,0,1
96,0,16,0,16
96,0,32,0,32
96,0,64,0,64
96,1,-64,0,64
96,1,-32,0,32
96,1,-16,0,16
96,1,-1,0,1
96,1,0,0,1
96,1,1,0,1
96,1,16,0,16
96,1,32,0,32
96,1,64,0,64
96,16,-64,0,66
96,16,-32,0,36
96,16,-16,0,22
96,16,-1,0,16
96,16,0,0,16
96,16,1,0,16
96,16,16,0,22
96,16,32,0,36
96,16,64,0,66
96,32,-64,0,72
96,32,-32,0,44
96,32,-16,0,36
96,32,-1,0,32
96,32,0,0,32
96,32,1,0,32
96,32,16,0,36
96,32,32,0,44
96,32,64,0,72
96,64,-64,0,88
96,64,-32,0,72
96,64,-16,0,66
96,64,-1,0,64
96,64,0,0,64
96,64,1,0,64
96,64,16,0,66
96,64,32,0,72
96,64,64,0,88
97,-64,-64,0,88
97,-64,-32,0,72
97,-64,-16,0,66
97,-64,-1,0,64
97,-64,0,0,64
97,-64,1,0,64
97,-64,16,0,66
97,-64,32,0,72
97,-64,64,0,88
97,-32,-64,0,72
97,-32,-32,0,44
97,-32,-16,0,36
97,-32,-1,0,32
97,-32,0,0,32
97,-32,1,0,32
97,-32,16,0,36
97,-32,32,0,44
97,-32,64,0,72
97,-16,-64,0,66
97,-16,-32,0,36
97,-16,-16,0,22
97,-16,-1,0,16
97,-16,0,0,16
97,-16,1,0,16
97,-16,16,0,22
97,-16,32,0,36
97,-16,64,0,66
97,-1,-64,0,64
97,-1,-32,0,32
97,-1,-16,0,16
97,-1,-1,0,1
97,-1,0,0,1
97,-1,1,0,1
97,-1,16,0,16
97,-1,32,0,32
97,-1,64,0,64
97,0,-64,0,64
97,0,-32,0,32
97,0,-16,0,16
97,0,-1,0,1
97,0,0,0,0
97,0,1,0,1
97,0,16,0,16
97,0,32,0,32
97,0,64,0,64
97,1,-64,0,64
97,1,-32,0,32
97,1,-16,0,16
97,1,-1,0,1
97,1,0,0,1
97,1,1,0,1
97,1,16,0,16
97,1,32,0,32
97,1,64,0,64
97,16,-64,0,66
97,16,-32,0,36
97,16,-16,0,22
97,16,-1,0,16
97,16,0,0,16
97,16,1,0,16
97,16,16,0,22
97,16,32,0,36
97,16,64,0,66
97,32,-64,0,72
97,32,-32,0,44
97,32,-16,0,36
97,32,-1,0,32
97,32,0,0,32
97,32,1,0,32
97,32,16,0,36
97,32,32,0,44
97,32,64,0,72
97,64,-64,0,88
97,64,-32,0,72
97,64,-16,0,66
97,64,-1,0,64
97,64,0,0,64
97,64,1,0,64
97,64,16,0,66
97,64,32,0,72
97,64,64,0,88
98,-64,-64,0,88
98,-64,-32,0,72
98,-64,-16,0,66
98,-64,-1,0,64
98,-64,0,0,64
98,-64,1,0,64
98,-64,16,0,66
98,-64,32,0,72
98,-64,64,0,88
98,-32,-64,0,72
98,-32,-32,0,44
98,-32,-16,0,36
98,-32,-1,0,32
98,-32,0,0,32
98,-32,1,0,32
98,-32,16,0,36
98,-32,32,0,44
98,-32,64,0,72
98,-16,-64,0,66
98,-16,-32,0,36
98,-16,-16,0,22
98,-16,-1,0,16
98,-16,0,0,16
98,-16,1,0,16
98,-16,16,0,22
98,-16,32,0,36
98,-16,64,0,66
98,-1,-64,0,64
98,-1,-32,0,32
98,-1,-16,0,16
98,-1,-1,0,1
98,-1,0,0,1
98,-1,1,0,1
98,-1,16,0,16
98,-1,32,0,32
98,-1,64,0,64
98,0,-64,0,64
98,0,-32,0,32
98,0,-16,0,16
98,0,-1,0,1
98,0,0,0,0
98,0,1,0,1
98,0,16,0,16
98,0,32,0,32
98,0,64,0,64
98,1,-64,0,64
98,1,-32,0,32
98,1,-16,0,16
98,1,-1,0,1
98,1,0,0,1
98,1,1,0,1
98,1,16,0,16
98,1,32,0,32
98,1,64,0,64
98,16,-64,0,66
98,16,-32,0,36
98,16,-16,0,22
98,16,-1,0,16
98,16,0,0,16
98,16,1,0,16
98,16,16,0,22
98,16,32,0,36
98,16,64,0,66
98,32,-64,0,72
98,32,-32,0,44
98,32,-16,0,36
98,32,-1,0,32
98,32,0,0,32
98,32,1,0,32
98,32,16,0,36
98,32,32,0,44
98,32,64,0,72
98,64,-64,0,88
98,64,-32,0,72
98,64,-16,0,66
98,64,-1,0,64
98,64,0,0,64
98,64,1,0,64
98,64,16,0,66
98,64,32,0,72
98,64,64,0,88
99,-64,-64,0,88
99,-64,-32,0,72
99,-64,-16,0,66
99,-64,-1,0,64
99,-64,0,0,64
99,-64,1,0,64
99,-64,16,0,66
99,-64,32,0,72
99,-64,64,0,88
99,-32,-64,0,72
99,-32,-32,0,44
99,-32,-16,0,36
99,-32,-1,0,32
99,-32,0,0,32
99,-32,1,0,32
99,-32,16,0,36
99,-32,32,0,44
99,-32,64,0,72
99,-16,-64,0,66
99,-16,-32,0,36
99,-16,-16,0,22
99,-16,-1,0,16
99,-16,0,0,16
99,-16,1,0,16
99,-16,16,0,22
99,-16,32,0,36
99,-16,64,0,66
99,-1,-64,0,64
99,-1,-32,0,32
99,-1,-16,0,16
99,-1,-1,0,1
99,-1,0,0,1
99,-1,1,0,1
99,-1,16,0,16
99,-1,32,0,32
99,-1,64,0,64
99,0,-64,0,64
99,0,-32,0,32
99,0,-16,0,16
99,0,-1,0,1
99,0,0,0,0
99,0,1,0,1
99,0,16,0,16
99,0,32,0,32
99,0,64,0,64
99,1,-64,0,64
99,1,-32,0,32
99,1,-16,0,16
99,1,-1,0,1
99,1,0,0,1
99,1,1,0,1
99,1,16,0,16
99,1,32,0,32
99,1,64,0,64
99,16,-64,0,66
99,16,-32,0,36
99,16,-16,0,22
99,16,-1,0,16
99,16,0,0,16
99,16,1,0,16
99,16,16,0,22
99,16,32,0,36
99,16,64,0,66
99,32,-64,0,72
99,32,-32,0,44
99,32,-16,0,36
99,32,-1,0,32
99,32,0,0,32
99,32,1,0,32
99,32,16,0,36
99,32,32,0,44
99,32,64,0,72
99,64,-64,0,88
99,64,-32,0,72
99,64,-16,0,66
99,64,-1,0,64
99,64,0,0,64
99,64,1,0,64
99,64,16,0,66
99,64,32,0,72
99,64,64,0,88
100,-64,-64,-2,90
100,-64,-32,-2,74
100,-64,-16,-2,68
100,-64,-1,-2,66
100,-64,0,-2,66
100,-64,1,-2,66
100,-64,16,-2,68
100,-64,32,-2,74
100,-64,64,-2,90
100,-32,-64,-2,73
100,-32,-32,-2,46
100,-32,-16,-2,38
100,-32,-1,-2,34
100,-32,0,-2,34
100,-32,1,-2,34
100,-32,16,-2,38
100,-32,32,-2,46
100,-32,64,-2,73
100,-16,-64,-2,67
100,-16,-32,-2,37
100,-16,-16,-2,24
100,-16,-1,-2,18
100,-16,0,-2,18
100,-16,1,-2,18
100,-16,16,-2,24
100,-16,32,-2,37
100,-16,64,-2,67
100,-1,-64,-2,65
100,-1,-32,-2,33
100,-1,-16,-2,17
100,-1,-1,-2,3
100,-1,0,-2,3
100,-1,1,-2,3
100,-1,16,-2,17
100,-1,32,-2,33
100,-1,64,-2,65
100,0,-64,-2,65
100,0,-32,-2,33
100,0,-16,-2,17
100,0,-1,-2,2
100,0,0,-2,2
100,0,1,-2,2
100,0,16,-2,17
100,0,32,-2,33
100,0,64,-2,65
100,1,-64,-2,64
100,1,-32,-2,32
100,1,-16,-2,16
100,1,-1,-2,1
100,1,0,-2,1
100,1,1,-2,1
100,1,16,-2,16
100,1,32,-2,32
100,1,64,-2,64
100,16,-64,-2,67
100,16,-32,-2,36
100,16,-16,-2,22
100,16,-1,-2,14
100,16,0,-2,14
100,16,1,-2,14
100,16,16,-2,22
100,16,32,-2,36
100,16,64,-2,67
100,32,-64,-2,72
100,32,-32,-2,44
100,32,-16,-2,34
100,32,-1,-2,30
100,32,0,-2,30
100,32,1,-2,30
100,32,16,-2,34
100,32,32,-2,44
100,32,64,-2,72
100,64,-64,-2,88
100,64,-32,-2,70
100,64,-16,-2,64
100,64,-1,-2,62
100,64,0,-2,62
100,64,1,-2,62
100,64,16,-2,64
100,64,32,-2,70
100,64,64,-2,88
101,-64,-64,0,88
101,-64,-32,0,72
101,-64,-16,0,66
101,-64,-1,0,64
101,-64,0,0,64
101,-64,1,0,64
101,-64,16,0,66
101,-64,32,0,72
101,-64,64,0,88
101,-32,-64,0,72
101,-32,-32,0,44
101,-32,-16,0,36
101,-32,-1,0,32
101,-32,0,0,32
101,-32,1,0,32
101,-32,16,0,36
101,-32,32,0,44
101,-32,64,0,72
101,-16,-64,0,66
101,-16,-32,0,36
101,-16,-16,0,22
101,-16,-1,0,16
101,-16,0,0,16
101,-16,1,0,16
101,-16,16,0,22
101,-16,32,0,36
101,-16,64,0,66
101,-1,-64,0,64
101,-1,-32,0,32
101,-1,-16,0,16
101,-1,-1,0,1
101,-1,0,0,1
101,-1,1,0,1
101,-1,16,0,16
101,-1,32,0,32
101,-1,64,0,64
101,0,-64,0,64
101,0,-32,0,32
101,0,-16,0,16
101,0,-1,0,1
101,0,0,0,0
101,0,1,0,1
101,0,16,0,16
101,0,32,0,32
101,0,64,0,64
101,1,-64,0,64
101,1,-32,0,32
101,1,-16,0,16
101,1,-1,0,1
101,1,0,0,1
101,1,1,0,1
101,1,16,0,16
101,1,32,0,32
101,1,64,0,64
101,16,-64,0,66
101,16,-32,0,36
101,16,-16,0,22
101,16,-1,0,16
101,16,0,0,16
101,16,1,0,16
101,16,16,0,22
101,16,32,0,36
101,16,64,0,66
101,32,-64,0,72
101,32,-32,0,44
101,32,-16,0,36
101,32,-1,0,32
101,32,0,0,32
101,32,1,0,32
101,32,16,0,36
101,32,32,0,44
101,32,64,0,72
101,64,-64,0,88
101,64,-32,0,72
101,64,-16,0,66
101,64,-1,0,64
101,64,0,0,64
101,64,1,0,64
101,64,16,0,66
101,64,32,0,72
101,64,64,0,88
102,-64,-64,0,88
102,-64,-32,0,72
102,-64,-16,0,66
102,-64,-1,0,64
102,-64,0,0,64
102,-64,1,0,64
102,-64,16,0,66
102,-64,32,0,72
102,-64,64,0,88
102,-32,-64,0,72
102,-32,-32,0,44
102,-32,-16,0,36
102,-32,-1,0,32
102,-32,0,0,32
102,-32,1,0,32
102,-32,16,0,36
102,-32,32,0,44
102,-32,64,0,72
102,-16,-64,0,66
102,-16,-32,0,36
102,-16,-16,0,22
102,-16,-1,0,16
102,-16,0,0,16
102,-16,1,0,16
102,-16,16,0,22
102,-16,32,0,36
102,-16,64,0,66
102,-1,-64,0,64
102,-1,-32,0,32
102,-1,-16,0,16
102,-1,-1,0,1
102,-1,0,0,1
102,-1,1,0,1
102,-1,16,0,16
102,-1,32,0,32
102,-1,64,0,64
102,0,-64,0,64
102,0,-32,0,32
102,0,-16,0,16
102,0,-1,0,1
102,0,0,0,0
102,0,1,0,1
102,0,16,0,16
102,0,32,0,32
102,0,64,0,64
102,1,-64,0,64
102,1,-32,0,32
102,1,-16,0,16
102,1,-1,0,1
102,1,0,0,1
102,1,1,0,1
102,1,16,0,16
102,1,32,0,32
102,1,64,0,64
102,16,-64,0,66
102,16,-32,0,36
102,16,-16,0,22
102,16,-1,0,16
102,16,0,0,16
102,16,1,0,16
102,16,16,0,22
102,16,32,0,36
102,16,64,0,66
102,32,-64,0,72
102,32,-32,0,44
102,32,-16,0,36
102,32,-1,0,32
102,32,0,0,32
102,32,1,0,32
102,32,16,0,36
102,32,32,0,44
102,32,64,0,72
102,64,-64,0,88
102,64,-32,0,72
102,64,-16,0,66
102,64,-1,0,64
102,64,0,0,64
102,64,1,0,64
102,64,16,0,66
102,64,32,0,72
102,64,64,0,88
103,-64,-64,0,88
103,-64,-32,0,72
103,-64,-16,0,66
103,-64,-1,0,64
103,-64,0,0,64
103,-64,1,0,64
103,-64,16,0,66
103,-64,32,0,72
103,-64,64,0,88
103,-32,-64,0,72
103,-32,-32,0,44
103,-32,-16,0,36
103,-32,-1,0,32
103,-32,0,0,32
103,-32,1,0,32
103,-32,16,0,36
103,-32,32,0,44
103,-32,64,0,72
103,-16,-64,0,66
103,-16,-32,0,36
103,-16,-16,0,22
103,-16,-1,0,16
103,-16,0,0,16
103,-16,1,0,16
103,-16,16,0,22
103,-16,32,0,36
103,-16,64,0,66
103,-1,-64,0,64
103,-1,-32,0,32
103,-1,-16,0,16
103,-1,-1,0,1
103,-1,0,0,1
103,-1,1,0,1
103,-1,16,0,16
103,-1,32,0,32
103,-1,64,0,64
103,0,-64,0,64
103,0,-32,0,32
103,0,-16,0,16
103,0,-1,0,1
103,0,0,0,0
103,0,1,0,1
103,0,16,0,16
103,0,32,0,32
103,0,64,0,64
103,1,-64,0,64
103,1,-32,0,32
103,1,-16,0,16
103,1,-1,0,1
103,1,0,0,1
103,1,1,0,1
103,1,16,0,16
103,1,32,0,32
103,1,64,0,64
103,16,-64,0,66
103,16,-32,0,36
103,16,-16,0,22
103,16,-1,0,16
103,16,0,0,16
103,16,1,0,16
103,16,16,0,22
103,16,32,0,36
103,16,64,0,66
103,32,-64,0,72
103,32,-32,0,44
103,32,-16,0,36
103,32,-1,0,32
103,32,0,0,32
103,32,1,0,32
103,32,16,0,36
103,32,32,0,44
103,32,64,0,72
103,64,-64,0,88
103,64,-32,0,72
103,64,-16,0,66
103,64,-1,0,64
103,64,0,0,64
103,64,1,0,64
103,64,16,0,66
103,64,32,0,72
103,64,64,0,88
104,-64,-64,1,88
104,-64,-32,1,71
104,-64,-16,1,65
104,-64,-1,1,63
104,-64,0,1,63
104,-64,1,1,63
104,-64,16,1,65
104,-64,32,1,71
104,-64,64,1,88
104,-32,-64,1,72
104,-32,-32,1,44
104,-32,-16,1,35
104,-32,-1,1,31
104,-32,0,1,31
104,-32,1,1,31
104,-32,16,1,35
104,-32,32,1,44
104,-32,64,1,72
104,-16,-64,1,67
104,-16,-32,1,36
104,-16,-16,1,22
104,-16,-1,1,15
104,-16,0,1,15
104,-16,1,1,15
104,-16,16,1,22
104,-16,32,1,36
104,-16,64,1,67
104,-1,-64,1,64
104,-1,-32,1,32
104,-1,-16,1,16
104,-1,-1,1,1
104,-1,0,1,0
104,-1,1,1,1
104,-1,16,1,16
104,-1,32,1,32
104,-1,64,1,64
104,0,-64,1,64
104,0,-32,1,32
104,0,-16,1,16
104,0,-1,1,1
104,0,0,1,1
104,0,1,1,1
104,0,16,1,16
104,0,32,1,32
104,0,64,1,64
104,1,-64,1,65
104,1,-32,1,33
104,1,-16,1,17
104,1,-1,1,2
104,1,0,1,2
104,1,1,1,2
104,1,16,1,17
104,1,32,1,33
104,1,64,1,65
104,16,-64,1,66
104,16,-32,1,36
104,16,-16,1,23
104,16,-1,1,17
104,16,0,1,17
104,16,1,1,17
104,16,16,1,23
104,16,32,1,36
104,16,64,1,66
104,32,-64,1,72
104,32,-32,1,45
104,32,-16,1,37
104,32,-1,1,33
104,32,0,1,33
104,32,1,1,33
104,32,16,1,37
104,32,32,1,45
104,32,64,1,72
104,64,-64,1,89
104,64,-32,1,73
104,64,-16,1,67
104,64,-1,1,65
104,64,0,1,65
104,64,1,1,65
104,64,16,1,67
104,64,32,1,73
104,64,64,1,89
105,-64,-64,1,88
105,-64,-32,1,71
105,-64,-16,1,65
105,-64,-1,1,63
105,-64,0,1,63
105,-64,1,1,63
105,-64,16,1,65
105,-64,32,1,71
105,-64,64,1,88
105,-32,-64,1,72
105,-32,-32,1,44
105,-32,-16,1,35
105,-32,-1,1,31
105,-32,0,1,31
105,-32,1,1,31
105,-32,16,1,35
105,-32,32,1,44
105,-32,64,1,72
105,-16,-64,1,67
105,-16,-32,1,36
105,-16,-16,1,22
105,-16,-1,1,15
105,-16,0,1,15
105,-16,1,1,15
105,-16,16,1,22
105,-16,32,1,36
105,-16,64,1,67
105,-1,-64,1,64
105,-1,-32,1,32
105,-1,-16,1,16
105,-1,-1,1,1
105,-1,0,1,0
105,-1,1,1,1
105,-1,16,1,16
105,-1,32,1,32
105,-1,64,1,64
105,0,-64,1,64
105,0,-32,1,32
105,0,-16,1,16
105,0,-1,1,1
105,0,0,1,1
105,0,1,1,1
105,0,16,1,16
105,0,32,1,32
105,0,64,1,64
105,1,-64,1,65
105,1,-32,1,33
105,1,-16,1,17
105,1,-1,1,2
105,1,0,1,2
105,1,1,1,2
105,1,16,1,17
105,1,32,1,33
105,1,64,1,65
105,16,-64,1,66
105,16,-32,1,36
105,16,-16,1,23
105,16,-1,1,17
105,16,0,1,17
105,16,1,1,17
105,16,16,1,23
105,16,32,1,36
105,16,64,1,66
105,32,-64,1,72
105,32,-32,1,45
105,32,-16,1,37
105,32,-1,1,33
105,32,0,1,33
105,32,1,1,33
105,32,16,1,37
105,32,32,1,45
105,32,64,1,72
105,64,-64,1,89
105,64,-32,1,73
105,64,-16,1,67
105,64,-1,1,65
105,64,0,1,65
105,64,1,1,65
105,64,16,1,67
105,64,32,1,73
105,64,64,1,89
106,-64,-64,1,88
106,-64,-32,1,71
106,-64,-16,1,65
106,-64,-1,1,63
106,-64,0,1,63
106,-64,1,1,63
106,-64,16,1,65
106,-64,32,1,71
106,-64,64,1,88
106,-32,-64,1,72
106,-32,-32,1,44
106,-32,-16,1,35
106,-32,-1,1,31
106,-32,0,1,31
106,-32,1,1,31
106,-32,16,1,35
106,-32,32,1,44
106,-32,64,1,72
106,-16,-64,1,67
106,-16,-32,1,36
106,-16,-16,1,22
106,-16,-1,1,15
106,-16,0,1,15
106,-16,1,1,15
106,-16,16,1,22
106,-16,32,1,36
106,-16,64,1,67
106,-1,-64,1,64
106,-1,-32,1,32
106,-1,-16,1,16
106,-1,-1,1,1
106,-1,0,1,0
106,-1,1,1,1
106,-1,16,1,16
106,-1,32,1,32
106,-1,64,1,64
106,0,-64,1,64
106,0,-32,1,32
106,0,-16,1,16
106,0,-1,1,1
106,0,0,1,1
106,0,1,1,1
106,0,16,1,16
106,0,32,1,32
106,0,64,1,64
106,1,-64,1,65
106,1,-32,1,33
106,1,-16,1,17
106,1,-1,1,2
106,1,0,1,2
106,1,1,1,2
106,1,16,1,17
106,1,32,1,33
106,1,64,1,65
106,16,-64,1,66
106,16,-32,1,36
106,16,-16,1,23
106,16,-1,1,17
106,16,0,1,17
106,16,1,1,17
106,16,16,1,23
106,16,32,1,36
106,16,64,1,66
106,32,-64,1,72
106,32,-32,1,45
106,32,-16,1,37
106,32,-1,1,33
106,32,0,1,33
106,32,1,1,33
106,32,16,1,37
106,32,32,1,45
106,32,64,1,72
106,64,-64,1,89
106,64,-32,1,73
106,64,-16,1,67
106,64,-1,1,65
106,64,0,1,65
106,64,1,1,65
106,64,16,1,67
106,64,32,1,73
106,64,64,1,89
107,-64,-64,0,88
107,-64,-32,0,72
107,-64,-16,0,66
107,-64,-1,0,64
107,-64,0,0,64
107,-64,1,0,64
107,-64,16,0,66
107,-64,32,0,72
107,-64,64,0,88
107,-32,-64,0,72
107,-32,-32,0,44
107,-32,-16,0,36
107,-32,-1,0,32
107,-32,0,0,32
107,-32,1,0,32
107,-32,16,0,36
107,-32,32,0,44
107,-32,64,0,72
107,-16,-64,0,66
107,-16,-32,0,36
107,-16,-16,0,22
107,-16,-1,0,16
107,-16,0,0,16
107,-16,1,0,16
107,-16,16,0,22
107,-16,32,0,36
107,-16,64,0,66
107,-1,-64,0,64
107,-1,-32,0,32
107,-1,-16,0,16
107,-1,-1,0,1
107,-1,0,0,1
107,-1,1,0,1
107,-1,16,0,16
107,-1,32,0,32
107,-1,64,0,64
107,0,-64,0,64
107,0,-32,0,32
107,0,-16,0,16
107,0,-1,0,1
107,0,0,0,0
107,0,1,0,1
107,0,16,0,16
107,0,32,0,32
107,0,64,0,64
107,1,-64,0,64
107,1,-32,0,32
107,1,-16,0,16
107,1,-1,0,1
107,1,0,0,1
107,1,1,0,1
107,1,16,0,16
107,1,32,0,32
107,1,64,0,64
107,16,-64,0,66
107,16,-32,0,36
107,16,-16,0,22
107,16,-1,0,16
107,16,0,0,16
107,16,1,0,16
107,16,16,0,22
107,16,32,0,36
107,16,64,0,66
107,32,-64,0,72
107,32,-32,0,44
107,32,-16,0,36
107,32,-1,0,32
107,32,0,0,32
107,32,1,0,32
107,32,16,0,36
107,32,32,0,44
107,32,64,0,72
107,64,-64,0,88
107,64,-32,0,72
107,64,-16,0,66
107,64,-1,0,64
107,64,0,0,64
107,64,1,0,64
107,64,16,0,66
107,64,32,0,72
107,64,64,0,88
108,-64,-64,0,88
108,-64,-32,0,72
108,-64,-16,0,66
108,-64,-1,0,64
108,-64,0,0,64
108,-64,1,0,64
108,-64,16,0,66
108,-64,32,0,72
108,-64,64,0,88
108,-32,-64,0,72
108,-32,-32,0,44
108,-32,-16,0,36
108,-32,-1,0,32
108,-32,0,0,32
108,-32,1,0,32
108,-32,16,0,36
108,-32,32,0,44
108,-32,64,0,72
108,-16,-64,0,66
108,-16,-32,0,36
108,-16,-16,0,22
108,-16,-1,0,16
108,-16,0,0,16
108,-16,1,0,16
108,-16,16,0,22
108,-16,32,0,36
108,-16,64,0,66
108,-1,-64,0,64
108,-1,-32,0,32
108,-1,-16,0,16
108,-1,-1,0,1
108,-1,0,0,1
108,-1,1,0,1
108,-1,16,0,16
108,-1,32,0,32
108,-1,64,0,64
108,0,-64,0,64
108,0,-32,0,32
108,0,-16,0,16
108,0,-1,0,1
108,0,0,0,0
108,0,1,0,1
108,0,16,0,16
108,0,32,0,32
108,0,64,0,64
108,1,-64,0,64
108,1,-32,0,32
108,1,-16,0,16
108,1,-1,0,1
108,1,0,0,1
108,1,1,0,1
108,1,16,0,16
108,1,32,0,32
108,1,64,0,64
108,16,-64,0,66
108,16,-32,0,36
108,16,-16,0,22
108,16,-1,0,16
108,16,0,0,16
108,16,1,0,16
108,16,16,0,22
108,16,32,0,36
108,16,64,0,66
108,32,-64,0,72
108,32,-32,0,44
108,32,-16,0,36
108,32,-1,0,32
108,32,0,0,32
108,32,1,0,32
108,32,16,0,36
108,32,32,0,44
108,32,64,0,72
108,64,-64,0,88
108,64,-32,0,72
108,64,-16,0,66
108,64,-1,0,64
108,64,0,0,64
108,64,1,0,64
108,64,16,0,66
108,64,32,0,72
108,64,64,0,88
109,-64,-64,0,88
109,-64,-32,0,72
109,-64,-16,0,66
109,-64,-1,0,64
109,-64,0,0,64
109,-64,1,0,64
109,-64,16,0,66
109,-64,32,0,72
109,-64,64,0,88
109,-32,-64,0,72
109,-32,-32,0,44
109,-32,-16,0,36
109,-32,-1,0,32
109,-32,0,0,32
109,-32,1,0,32
109,-32,16,0,36
109,-32,32,0,44
109,-32,64,0,72
109,-16,-64,0,66
109,-16,-32,0,36
109,-16,-16,0,22
109,-16,-1,0,16
109,-16,0,0,16
109,-16,1,0,16
109,-16,16,0,22
109,-16,32,0,36
109,-16,64,0,66
109,-1,-64,0,64
109,-1,-32,0,32
109,-1,-16,0,16
109,-1,-1,0,1
109,-1,0,0,1
109,-1,1,0,1
109,-1,16,0,16
109,-1,32,0,32
109,-1,64,0,64
109,0,-64,0,64
109,0,-32,0,32
109,0,-16,0,16
109,0,-1,0,1
109,0,0,0,0
109,0,1,0,1
109,0,16,0,16
109,0,32,0,32
109,0,64,0,64
109,1,-64,0,64
109,1,-32,0,32
109,1,-16,0,16
109,1,-1,0,1
109,1,0,0,1
109,1,1,0,1
109,1,16,0,16
109,1,32,0,32
109,1,64,0,64
109,16,-64,0,66
109,16,-32,0,36
109,16,-16,0,22
109,16,-1,0,16
109,16,0,0,16
109,16,1,0,16
109,16,16,0,22
109,16,32,0,36
109,16,64,0,66
109,32,-64,0,72
109,32,-32,0,44
109,32,-16,0,36
109,32,-1,0,32
109,32,0,0,32
109,32,1,0,32
109,32,16,0,36
109,32,32,0,44
109,32,64,0,72
109,64,-64,0,88
109,64,-32,0,72
109,64,-16,0,66
109,64,-1,0,64
109,64,0,0,64
109,64,1,0,64
109,64,16,0,66
109,64,32,0,72
109,64,64,0,88
110,-64,-64,0,88
110,-64,-32,0,72
110,-64,-16,0,66
110,-64,-1,0,64
110,-64,0,0,64
110,-64,1,0,64
110,-64,16,0,66
110,-64,32,0,72
110,-64,64,0,88
110,-32,-64,0,72
110,-32,-32,0,44
110,-32,-16,0,36
110,-32,-1,0,32
110,-32,0,0,32
110,-32,1,0,32
110,-32,16,0,36
110,-32,32,0,44
110,-32,64,0,72
110,-16,-64,0,66
110,-16,-32,0,36
110,-16,-16,0,22
110,-16,-1,0,16
110,-16,0,0,16
110,-16,1,0,16
110,-16,16,0,22
110,-16,32,0,36
110,-16,64,0,66
110,-1,-64,0,64
110,-1,-32,0,32
110,-1,-16,0,16
110,-1,-1,0,1
110,-1,0,0,1
110,-1,1,0,1
110,-1,16,0,16
110,-1,32,0,32
110,-1,64,0,64
110,0,-64,0,64
110,0,-32,0,32
110,0,-16,0,16
110,0,-1,0,1
110,0,0,0,0
110,0,1,0,1
110,0,16,0,16
110,0,32,0,32
110,0,64,0,64
110,1,-64,0,64
110,1,-32,0,32
110,1,-16,0,16
110,1,-1,0,1
110,1,0,0,1
110,1,1,0,1
110,1,16,0,16
110,1,32,0,32
110,1,64,0,64
110,16,-64,0,66
110,16,-32,0,36
110,16,-16,0,22
110,16,-1,0,16
110,16,0,0,16
110,16,1,0,16
110,16,16,0,22
110,16,32,0,36
110,16,64,0,66
110,32,-64,0,72
110,32,-32,0,44
110,32,-16,0,36
110,32,-1,0,32
110,32,0,0,32
110,32,1,0,32
110,32,16,0,36
110,32,32,0,44
110,32,64,0,72
110,64,-64,0,88
110,64,-32,0,72
110,64,-16,0,66
110,64,-1,0,64
110,64,0,0,64
110,64,1,0,64
110,64,16,0,66
110,64,32,0,72
110,64,64,0,88
111,-64,-64,0,88
111,-64,-32,0,72
111,-64,-16,0,66
111,-64,-1,0,64
111,-64,0,0,64
111,-64,1,0,64
111,-64,16,0,66
111,-64,32,0,72
111,-64,64,0,88
111,-32,-64,0,72
111,-32,-32,0,44
111,-32,-16,0,36
111,-32,-1,0,32
111,-32,0,0,32
111,-32,1,0,32
111,-32,16,0,36
111,-32,32,0,44
111,-32,64,0,72
111,-16,-64,0,66
111,-16,-32,0,36
111,-16,-16,0,22
111,-16,-1,0,16
111,-16,0,0,16
111,-16,1,0,16
111,-16,16,0,22
111,-16,32,0,36
111,-16,64,0,66
111,-1,-64,0,64
111,-1,-32,0,32
111,-1,-16,0,16
111,-1,-1,0,1
111,-1,0,0,1
111,-1,1,0,1
111,-1,16,0,16
111,-1,32,0,32
111,-1,64,0,64
111,0,-64,0,64
111,0,-32,0,32
111,0,-16,0,16
111,0,-1,0,1
111,0,0,0,0
111,0,1,0,1
111,0,16,0,16
111,0,32,0,32
111,0,64,0,64
111,1,-64,0,64
111,1,-32,0,32
111,1,-16,0,16
111,1,-1,0,1
111,1,0,0,1
111,1,1,0,1
111,1,16,0,16
111,1,32,0,32
111,1,64,0,64
111,16,-64,0,66
111,16,-32,0,36
111,16,-16,0,22
111,16,-1,0,16
111,16,0,0,16
111,16,1,0,16
111,16,16,0,22
111,16,32,0,36
111,16,64,0,66
111,32,-64,0,72
111,32,-32,0,44
111,32,-16,0,36
111,32,-1,0,32
111,32,0,0,32
111,32,1,0,32
111,32,16,0,36
111,32,32,0,44
111,32,64,0,72
111,64,-64,0,88
111,64,-32,0,72
111,64,-16,0,66
111,64,-1,0,64
111,64,0,0,64
111,64,1,0,64
111,64,16,0,66
111,64,32,0,72
111,64,64,0,88
112,-64,-64,0,88
112,-64,-32,0,72
112,-64,-16,0,66
112,-64,-1,0,64
112,-64,0,0,64
112,-64,1,0,64
112,-64,16,0,66
112,-64,32,0,72
112,-64,64,0,88
112,-32,-64,0,72
112,-32,-32,0,44
112,-32,-16,0,36
112,-32,-1,0,32
112,-32,0,0,32
112,-32,1,0,32
112,-32,16,0,36
112,-32,32,0,44
112,-32,64,0,72
112,-16,-64,0,66
112,-16,-32,0,36
112,-16,-16,0,22
112,-16,-1,0,16
112,-16,0,0,16
112,-16,1,0,16
112,-16,16,0,22
112,-16,32,0,36
112,-16,64,0,66
112,-1,-64,0,64
112,-1,-32,0,32
112,-1,-16,0,16
112,-1,-1,0,1
112,-1,0,0,1
112,-1,1,0,1
112,-1,16,0,16
112,-1,32,0,32
112,-1,64,0,64
112,0,-64,0,64
112,0,-32,0,32
112,0,-16,0,16
112,0,-1,0,1
112,0,0,0,0
112,0,1,0,1
112,0,16,0,16
112,0,32,0,32
112,0,64,0,64
112,1,-64,0,64
112,1,-32,0,32
112,1,-16,0,16
112,1,-1,0,1
112,1,0,0,1
112,1,1,0,1
112,1,16,0,16
112,1,32,0,32
112,1,64,0,64
112,16,-64,0,66
112,16,-32,0,36
112,16,-16,0,22
112,16,-1,0,16
112,16,0,0,16
112,16,1,0,16
112,16,16,0,22
112,16,32,0,36
112,16,64,0,66
112,32,-64,0,72
112,32,-32,0,44
112,32,-16,0,36
112,32,-1,0,32
112,32,0,0,32
112,32,1,0,32
112,32,16,0,36
112,32,32,0,44
112,32,64,0,72
112,64,-64,0,88
112,64,-32,0,72
112,64,-16,0,66
112,64,-1,0,64
112,64,0,0,64
112,64,1,0,64
112,64,16,0,66
112,64,32,0,72
112,64,64,0,88
113,-64,-64,0,88
113,-64,-32,0,72
113,-64,-16,0,66
113,-64,-1,0,64
113,-64,0,0,64
113,-64,1,0,64
113,-64,16,0,66
113,-64,32,0,72
113,-64,64,0,88
113,-32,-64,0,72
113,-32,-32,0,44
113,-32,-16,0,36
113,-32,-1,0,32
113,-32,0,0,32
113,-32,1,0,32
113,-32,16,0,36
113,-32,32,0,44
113,-32,64,0,72
113,-16,-64,0,66
113,-16,-32,0,36
113,-16,-16,0,22
113,-16,-1,0,16
113,-16,0,0,16
113,-16,1,0,16
113,-16,16,0,22
113,-16,32,0,36
113,-16,64,0,66
113,-1,-64,0,64
113,-1,-32,0,32
113,-1,-16,0,16
113,-1,-1,0,1
113,-1,0,0,1
113,-1,1,0,1
113,-1,16,0,16
113,-1,32,0,32
113,-1,64,0,64
113,0,-64,0,64
113,0,-32,0,32
113,0,-16,0,16
113,0,-1,0,1
113,0,0,0,0
113,0,1,0,1
113,0,16,0,16
113,0,32,0,32
113,0,64,0,64
113,1,-64,0,64
113,1,-32,0,32
113,1,-16,0,16
113,1,-1,0,1
113,1,0,0,1
113,1,1,0,1
113,1,16,0,16
113,1,32,0,32
113,1,64,0,64
113,16,-64,0,66
113,16,-32,0,36
113,16,-16,0,22
113,16,-1,0,16
113,16,0,0,16
113,16,1,0,16
113,16,16,0,22
113,16,32,0,36
113,16,64,0,66
113,32,-64,0,72
113,32,-32,0,44
113,32,-16,0,36
113,32,-1,0,32
113,32,0,0,32
113,32,1,0,32
113,32,16,0,36
113,32,32,0,44
113,32,64,0,72
113,64,-64,0,88
113,64,-32,0,72
113,64,-16,0,66
113,64,-1,0,64
113,64,0,0,64
113,64,1,0,64
113,64,16,0,66
113,64,32,0,72
113,64,64,0,88
114,-64,-64,0,88
114,-64,-32,0,72
114,-64,-16,0,66
114,-64,-1,0,64
114,-64,0,0,64
114,-64,1,0,64
114,-64,16,0,66
114,-64,32,0,72
114,-64,64,0,88
114,-32,-64,0,72
114,-32,-32,0,44
114,-32,-16,0,36
114,-32,-1,0,32
114,-32,0,0,32
114,-32,1,0,32
114,-32,16,0,36
114,-32,32,0,44
114,-32,64,0,72
114,-16,-64,0,66
114,-16,-32,0,36
114,-16,-16,0,22
114,-16,-1,0,16
114,-16,0,0,16
114,-16,1,0,16
114,-16,16,0,22
114,-16,32,0,36
114,-16,64,0,66
114,-1,-64,0,64
114,-1,-32,0,32
114,-1,-16,0,16
114,-1,-1,0,1
114,-1,0,0,1
114,-1,1,0,1
114,-1,16,0,16
114,-1,32,0,32
114,-1,64,0,64
114,0,-64,0,64
114,0,-32,0,32
114,0,-16,0,16
114,0,-1,0,1
114,0,0,0,0
114,0,1,0,1
114,0,16,0,16
114,0,32,0,32
114,0,64,0,64
114,1,-64,0,64
114,1,-32,0,32
114,1,-16,0,16
114,1,-1,0,1
114,1,0,0,1
114,1,1,0,1
114,1,16,0,16
114,1,32,0,32
114,1,64,0,64
114,16,-64,0,66
114,16,-32,0,36
114,16,-16,0,22
114,16,-1,0,16
114,16,0,0,16
114,16,1,0,16
114,16,16,0,22
114,16,32,0,36
114,16,64,0,66
114,32,-64,0,72
114,32,-32,0,44
114,32,-16,0,36
114,32,-1,0,32
114,32,0,0,32
114,32,1,0,32
114,32,16,0,36
114,32,32,0,44
114,32,64,0,72
114,64,-64,0,88
114,64,-32,0,72
114,64,-16,0,66
114,64,-1,0,64
114,64,0,0,64
114,64,1,0,64
114,64,16,0,66
114,64,32,0,72
114,64,64,0,88
115,-64,-64,0,88
115,-64,-32,0,72
115,-64,-16,0,66
115,-64,-1,0,64
115,-64,0,0,64
115,-64,1,0,64
115,-64,16,0,66
115,-64,32,0,72
115,-64,64,0,88
115,-32,-64,0,72
115,-32,-32,0,44
115,-32,-16,0,36
115,-32,-1,0,32
115,-32,0,0,32
115,-32,1,0,32
115,-32,16,0,36
115,-32,32,0,44
115,-32,64,0,72
115,-16,-64,0,66
115,-16,-32,0,36
115,-16,-16,0,22
115,-16,-1,0,16
115,-16,0,0,16
115,-16,1,0,16
115,-16,16,0,22
115,-16,32,0,36
115,-16,64,0,66
115,-1,-64,0,64
115,-1,-32,0,32
115,-1,-16,0,16
115,-1,-1,0,1
115,-1,0,0,1
115,-1,1,0,1
115,-1,16,0,16
115,-1,32,0,32
115,-1,64,0,64
115,0,-64,0,64
115,0,-32,0,32
115,0,-16,0,16
115,0,-1,0,1
115,0,0,0,0
115,0,1,0,1
115,0,16,0,16
115,0,32,0,32
115,0,64,0,64
115,1,-64,0,64
115,1,-32,0,32
115,1,-16,0,16
115,1,-1,0,1
115,1,0,0,1
115,1,1,0,1
115,1,16,0,16
115,1,32,0,32
115,1,64,0,64
115,16,-64,0,66
115,16,-32,0,36
115,16,-16,0,22
115,16,-1,0,16
115,16,0,0,16
115,16,1,0,16
115,16,16,0,22
115,16,32,0,36
115,16,64,0,66
115,32,-64,0,72
115,32,-32,0,44
115,32,-16,0,36
115,32,-1,0,32
115,32,0,0,32
115,32,1,0,32
115,32,16,0,36
115,32,32,0,44
115,32,64,0,72
115,64,-64,0,88
115,64,-32,0,72
115,64,-16,0,66
115,64,-1,0,64
115,64,0,0,64
115,64,1,0,64
115,64,16,0,66
115,64,32,0,72
115,64,64,0,88
116,-64,-64,0,88
116,-64,-32,0,72
116,-64,-16,0,66
116,-64,-1,0,64
116,-64,0,0,64
116,-64,1,0,64
116,-64,16,0,66
116,-64,32,0,72
116,-64,64,0,88
116,-32,-64,0,72
116,-32,-32,0,44
116,-32,-16,0,36
116,-32,-1,0,32
116,-32,0,0,32
116,-32,1,0,32
116,-32,16,0,36
116,-32,32,0,44
116,-32,64,0,72
116,-16,-64,0,66
116,-16,-32,0,36
116,-16,-16,0,22
116,-16,-1,0,16
116,-16,0,0,16
116,-16,1,0,16
116,-16,16,0,22
116,-16,32,0,36
116,-16,64,0,66
116,-1,-64,0,64
116,-1,-32,0,32
116,-1,-16,0,16
116,-1,-1,0,1
116,-1,0,0,1
116,-1,1,0,1
116,-1,16,0,16
116,-1,32,0,32
116,-1,64,0,64
116,0,-64,0,64
116,0,-32,0,32
116,0,-16,0,16
116,0,-1,0,1
116,0,0,0,0
116,0,1,0,1
116,0,16,0,16
116,0,32,0,32
116,0,64,0,64
116,1,-64,0,64
116,1,-32,0,32
116,1,-16,0,16
116,1,-1,0,1
116,1,0,0,1
116,1,1,0,1
116,1,16,0,16
116,1,32,0,32
116,1,64,0,64
116,16,-64,0,66
116,16,-32,0,36
116,16,-16,0,22
116,16,-1,0,16
116,16,0,0,16
116,16,1,0,16
116,16,16,0,22
116,16,32,0,36
116,16,64,0,66
116,32,-64,0,72
116,32,-32,0,44
116,32,-16,0,36
116,32,-1,0,32
116,32,0,0,32
116,32,1,0,32
116,32,16,0,36
116,32,32,0,44
116,32,64,0,72
116,64,-64,0,88
116,64,-32,0,72
116,64,-16,0,66
116,64,-1,0,64
116,64,0,0,64
116,64,1,0,64
116,64,16,0,66
116,64,32,0,72
116,64,64,0,88
